[2024-10-25 00:52:26] local.ERROR: SQLSTATE[HY000] [1049] Unknown database 'kantin_dtedi' (Connection: mysql, SQL: select table_name as `name`, (data_length + index_length) as `size`, table_comment as `comment`, engine as `engine`, table_collation as `collation` from information_schema.tables where table_schema = 'kantin_dtedi' and table_type in ('BASE TABLE', 'SYSTEM VERSIONED') order by table_name) {"exception":"[object] (Illuminate\\Database\\QueryException(code: 1049): SQLSTATE[HY000] [1049] Unknown database 'kantin_dtedi' (Connection: mysql, SQL: select table_name as `name`, (data_length + index_length) as `size`, table_comment as `comment`, engine as `engine`, table_collation as `collation` from information_schema.tables where table_schema = 'kantin_dtedi' and table_type in ('BASE TABLE', 'SYSTEM VERSIONED') order by table_name) at C:\\laragon\\www\\kantin-DTEDI\\vendor\\laravel\\framework\\src\\Illuminate\\Database\\Connection.php:829)
[stacktrace]
#0 C:\\laragon\\www\\kantin-DTEDI\\vendor\\laravel\\framework\\src\\Illuminate\\Database\\Connection.php(783): Illuminate\\Database\\Connection->runQueryCallback('select table_na...', Array, Object(Closure))
#1 C:\\laragon\\www\\kantin-DTEDI\\vendor\\laravel\\framework\\src\\Illuminate\\Database\\Connection.php(431): Illuminate\\Database\\Connection->run('select table_na...', Array, Object(Closure))
#2 C:\\laragon\\www\\kantin-DTEDI\\vendor\\laravel\\framework\\src\\Illuminate\\Database\\Connection.php(401): Illuminate\\Database\\Connection->select('select table_na...', Array, false)
#3 C:\\laragon\\www\\kantin-DTEDI\\vendor\\laravel\\framework\\src\\Illuminate\\Database\\Schema\\MySqlBuilder.php(42): Illuminate\\Database\\Connection->selectFromWriteConnection('select table_na...')
#4 C:\\laragon\\www\\kantin-DTEDI\\vendor\\laravel\\framework\\src\\Illuminate\\Database\\Schema\\Builder.php(165): Illuminate\\Database\\Schema\\MySqlBuilder->getTables(false)
#5 C:\\laragon\\www\\kantin-DTEDI\\vendor\\laravel\\framework\\src\\Illuminate\\Database\\Migrations\\DatabaseMigrationRepository.php(184): Illuminate\\Database\\Schema\\Builder->hasTable('migrations')
#6 C:\\laragon\\www\\kantin-DTEDI\\vendor\\laravel\\framework\\src\\Illuminate\\Database\\Migrations\\Migrator.php(700): Illuminate\\Database\\Migrations\\DatabaseMigrationRepository->repositoryExists()
#7 C:\\laragon\\www\\kantin-DTEDI\\vendor\\laravel\\framework\\src\\Illuminate\\Database\\Console\\Migrations\\MigrateCommand.php(140): Illuminate\\Database\\Migrations\\Migrator->repositoryExists()
#8 C:\\laragon\\www\\kantin-DTEDI\\vendor\\laravel\\framework\\src\\Illuminate\\Support\\helpers.php(248): Illuminate\\Database\\Console\\Migrations\\MigrateCommand->Illuminate\\Database\\Console\\Migrations\\{closure}(1)
#9 C:\\laragon\\www\\kantin-DTEDI\\vendor\\laravel\\framework\\src\\Illuminate\\Database\\Console\\Migrations\\MigrateCommand.php(159): retry(1, Object(Closure), 0, Object(Closure))
#10 C:\\laragon\\www\\kantin-DTEDI\\vendor\\laravel\\framework\\src\\Illuminate\\Database\\Console\\Migrations\\MigrateCommand.php(116): Illuminate\\Database\\Console\\Migrations\\MigrateCommand->repositoryExists()
#11 C:\\laragon\\www\\kantin-DTEDI\\vendor\\laravel\\framework\\src\\Illuminate\\Database\\Console\\Migrations\\MigrateCommand.php(84): Illuminate\\Database\\Console\\Migrations\\MigrateCommand->prepareDatabase()
#12 C:\\laragon\\www\\kantin-DTEDI\\vendor\\laravel\\framework\\src\\Illuminate\\Database\\Migrations\\Migrator.php(633): Illuminate\\Database\\Console\\Migrations\\MigrateCommand->Illuminate\\Database\\Console\\Migrations\\{closure}()
#13 C:\\laragon\\www\\kantin-DTEDI\\vendor\\laravel\\framework\\src\\Illuminate\\Database\\Console\\Migrations\\MigrateCommand.php(104): Illuminate\\Database\\Migrations\\Migrator->usingConnection(NULL, Object(Closure))
#14 C:\\laragon\\www\\kantin-DTEDI\\vendor\\laravel\\framework\\src\\Illuminate\\Container\\BoundMethod.php(36): Illuminate\\Database\\Console\\Migrations\\MigrateCommand->handle()
#15 C:\\laragon\\www\\kantin-DTEDI\\vendor\\laravel\\framework\\src\\Illuminate\\Container\\Util.php(41): Illuminate\\Container\\BoundMethod::Illuminate\\Container\\{closure}()
#16 C:\\laragon\\www\\kantin-DTEDI\\vendor\\laravel\\framework\\src\\Illuminate\\Container\\BoundMethod.php(93): Illuminate\\Container\\Util::unwrapIfClosure(Object(Closure))
#17 C:\\laragon\\www\\kantin-DTEDI\\vendor\\laravel\\framework\\src\\Illuminate\\Container\\BoundMethod.php(37): Illuminate\\Container\\BoundMethod::callBoundMethod(Object(Illuminate\\Foundation\\Application), Array, Object(Closure))
#18 C:\\laragon\\www\\kantin-DTEDI\\vendor\\laravel\\framework\\src\\Illuminate\\Container\\Container.php(662): Illuminate\\Container\\BoundMethod::call(Object(Illuminate\\Foundation\\Application), Array, Array, NULL)
#19 C:\\laragon\\www\\kantin-DTEDI\\vendor\\laravel\\framework\\src\\Illuminate\\Console\\Command.php(211): Illuminate\\Container\\Container->call(Array)
#20 C:\\laragon\\www\\kantin-DTEDI\\vendor\\symfony\\console\\Command\\Command.php(326): Illuminate\\Console\\Command->execute(Object(Symfony\\Component\\Console\\Input\\ArgvInput), Object(Illuminate\\Console\\OutputStyle))
#21 C:\\laragon\\www\\kantin-DTEDI\\vendor\\laravel\\framework\\src\\Illuminate\\Console\\Command.php(181): Symfony\\Component\\Console\\Command\\Command->run(Object(Symfony\\Component\\Console\\Input\\ArgvInput), Object(Illuminate\\Console\\OutputStyle))
#22 C:\\laragon\\www\\kantin-DTEDI\\vendor\\symfony\\console\\Application.php(1096): Illuminate\\Console\\Command->run(Object(Symfony\\Component\\Console\\Input\\ArgvInput), Object(Symfony\\Component\\Console\\Output\\ConsoleOutput))
#23 C:\\laragon\\www\\kantin-DTEDI\\vendor\\symfony\\console\\Application.php(324): Symfony\\Component\\Console\\Application->doRunCommand(Object(Illuminate\\Database\\Console\\Migrations\\MigrateCommand), Object(Symfony\\Component\\Console\\Input\\ArgvInput), Object(Symfony\\Component\\Console\\Output\\ConsoleOutput))
#24 C:\\laragon\\www\\kantin-DTEDI\\vendor\\symfony\\console\\Application.php(175): Symfony\\Component\\Console\\Application->doRun(Object(Symfony\\Component\\Console\\Input\\ArgvInput), Object(Symfony\\Component\\Console\\Output\\ConsoleOutput))
#25 C:\\laragon\\www\\kantin-DTEDI\\vendor\\laravel\\framework\\src\\Illuminate\\Foundation\\Console\\Kernel.php(201): Symfony\\Component\\Console\\Application->run(Object(Symfony\\Component\\Console\\Input\\ArgvInput), Object(Symfony\\Component\\Console\\Output\\ConsoleOutput))
#26 C:\\laragon\\www\\kantin-DTEDI\\artisan(37): Illuminate\\Foundation\\Console\\Kernel->handle(Object(Symfony\\Component\\Console\\Input\\ArgvInput), Object(Symfony\\Component\\Console\\Output\\ConsoleOutput))
#27 {main}

[previous exception] [object] (PDOException(code: 1049): SQLSTATE[HY000] [1049] Unknown database 'kantin_dtedi' at C:\\laragon\\www\\kantin-DTEDI\\vendor\\laravel\\framework\\src\\Illuminate\\Database\\Connectors\\Connector.php:65)
[stacktrace]
#0 C:\\laragon\\www\\kantin-DTEDI\\vendor\\laravel\\framework\\src\\Illuminate\\Database\\Connectors\\Connector.php(65): PDO->__construct('mysql:host=127....', 'root', '', Array)
#1 C:\\laragon\\www\\kantin-DTEDI\\vendor\\laravel\\framework\\src\\Illuminate\\Database\\Connectors\\Connector.php(45): Illuminate\\Database\\Connectors\\Connector->createPdoConnection('mysql:host=127....', 'root', '', Array)
#2 C:\\laragon\\www\\kantin-DTEDI\\vendor\\laravel\\framework\\src\\Illuminate\\Database\\Connectors\\MySqlConnector.php(24): Illuminate\\Database\\Connectors\\Connector->createConnection('mysql:host=127....', Array, Array)
#3 C:\\laragon\\www\\kantin-DTEDI\\vendor\\laravel\\framework\\src\\Illuminate\\Database\\Connectors\\ConnectionFactory.php(184): Illuminate\\Database\\Connectors\\MySqlConnector->connect(Array)
#4 [internal function]: Illuminate\\Database\\Connectors\\ConnectionFactory->Illuminate\\Database\\Connectors\\{closure}()
#5 C:\\laragon\\www\\kantin-DTEDI\\vendor\\laravel\\framework\\src\\Illuminate\\Database\\Connection.php(1339): call_user_func(Object(Closure))
#6 C:\\laragon\\www\\kantin-DTEDI\\vendor\\laravel\\framework\\src\\Illuminate\\Database\\Connection.php(528): Illuminate\\Database\\Connection->getPdo()
#7 C:\\laragon\\www\\kantin-DTEDI\\vendor\\laravel\\framework\\src\\Illuminate\\Database\\Connection.php(423): Illuminate\\Database\\Connection->getPdoForSelect(false)
#8 C:\\laragon\\www\\kantin-DTEDI\\vendor\\laravel\\framework\\src\\Illuminate\\Database\\Connection.php(816): Illuminate\\Database\\Connection->Illuminate\\Database\\{closure}('select table_na...', Array)
#9 C:\\laragon\\www\\kantin-DTEDI\\vendor\\laravel\\framework\\src\\Illuminate\\Database\\Connection.php(783): Illuminate\\Database\\Connection->runQueryCallback('select table_na...', Array, Object(Closure))
#10 C:\\laragon\\www\\kantin-DTEDI\\vendor\\laravel\\framework\\src\\Illuminate\\Database\\Connection.php(431): Illuminate\\Database\\Connection->run('select table_na...', Array, Object(Closure))
#11 C:\\laragon\\www\\kantin-DTEDI\\vendor\\laravel\\framework\\src\\Illuminate\\Database\\Connection.php(401): Illuminate\\Database\\Connection->select('select table_na...', Array, false)
#12 C:\\laragon\\www\\kantin-DTEDI\\vendor\\laravel\\framework\\src\\Illuminate\\Database\\Schema\\MySqlBuilder.php(42): Illuminate\\Database\\Connection->selectFromWriteConnection('select table_na...')
#13 C:\\laragon\\www\\kantin-DTEDI\\vendor\\laravel\\framework\\src\\Illuminate\\Database\\Schema\\Builder.php(165): Illuminate\\Database\\Schema\\MySqlBuilder->getTables(false)
#14 C:\\laragon\\www\\kantin-DTEDI\\vendor\\laravel\\framework\\src\\Illuminate\\Database\\Migrations\\DatabaseMigrationRepository.php(184): Illuminate\\Database\\Schema\\Builder->hasTable('migrations')
#15 C:\\laragon\\www\\kantin-DTEDI\\vendor\\laravel\\framework\\src\\Illuminate\\Database\\Migrations\\Migrator.php(700): Illuminate\\Database\\Migrations\\DatabaseMigrationRepository->repositoryExists()
#16 C:\\laragon\\www\\kantin-DTEDI\\vendor\\laravel\\framework\\src\\Illuminate\\Database\\Console\\Migrations\\MigrateCommand.php(140): Illuminate\\Database\\Migrations\\Migrator->repositoryExists()
#17 C:\\laragon\\www\\kantin-DTEDI\\vendor\\laravel\\framework\\src\\Illuminate\\Support\\helpers.php(248): Illuminate\\Database\\Console\\Migrations\\MigrateCommand->Illuminate\\Database\\Console\\Migrations\\{closure}(1)
#18 C:\\laragon\\www\\kantin-DTEDI\\vendor\\laravel\\framework\\src\\Illuminate\\Database\\Console\\Migrations\\MigrateCommand.php(159): retry(1, Object(Closure), 0, Object(Closure))
#19 C:\\laragon\\www\\kantin-DTEDI\\vendor\\laravel\\framework\\src\\Illuminate\\Database\\Console\\Migrations\\MigrateCommand.php(116): Illuminate\\Database\\Console\\Migrations\\MigrateCommand->repositoryExists()
#20 C:\\laragon\\www\\kantin-DTEDI\\vendor\\laravel\\framework\\src\\Illuminate\\Database\\Console\\Migrations\\MigrateCommand.php(84): Illuminate\\Database\\Console\\Migrations\\MigrateCommand->prepareDatabase()
#21 C:\\laragon\\www\\kantin-DTEDI\\vendor\\laravel\\framework\\src\\Illuminate\\Database\\Migrations\\Migrator.php(633): Illuminate\\Database\\Console\\Migrations\\MigrateCommand->Illuminate\\Database\\Console\\Migrations\\{closure}()
#22 C:\\laragon\\www\\kantin-DTEDI\\vendor\\laravel\\framework\\src\\Illuminate\\Database\\Console\\Migrations\\MigrateCommand.php(104): Illuminate\\Database\\Migrations\\Migrator->usingConnection(NULL, Object(Closure))
#23 C:\\laragon\\www\\kantin-DTEDI\\vendor\\laravel\\framework\\src\\Illuminate\\Container\\BoundMethod.php(36): Illuminate\\Database\\Console\\Migrations\\MigrateCommand->handle()
#24 C:\\laragon\\www\\kantin-DTEDI\\vendor\\laravel\\framework\\src\\Illuminate\\Container\\Util.php(41): Illuminate\\Container\\BoundMethod::Illuminate\\Container\\{closure}()
#25 C:\\laragon\\www\\kantin-DTEDI\\vendor\\laravel\\framework\\src\\Illuminate\\Container\\BoundMethod.php(93): Illuminate\\Container\\Util::unwrapIfClosure(Object(Closure))
#26 C:\\laragon\\www\\kantin-DTEDI\\vendor\\laravel\\framework\\src\\Illuminate\\Container\\BoundMethod.php(37): Illuminate\\Container\\BoundMethod::callBoundMethod(Object(Illuminate\\Foundation\\Application), Array, Object(Closure))
#27 C:\\laragon\\www\\kantin-DTEDI\\vendor\\laravel\\framework\\src\\Illuminate\\Container\\Container.php(662): Illuminate\\Container\\BoundMethod::call(Object(Illuminate\\Foundation\\Application), Array, Array, NULL)
#28 C:\\laragon\\www\\kantin-DTEDI\\vendor\\laravel\\framework\\src\\Illuminate\\Console\\Command.php(211): Illuminate\\Container\\Container->call(Array)
#29 C:\\laragon\\www\\kantin-DTEDI\\vendor\\symfony\\console\\Command\\Command.php(326): Illuminate\\Console\\Command->execute(Object(Symfony\\Component\\Console\\Input\\ArgvInput), Object(Illuminate\\Console\\OutputStyle))
#30 C:\\laragon\\www\\kantin-DTEDI\\vendor\\laravel\\framework\\src\\Illuminate\\Console\\Command.php(181): Symfony\\Component\\Console\\Command\\Command->run(Object(Symfony\\Component\\Console\\Input\\ArgvInput), Object(Illuminate\\Console\\OutputStyle))
#31 C:\\laragon\\www\\kantin-DTEDI\\vendor\\symfony\\console\\Application.php(1096): Illuminate\\Console\\Command->run(Object(Symfony\\Component\\Console\\Input\\ArgvInput), Object(Symfony\\Component\\Console\\Output\\ConsoleOutput))
#32 C:\\laragon\\www\\kantin-DTEDI\\vendor\\symfony\\console\\Application.php(324): Symfony\\Component\\Console\\Application->doRunCommand(Object(Illuminate\\Database\\Console\\Migrations\\MigrateCommand), Object(Symfony\\Component\\Console\\Input\\ArgvInput), Object(Symfony\\Component\\Console\\Output\\ConsoleOutput))
#33 C:\\laragon\\www\\kantin-DTEDI\\vendor\\symfony\\console\\Application.php(175): Symfony\\Component\\Console\\Application->doRun(Object(Symfony\\Component\\Console\\Input\\ArgvInput), Object(Symfony\\Component\\Console\\Output\\ConsoleOutput))
#34 C:\\laragon\\www\\kantin-DTEDI\\vendor\\laravel\\framework\\src\\Illuminate\\Foundation\\Console\\Kernel.php(201): Symfony\\Component\\Console\\Application->run(Object(Symfony\\Component\\Console\\Input\\ArgvInput), Object(Symfony\\Component\\Console\\Output\\ConsoleOutput))
#35 C:\\laragon\\www\\kantin-DTEDI\\artisan(37): Illuminate\\Foundation\\Console\\Kernel->handle(Object(Symfony\\Component\\Console\\Input\\ArgvInput), Object(Symfony\\Component\\Console\\Output\\ConsoleOutput))
#36 {main}
"} 
[2024-10-25 01:08:38] local.ERROR: Command "make:enum" is not defined.

Did you mean one of these?
    make:cast
    make:channel
    make:command
    make:component
    make:controller
    make:event
    make:exception
    make:factory
    make:job
    make:listener
    make:mail
    make:middleware
    make:migration
    make:model
    make:notification
    make:observer
    make:policy
    make:provider
    make:request
    make:resource
    make:rule
    make:scope
    make:seeder
    make:test
    make:view {"exception":"[object] (Symfony\\Component\\Console\\Exception\\CommandNotFoundException(code: 0): Command \"make:enum\" is not defined.

Did you mean one of these?
    make:cast
    make:channel
    make:command
    make:component
    make:controller
    make:event
    make:exception
    make:factory
    make:job
    make:listener
    make:mail
    make:middleware
    make:migration
    make:model
    make:notification
    make:observer
    make:policy
    make:provider
    make:request
    make:resource
    make:rule
    make:scope
    make:seeder
    make:test
    make:view at C:\\laragon\\www\\kantin-DTEDI\\vendor\\symfony\\console\\Application.php:737)
[stacktrace]
#0 C:\\laragon\\www\\kantin-DTEDI\\vendor\\symfony\\console\\Application.php(266): Symfony\\Component\\Console\\Application->find('make:enum')
#1 C:\\laragon\\www\\kantin-DTEDI\\vendor\\symfony\\console\\Application.php(175): Symfony\\Component\\Console\\Application->doRun(Object(Symfony\\Component\\Console\\Input\\ArgvInput), Object(Symfony\\Component\\Console\\Output\\ConsoleOutput))
#2 C:\\laragon\\www\\kantin-DTEDI\\vendor\\laravel\\framework\\src\\Illuminate\\Foundation\\Console\\Kernel.php(201): Symfony\\Component\\Console\\Application->run(Object(Symfony\\Component\\Console\\Input\\ArgvInput), Object(Symfony\\Component\\Console\\Output\\ConsoleOutput))
#3 C:\\laragon\\www\\kantin-DTEDI\\artisan(37): Illuminate\\Foundation\\Console\\Kernel->handle(Object(Symfony\\Component\\Console\\Input\\ArgvInput), Object(Symfony\\Component\\Console\\Output\\ConsoleOutput))
#4 {main}
"} 
[2024-11-01 01:53:06] local.ERROR: Command "make:migrate" is not defined.

Did you mean one of these?
    make:cast
    make:channel
    make:command
    make:component
    make:controller
    make:event
    make:exception
    make:factory
    make:job
    make:listener
    make:mail
    make:middleware
    make:migration
    make:model
    make:notification
    make:observer
    make:policy
    make:provider
    make:request
    make:resource
    make:rule
    make:scope
    make:seeder
    make:test
    make:view {"exception":"[object] (Symfony\\Component\\Console\\Exception\\CommandNotFoundException(code: 0): Command \"make:migrate\" is not defined.

Did you mean one of these?
    make:cast
    make:channel
    make:command
    make:component
    make:controller
    make:event
    make:exception
    make:factory
    make:job
    make:listener
    make:mail
    make:middleware
    make:migration
    make:model
    make:notification
    make:observer
    make:policy
    make:provider
    make:request
    make:resource
    make:rule
    make:scope
    make:seeder
    make:test
    make:view at C:\\laragon\\www\\kantin-DTEDI\\vendor\\symfony\\console\\Application.php:737)
[stacktrace]
#0 C:\\laragon\\www\\kantin-DTEDI\\vendor\\symfony\\console\\Application.php(266): Symfony\\Component\\Console\\Application->find('make:migrate')
#1 C:\\laragon\\www\\kantin-DTEDI\\vendor\\symfony\\console\\Application.php(175): Symfony\\Component\\Console\\Application->doRun(Object(Symfony\\Component\\Console\\Input\\ArgvInput), Object(Symfony\\Component\\Console\\Output\\ConsoleOutput))
#2 C:\\laragon\\www\\kantin-DTEDI\\vendor\\laravel\\framework\\src\\Illuminate\\Foundation\\Console\\Kernel.php(201): Symfony\\Component\\Console\\Application->run(Object(Symfony\\Component\\Console\\Input\\ArgvInput), Object(Symfony\\Component\\Console\\Output\\ConsoleOutput))
#3 C:\\laragon\\www\\kantin-DTEDI\\artisan(37): Illuminate\\Foundation\\Console\\Kernel->handle(Object(Symfony\\Component\\Console\\Input\\ArgvInput), Object(Symfony\\Component\\Console\\Output\\ConsoleOutput))
#4 {main}
"} 
[2024-11-01 01:53:41] local.ERROR: Command "make:migrattion" is not defined.

Did you mean one of these?
    make:cast
    make:channel
    make:command
    make:component
    make:controller
    make:event
    make:exception
    make:factory
    make:job
    make:listener
    make:mail
    make:middleware
    make:migration
    make:model
    make:notification
    make:observer
    make:policy
    make:provider
    make:request
    make:resource
    make:rule
    make:scope
    make:seeder
    make:test
    make:view {"exception":"[object] (Symfony\\Component\\Console\\Exception\\CommandNotFoundException(code: 0): Command \"make:migrattion\" is not defined.

Did you mean one of these?
    make:cast
    make:channel
    make:command
    make:component
    make:controller
    make:event
    make:exception
    make:factory
    make:job
    make:listener
    make:mail
    make:middleware
    make:migration
    make:model
    make:notification
    make:observer
    make:policy
    make:provider
    make:request
    make:resource
    make:rule
    make:scope
    make:seeder
    make:test
    make:view at C:\\laragon\\www\\kantin-DTEDI\\vendor\\symfony\\console\\Application.php:737)
[stacktrace]
#0 C:\\laragon\\www\\kantin-DTEDI\\vendor\\symfony\\console\\Application.php(266): Symfony\\Component\\Console\\Application->find('make:migrattion')
#1 C:\\laragon\\www\\kantin-DTEDI\\vendor\\symfony\\console\\Application.php(175): Symfony\\Component\\Console\\Application->doRun(Object(Symfony\\Component\\Console\\Input\\ArgvInput), Object(Symfony\\Component\\Console\\Output\\ConsoleOutput))
#2 C:\\laragon\\www\\kantin-DTEDI\\vendor\\laravel\\framework\\src\\Illuminate\\Foundation\\Console\\Kernel.php(201): Symfony\\Component\\Console\\Application->run(Object(Symfony\\Component\\Console\\Input\\ArgvInput), Object(Symfony\\Component\\Console\\Output\\ConsoleOutput))
#3 C:\\laragon\\www\\kantin-DTEDI\\artisan(37): Illuminate\\Foundation\\Console\\Kernel->handle(Object(Symfony\\Component\\Console\\Input\\ArgvInput), Object(Symfony\\Component\\Console\\Output\\ConsoleOutput))
#4 {main}
"} 
[2024-11-01 01:57:00] local.ERROR: There are no commands defined in the "migrate:" namespace.

Did you mean this?
    migrate {"exception":"[object] (Symfony\\Component\\Console\\Exception\\NamespaceNotFoundException(code: 0): There are no commands defined in the \"migrate:\" namespace.

Did you mean this?
    migrate at C:\\laragon\\www\\kantin-DTEDI\\vendor\\symfony\\console\\Application.php:669)
[stacktrace]
#0 C:\\laragon\\www\\kantin-DTEDI\\vendor\\symfony\\console\\Application.php(720): Symfony\\Component\\Console\\Application->findNamespace('migrate:')
#1 C:\\laragon\\www\\kantin-DTEDI\\vendor\\symfony\\console\\Application.php(266): Symfony\\Component\\Console\\Application->find('migrate::rollba...')
#2 C:\\laragon\\www\\kantin-DTEDI\\vendor\\symfony\\console\\Application.php(175): Symfony\\Component\\Console\\Application->doRun(Object(Symfony\\Component\\Console\\Input\\ArgvInput), Object(Symfony\\Component\\Console\\Output\\ConsoleOutput))
#3 C:\\laragon\\www\\kantin-DTEDI\\vendor\\laravel\\framework\\src\\Illuminate\\Foundation\\Console\\Kernel.php(201): Symfony\\Component\\Console\\Application->run(Object(Symfony\\Component\\Console\\Input\\ArgvInput), Object(Symfony\\Component\\Console\\Output\\ConsoleOutput))
#4 C:\\laragon\\www\\kantin-DTEDI\\artisan(37): Illuminate\\Foundation\\Console\\Kernel->handle(Object(Symfony\\Component\\Console\\Input\\ArgvInput), Object(Symfony\\Component\\Console\\Output\\ConsoleOutput))
#5 {main}
"} 
[2024-11-01 08:36:44] local.ERROR: SQLSTATE[HY000] [2002] No connection could be made because the target machine actively refused it (Connection: mysql, SQL: select table_name as `name`, (data_length + index_length) as `size`, table_comment as `comment`, engine as `engine`, table_collation as `collation` from information_schema.tables where table_schema = 'kantin_dtedi' and table_type in ('BASE TABLE', 'SYSTEM VERSIONED') order by table_name) {"exception":"[object] (Illuminate\\Database\\QueryException(code: 2002): SQLSTATE[HY000] [2002] No connection could be made because the target machine actively refused it (Connection: mysql, SQL: select table_name as `name`, (data_length + index_length) as `size`, table_comment as `comment`, engine as `engine`, table_collation as `collation` from information_schema.tables where table_schema = 'kantin_dtedi' and table_type in ('BASE TABLE', 'SYSTEM VERSIONED') order by table_name) at C:\\laragon\\www\\kantin-DTEDI\\vendor\\laravel\\framework\\src\\Illuminate\\Database\\Connection.php:829)
[stacktrace]
#0 C:\\laragon\\www\\kantin-DTEDI\\vendor\\laravel\\framework\\src\\Illuminate\\Database\\Connection.php(983): Illuminate\\Database\\Connection->runQueryCallback('select table_na...', Array, Object(Closure))
#1 C:\\laragon\\www\\kantin-DTEDI\\vendor\\laravel\\framework\\src\\Illuminate\\Database\\Connection.php(963): Illuminate\\Database\\Connection->tryAgainIfCausedByLostConnection(Object(Illuminate\\Database\\QueryException), 'select table_na...', Array, Object(Closure))
#2 C:\\laragon\\www\\kantin-DTEDI\\vendor\\laravel\\framework\\src\\Illuminate\\Database\\Connection.php(786): Illuminate\\Database\\Connection->handleQueryException(Object(Illuminate\\Database\\QueryException), 'select table_na...', Array, Object(Closure))
#3 C:\\laragon\\www\\kantin-DTEDI\\vendor\\laravel\\framework\\src\\Illuminate\\Database\\Connection.php(431): Illuminate\\Database\\Connection->run('select table_na...', Array, Object(Closure))
#4 C:\\laragon\\www\\kantin-DTEDI\\vendor\\laravel\\framework\\src\\Illuminate\\Database\\Connection.php(401): Illuminate\\Database\\Connection->select('select table_na...', Array, false)
#5 C:\\laragon\\www\\kantin-DTEDI\\vendor\\laravel\\framework\\src\\Illuminate\\Database\\Schema\\MySqlBuilder.php(42): Illuminate\\Database\\Connection->selectFromWriteConnection('select table_na...')
#6 C:\\laragon\\www\\kantin-DTEDI\\vendor\\laravel\\framework\\src\\Illuminate\\Database\\Schema\\Builder.php(165): Illuminate\\Database\\Schema\\MySqlBuilder->getTables(false)
#7 C:\\laragon\\www\\kantin-DTEDI\\vendor\\laravel\\framework\\src\\Illuminate\\Database\\Migrations\\DatabaseMigrationRepository.php(184): Illuminate\\Database\\Schema\\Builder->hasTable('migrations')
#8 C:\\laragon\\www\\kantin-DTEDI\\vendor\\laravel\\framework\\src\\Illuminate\\Database\\Migrations\\Migrator.php(700): Illuminate\\Database\\Migrations\\DatabaseMigrationRepository->repositoryExists()
#9 C:\\laragon\\www\\kantin-DTEDI\\vendor\\laravel\\framework\\src\\Illuminate\\Database\\Console\\Migrations\\ResetCommand.php(62): Illuminate\\Database\\Migrations\\Migrator->repositoryExists()
#10 C:\\laragon\\www\\kantin-DTEDI\\vendor\\laravel\\framework\\src\\Illuminate\\Database\\Migrations\\Migrator.php(633): Illuminate\\Database\\Console\\Migrations\\ResetCommand->Illuminate\\Database\\Console\\Migrations\\{closure}()
#11 C:\\laragon\\www\\kantin-DTEDI\\vendor\\laravel\\framework\\src\\Illuminate\\Database\\Console\\Migrations\\ResetCommand.php(69): Illuminate\\Database\\Migrations\\Migrator->usingConnection(NULL, Object(Closure))
#12 C:\\laragon\\www\\kantin-DTEDI\\vendor\\laravel\\framework\\src\\Illuminate\\Container\\BoundMethod.php(36): Illuminate\\Database\\Console\\Migrations\\ResetCommand->handle()
#13 C:\\laragon\\www\\kantin-DTEDI\\vendor\\laravel\\framework\\src\\Illuminate\\Container\\Util.php(41): Illuminate\\Container\\BoundMethod::Illuminate\\Container\\{closure}()
#14 C:\\laragon\\www\\kantin-DTEDI\\vendor\\laravel\\framework\\src\\Illuminate\\Container\\BoundMethod.php(93): Illuminate\\Container\\Util::unwrapIfClosure(Object(Closure))
#15 C:\\laragon\\www\\kantin-DTEDI\\vendor\\laravel\\framework\\src\\Illuminate\\Container\\BoundMethod.php(37): Illuminate\\Container\\BoundMethod::callBoundMethod(Object(Illuminate\\Foundation\\Application), Array, Object(Closure))
#16 C:\\laragon\\www\\kantin-DTEDI\\vendor\\laravel\\framework\\src\\Illuminate\\Container\\Container.php(662): Illuminate\\Container\\BoundMethod::call(Object(Illuminate\\Foundation\\Application), Array, Array, NULL)
#17 C:\\laragon\\www\\kantin-DTEDI\\vendor\\laravel\\framework\\src\\Illuminate\\Console\\Command.php(211): Illuminate\\Container\\Container->call(Array)
#18 C:\\laragon\\www\\kantin-DTEDI\\vendor\\symfony\\console\\Command\\Command.php(326): Illuminate\\Console\\Command->execute(Object(Symfony\\Component\\Console\\Input\\ArgvInput), Object(Illuminate\\Console\\OutputStyle))
#19 C:\\laragon\\www\\kantin-DTEDI\\vendor\\laravel\\framework\\src\\Illuminate\\Console\\Command.php(181): Symfony\\Component\\Console\\Command\\Command->run(Object(Symfony\\Component\\Console\\Input\\ArgvInput), Object(Illuminate\\Console\\OutputStyle))
#20 C:\\laragon\\www\\kantin-DTEDI\\vendor\\symfony\\console\\Application.php(1096): Illuminate\\Console\\Command->run(Object(Symfony\\Component\\Console\\Input\\ArgvInput), Object(Symfony\\Component\\Console\\Output\\ConsoleOutput))
#21 C:\\laragon\\www\\kantin-DTEDI\\vendor\\symfony\\console\\Application.php(324): Symfony\\Component\\Console\\Application->doRunCommand(Object(Illuminate\\Database\\Console\\Migrations\\ResetCommand), Object(Symfony\\Component\\Console\\Input\\ArgvInput), Object(Symfony\\Component\\Console\\Output\\ConsoleOutput))
#22 C:\\laragon\\www\\kantin-DTEDI\\vendor\\symfony\\console\\Application.php(175): Symfony\\Component\\Console\\Application->doRun(Object(Symfony\\Component\\Console\\Input\\ArgvInput), Object(Symfony\\Component\\Console\\Output\\ConsoleOutput))
#23 C:\\laragon\\www\\kantin-DTEDI\\vendor\\laravel\\framework\\src\\Illuminate\\Foundation\\Console\\Kernel.php(201): Symfony\\Component\\Console\\Application->run(Object(Symfony\\Component\\Console\\Input\\ArgvInput), Object(Symfony\\Component\\Console\\Output\\ConsoleOutput))
#24 C:\\laragon\\www\\kantin-DTEDI\\artisan(37): Illuminate\\Foundation\\Console\\Kernel->handle(Object(Symfony\\Component\\Console\\Input\\ArgvInput), Object(Symfony\\Component\\Console\\Output\\ConsoleOutput))
#25 {main}

[previous exception] [object] (PDOException(code: 2002): SQLSTATE[HY000] [2002] No connection could be made because the target machine actively refused it at C:\\laragon\\www\\kantin-DTEDI\\vendor\\laravel\\framework\\src\\Illuminate\\Database\\Connectors\\Connector.php:65)
[stacktrace]
#0 C:\\laragon\\www\\kantin-DTEDI\\vendor\\laravel\\framework\\src\\Illuminate\\Database\\Connectors\\Connector.php(65): PDO->__construct('mysql:host=127....', 'root', '', Array)
#1 C:\\laragon\\www\\kantin-DTEDI\\vendor\\laravel\\framework\\src\\Illuminate\\Database\\Connectors\\Connector.php(83): Illuminate\\Database\\Connectors\\Connector->createPdoConnection('mysql:host=127....', 'root', '', Array)
#2 C:\\laragon\\www\\kantin-DTEDI\\vendor\\laravel\\framework\\src\\Illuminate\\Database\\Connectors\\Connector.php(49): Illuminate\\Database\\Connectors\\Connector->tryAgainIfCausedByLostConnection(Object(PDOException), 'mysql:host=127....', 'root', '', Array)
#3 C:\\laragon\\www\\kantin-DTEDI\\vendor\\laravel\\framework\\src\\Illuminate\\Database\\Connectors\\MySqlConnector.php(24): Illuminate\\Database\\Connectors\\Connector->createConnection('mysql:host=127....', Array, Array)
#4 C:\\laragon\\www\\kantin-DTEDI\\vendor\\laravel\\framework\\src\\Illuminate\\Database\\Connectors\\ConnectionFactory.php(184): Illuminate\\Database\\Connectors\\MySqlConnector->connect(Array)
#5 [internal function]: Illuminate\\Database\\Connectors\\ConnectionFactory->Illuminate\\Database\\Connectors\\{closure}()
#6 C:\\laragon\\www\\kantin-DTEDI\\vendor\\laravel\\framework\\src\\Illuminate\\Database\\Connection.php(1339): call_user_func(Object(Closure))
#7 C:\\laragon\\www\\kantin-DTEDI\\vendor\\laravel\\framework\\src\\Illuminate\\Database\\Connection.php(528): Illuminate\\Database\\Connection->getPdo()
#8 C:\\laragon\\www\\kantin-DTEDI\\vendor\\laravel\\framework\\src\\Illuminate\\Database\\Connection.php(423): Illuminate\\Database\\Connection->getPdoForSelect(false)
#9 C:\\laragon\\www\\kantin-DTEDI\\vendor\\laravel\\framework\\src\\Illuminate\\Database\\Connection.php(816): Illuminate\\Database\\Connection->Illuminate\\Database\\{closure}('select table_na...', Array)
#10 C:\\laragon\\www\\kantin-DTEDI\\vendor\\laravel\\framework\\src\\Illuminate\\Database\\Connection.php(983): Illuminate\\Database\\Connection->runQueryCallback('select table_na...', Array, Object(Closure))
#11 C:\\laragon\\www\\kantin-DTEDI\\vendor\\laravel\\framework\\src\\Illuminate\\Database\\Connection.php(963): Illuminate\\Database\\Connection->tryAgainIfCausedByLostConnection(Object(Illuminate\\Database\\QueryException), 'select table_na...', Array, Object(Closure))
#12 C:\\laragon\\www\\kantin-DTEDI\\vendor\\laravel\\framework\\src\\Illuminate\\Database\\Connection.php(786): Illuminate\\Database\\Connection->handleQueryException(Object(Illuminate\\Database\\QueryException), 'select table_na...', Array, Object(Closure))
#13 C:\\laragon\\www\\kantin-DTEDI\\vendor\\laravel\\framework\\src\\Illuminate\\Database\\Connection.php(431): Illuminate\\Database\\Connection->run('select table_na...', Array, Object(Closure))
#14 C:\\laragon\\www\\kantin-DTEDI\\vendor\\laravel\\framework\\src\\Illuminate\\Database\\Connection.php(401): Illuminate\\Database\\Connection->select('select table_na...', Array, false)
#15 C:\\laragon\\www\\kantin-DTEDI\\vendor\\laravel\\framework\\src\\Illuminate\\Database\\Schema\\MySqlBuilder.php(42): Illuminate\\Database\\Connection->selectFromWriteConnection('select table_na...')
#16 C:\\laragon\\www\\kantin-DTEDI\\vendor\\laravel\\framework\\src\\Illuminate\\Database\\Schema\\Builder.php(165): Illuminate\\Database\\Schema\\MySqlBuilder->getTables(false)
#17 C:\\laragon\\www\\kantin-DTEDI\\vendor\\laravel\\framework\\src\\Illuminate\\Database\\Migrations\\DatabaseMigrationRepository.php(184): Illuminate\\Database\\Schema\\Builder->hasTable('migrations')
#18 C:\\laragon\\www\\kantin-DTEDI\\vendor\\laravel\\framework\\src\\Illuminate\\Database\\Migrations\\Migrator.php(700): Illuminate\\Database\\Migrations\\DatabaseMigrationRepository->repositoryExists()
#19 C:\\laragon\\www\\kantin-DTEDI\\vendor\\laravel\\framework\\src\\Illuminate\\Database\\Console\\Migrations\\ResetCommand.php(62): Illuminate\\Database\\Migrations\\Migrator->repositoryExists()
#20 C:\\laragon\\www\\kantin-DTEDI\\vendor\\laravel\\framework\\src\\Illuminate\\Database\\Migrations\\Migrator.php(633): Illuminate\\Database\\Console\\Migrations\\ResetCommand->Illuminate\\Database\\Console\\Migrations\\{closure}()
#21 C:\\laragon\\www\\kantin-DTEDI\\vendor\\laravel\\framework\\src\\Illuminate\\Database\\Console\\Migrations\\ResetCommand.php(69): Illuminate\\Database\\Migrations\\Migrator->usingConnection(NULL, Object(Closure))
#22 C:\\laragon\\www\\kantin-DTEDI\\vendor\\laravel\\framework\\src\\Illuminate\\Container\\BoundMethod.php(36): Illuminate\\Database\\Console\\Migrations\\ResetCommand->handle()
#23 C:\\laragon\\www\\kantin-DTEDI\\vendor\\laravel\\framework\\src\\Illuminate\\Container\\Util.php(41): Illuminate\\Container\\BoundMethod::Illuminate\\Container\\{closure}()
#24 C:\\laragon\\www\\kantin-DTEDI\\vendor\\laravel\\framework\\src\\Illuminate\\Container\\BoundMethod.php(93): Illuminate\\Container\\Util::unwrapIfClosure(Object(Closure))
#25 C:\\laragon\\www\\kantin-DTEDI\\vendor\\laravel\\framework\\src\\Illuminate\\Container\\BoundMethod.php(37): Illuminate\\Container\\BoundMethod::callBoundMethod(Object(Illuminate\\Foundation\\Application), Array, Object(Closure))
#26 C:\\laragon\\www\\kantin-DTEDI\\vendor\\laravel\\framework\\src\\Illuminate\\Container\\Container.php(662): Illuminate\\Container\\BoundMethod::call(Object(Illuminate\\Foundation\\Application), Array, Array, NULL)
#27 C:\\laragon\\www\\kantin-DTEDI\\vendor\\laravel\\framework\\src\\Illuminate\\Console\\Command.php(211): Illuminate\\Container\\Container->call(Array)
#28 C:\\laragon\\www\\kantin-DTEDI\\vendor\\symfony\\console\\Command\\Command.php(326): Illuminate\\Console\\Command->execute(Object(Symfony\\Component\\Console\\Input\\ArgvInput), Object(Illuminate\\Console\\OutputStyle))
#29 C:\\laragon\\www\\kantin-DTEDI\\vendor\\laravel\\framework\\src\\Illuminate\\Console\\Command.php(181): Symfony\\Component\\Console\\Command\\Command->run(Object(Symfony\\Component\\Console\\Input\\ArgvInput), Object(Illuminate\\Console\\OutputStyle))
#30 C:\\laragon\\www\\kantin-DTEDI\\vendor\\symfony\\console\\Application.php(1096): Illuminate\\Console\\Command->run(Object(Symfony\\Component\\Console\\Input\\ArgvInput), Object(Symfony\\Component\\Console\\Output\\ConsoleOutput))
#31 C:\\laragon\\www\\kantin-DTEDI\\vendor\\symfony\\console\\Application.php(324): Symfony\\Component\\Console\\Application->doRunCommand(Object(Illuminate\\Database\\Console\\Migrations\\ResetCommand), Object(Symfony\\Component\\Console\\Input\\ArgvInput), Object(Symfony\\Component\\Console\\Output\\ConsoleOutput))
#32 C:\\laragon\\www\\kantin-DTEDI\\vendor\\symfony\\console\\Application.php(175): Symfony\\Component\\Console\\Application->doRun(Object(Symfony\\Component\\Console\\Input\\ArgvInput), Object(Symfony\\Component\\Console\\Output\\ConsoleOutput))
#33 C:\\laragon\\www\\kantin-DTEDI\\vendor\\laravel\\framework\\src\\Illuminate\\Foundation\\Console\\Kernel.php(201): Symfony\\Component\\Console\\Application->run(Object(Symfony\\Component\\Console\\Input\\ArgvInput), Object(Symfony\\Component\\Console\\Output\\ConsoleOutput))
#34 C:\\laragon\\www\\kantin-DTEDI\\artisan(37): Illuminate\\Foundation\\Console\\Kernel->handle(Object(Symfony\\Component\\Console\\Input\\ArgvInput), Object(Symfony\\Component\\Console\\Output\\ConsoleOutput))
#35 {main}
"} 
[2024-11-01 09:41:28] local.ERROR: Command "make:mogration" is not defined.

Did you mean one of these?
    make:cast
    make:channel
    make:command
    make:component
    make:controller
    make:event
    make:exception
    make:factory
    make:job
    make:listener
    make:mail
    make:middleware
    make:migration
    make:model
    make:notification
    make:observer
    make:policy
    make:provider
    make:request
    make:resource
    make:rule
    make:scope
    make:seeder
    make:test
    make:view {"exception":"[object] (Symfony\\Component\\Console\\Exception\\CommandNotFoundException(code: 0): Command \"make:mogration\" is not defined.

Did you mean one of these?
    make:cast
    make:channel
    make:command
    make:component
    make:controller
    make:event
    make:exception
    make:factory
    make:job
    make:listener
    make:mail
    make:middleware
    make:migration
    make:model
    make:notification
    make:observer
    make:policy
    make:provider
    make:request
    make:resource
    make:rule
    make:scope
    make:seeder
    make:test
    make:view at C:\\laragon\\www\\kantin-DTEDI\\vendor\\symfony\\console\\Application.php:737)
[stacktrace]
#0 C:\\laragon\\www\\kantin-DTEDI\\vendor\\symfony\\console\\Application.php(266): Symfony\\Component\\Console\\Application->find('make:mogration')
#1 C:\\laragon\\www\\kantin-DTEDI\\vendor\\symfony\\console\\Application.php(175): Symfony\\Component\\Console\\Application->doRun(Object(Symfony\\Component\\Console\\Input\\ArgvInput), Object(Symfony\\Component\\Console\\Output\\ConsoleOutput))
#2 C:\\laragon\\www\\kantin-DTEDI\\vendor\\laravel\\framework\\src\\Illuminate\\Foundation\\Console\\Kernel.php(201): Symfony\\Component\\Console\\Application->run(Object(Symfony\\Component\\Console\\Input\\ArgvInput), Object(Symfony\\Component\\Console\\Output\\ConsoleOutput))
#3 C:\\laragon\\www\\kantin-DTEDI\\artisan(37): Illuminate\\Foundation\\Console\\Kernel->handle(Object(Symfony\\Component\\Console\\Input\\ArgvInput), Object(Symfony\\Component\\Console\\Output\\ConsoleOutput))
#4 {main}
"} 
[2024-11-01 09:58:48] local.ERROR: Too few arguments to function Illuminate\Database\Schema\Blueprint::integer(), 0 passed in C:\laragon\www\kantin-DTEDI\database\migrations\2024_10_24_235309_admin.php on line 24 and at least 1 expected {"exception":"[object] (ArgumentCountError(code: 0): Too few arguments to function Illuminate\\Database\\Schema\\Blueprint::integer(), 0 passed in C:\\laragon\\www\\kantin-DTEDI\\database\\migrations\\2024_10_24_235309_admin.php on line 24 and at least 1 expected at C:\\laragon\\www\\kantin-DTEDI\\vendor\\laravel\\framework\\src\\Illuminate\\Database\\Schema\\Blueprint.php:844)
[stacktrace]
#0 C:\\laragon\\www\\kantin-DTEDI\\database\\migrations\\2024_10_24_235309_admin.php(24): Illuminate\\Database\\Schema\\Blueprint->integer()
#1 C:\\laragon\\www\\kantin-DTEDI\\vendor\\laravel\\framework\\src\\Illuminate\\Database\\Schema\\Builder.php(459): Illuminate\\Database\\Migrations\\Migration@anonymous->{closure}(Object(Illuminate\\Database\\Schema\\Blueprint))
#2 C:\\laragon\\www\\kantin-DTEDI\\vendor\\laravel\\framework\\src\\Illuminate\\Support\\helpers.php(307): Illuminate\\Database\\Schema\\Builder->Illuminate\\Database\\Schema\\{closure}(Object(Illuminate\\Database\\Schema\\Blueprint))
#3 C:\\laragon\\www\\kantin-DTEDI\\vendor\\laravel\\framework\\src\\Illuminate\\Database\\Schema\\Builder.php(460): tap(Object(Illuminate\\Database\\Schema\\Blueprint), Object(Closure))
#4 C:\\laragon\\www\\kantin-DTEDI\\vendor\\laravel\\framework\\src\\Illuminate\\Support\\Facades\\Facade.php(355): Illuminate\\Database\\Schema\\Builder->create('reciepts', Object(Closure))
#5 C:\\laragon\\www\\kantin-DTEDI\\database\\migrations\\2024_10_24_235309_admin.php(26): Illuminate\\Support\\Facades\\Facade::__callStatic('create', Array)
#6 C:\\laragon\\www\\kantin-DTEDI\\vendor\\laravel\\framework\\src\\Illuminate\\Database\\Migrations\\Migrator.php(493): Illuminate\\Database\\Migrations\\Migration@anonymous->up()
#7 C:\\laragon\\www\\kantin-DTEDI\\vendor\\laravel\\framework\\src\\Illuminate\\Database\\Migrations\\Migrator.php(410): Illuminate\\Database\\Migrations\\Migrator->runMethod(Object(Illuminate\\Database\\MySqlConnection), Object(Illuminate\\Database\\Migrations\\Migration@anonymous), 'up')
#8 C:\\laragon\\www\\kantin-DTEDI\\vendor\\laravel\\framework\\src\\Illuminate\\Database\\Migrations\\Migrator.php(419): Illuminate\\Database\\Migrations\\Migrator->Illuminate\\Database\\Migrations\\{closure}()
#9 C:\\laragon\\www\\kantin-DTEDI\\vendor\\laravel\\framework\\src\\Illuminate\\Database\\Migrations\\Migrator.php(216): Illuminate\\Database\\Migrations\\Migrator->runMigration(Object(Illuminate\\Database\\Migrations\\Migration@anonymous), 'up')
#10 C:\\laragon\\www\\kantin-DTEDI\\vendor\\laravel\\framework\\src\\Illuminate\\Console\\View\\Components\\Task.php(37): Illuminate\\Database\\Migrations\\Migrator->Illuminate\\Database\\Migrations\\{closure}()
#11 C:\\laragon\\www\\kantin-DTEDI\\vendor\\laravel\\framework\\src\\Illuminate\\Database\\Migrations\\Migrator.php(756): Illuminate\\Console\\View\\Components\\Task->render('2024_10_24_2353...', Object(Closure))
#12 C:\\laragon\\www\\kantin-DTEDI\\vendor\\laravel\\framework\\src\\Illuminate\\Database\\Migrations\\Migrator.php(216): Illuminate\\Database\\Migrations\\Migrator->write('Illuminate\\\\Cons...', '2024_10_24_2353...', Object(Closure))
#13 C:\\laragon\\www\\kantin-DTEDI\\vendor\\laravel\\framework\\src\\Illuminate\\Database\\Migrations\\Migrator.php(181): Illuminate\\Database\\Migrations\\Migrator->runUp('C:\\\\laragon\\\\www\\\\...', 1, false)
#14 C:\\laragon\\www\\kantin-DTEDI\\vendor\\laravel\\framework\\src\\Illuminate\\Database\\Migrations\\Migrator.php(124): Illuminate\\Database\\Migrations\\Migrator->runPending(Array, Array)
#15 C:\\laragon\\www\\kantin-DTEDI\\vendor\\laravel\\framework\\src\\Illuminate\\Database\\Console\\Migrations\\MigrateCommand.php(92): Illuminate\\Database\\Migrations\\Migrator->run(Array, Array)
#16 C:\\laragon\\www\\kantin-DTEDI\\vendor\\laravel\\framework\\src\\Illuminate\\Database\\Migrations\\Migrator.php(633): Illuminate\\Database\\Console\\Migrations\\MigrateCommand->Illuminate\\Database\\Console\\Migrations\\{closure}()
#17 C:\\laragon\\www\\kantin-DTEDI\\vendor\\laravel\\framework\\src\\Illuminate\\Database\\Console\\Migrations\\MigrateCommand.php(104): Illuminate\\Database\\Migrations\\Migrator->usingConnection(NULL, Object(Closure))
#18 C:\\laragon\\www\\kantin-DTEDI\\vendor\\laravel\\framework\\src\\Illuminate\\Container\\BoundMethod.php(36): Illuminate\\Database\\Console\\Migrations\\MigrateCommand->handle()
#19 C:\\laragon\\www\\kantin-DTEDI\\vendor\\laravel\\framework\\src\\Illuminate\\Container\\Util.php(41): Illuminate\\Container\\BoundMethod::Illuminate\\Container\\{closure}()
#20 C:\\laragon\\www\\kantin-DTEDI\\vendor\\laravel\\framework\\src\\Illuminate\\Container\\BoundMethod.php(93): Illuminate\\Container\\Util::unwrapIfClosure(Object(Closure))
#21 C:\\laragon\\www\\kantin-DTEDI\\vendor\\laravel\\framework\\src\\Illuminate\\Container\\BoundMethod.php(37): Illuminate\\Container\\BoundMethod::callBoundMethod(Object(Illuminate\\Foundation\\Application), Array, Object(Closure))
#22 C:\\laragon\\www\\kantin-DTEDI\\vendor\\laravel\\framework\\src\\Illuminate\\Container\\Container.php(662): Illuminate\\Container\\BoundMethod::call(Object(Illuminate\\Foundation\\Application), Array, Array, NULL)
#23 C:\\laragon\\www\\kantin-DTEDI\\vendor\\laravel\\framework\\src\\Illuminate\\Console\\Command.php(211): Illuminate\\Container\\Container->call(Array)
#24 C:\\laragon\\www\\kantin-DTEDI\\vendor\\symfony\\console\\Command\\Command.php(326): Illuminate\\Console\\Command->execute(Object(Symfony\\Component\\Console\\Input\\ArgvInput), Object(Illuminate\\Console\\OutputStyle))
#25 C:\\laragon\\www\\kantin-DTEDI\\vendor\\laravel\\framework\\src\\Illuminate\\Console\\Command.php(181): Symfony\\Component\\Console\\Command\\Command->run(Object(Symfony\\Component\\Console\\Input\\ArgvInput), Object(Illuminate\\Console\\OutputStyle))
#26 C:\\laragon\\www\\kantin-DTEDI\\vendor\\symfony\\console\\Application.php(1096): Illuminate\\Console\\Command->run(Object(Symfony\\Component\\Console\\Input\\ArgvInput), Object(Symfony\\Component\\Console\\Output\\ConsoleOutput))
#27 C:\\laragon\\www\\kantin-DTEDI\\vendor\\symfony\\console\\Application.php(324): Symfony\\Component\\Console\\Application->doRunCommand(Object(Illuminate\\Database\\Console\\Migrations\\MigrateCommand), Object(Symfony\\Component\\Console\\Input\\ArgvInput), Object(Symfony\\Component\\Console\\Output\\ConsoleOutput))
#28 C:\\laragon\\www\\kantin-DTEDI\\vendor\\symfony\\console\\Application.php(175): Symfony\\Component\\Console\\Application->doRun(Object(Symfony\\Component\\Console\\Input\\ArgvInput), Object(Symfony\\Component\\Console\\Output\\ConsoleOutput))
#29 C:\\laragon\\www\\kantin-DTEDI\\vendor\\laravel\\framework\\src\\Illuminate\\Foundation\\Console\\Kernel.php(201): Symfony\\Component\\Console\\Application->run(Object(Symfony\\Component\\Console\\Input\\ArgvInput), Object(Symfony\\Component\\Console\\Output\\ConsoleOutput))
#30 C:\\laragon\\www\\kantin-DTEDI\\artisan(37): Illuminate\\Foundation\\Console\\Kernel->handle(Object(Symfony\\Component\\Console\\Input\\ArgvInput), Object(Symfony\\Component\\Console\\Output\\ConsoleOutput))
#31 {main}
"} 
[2024-11-01 09:59:32] local.ERROR: SQLSTATE[42S01]: Base table or view already exists: 1050 Table 'admin' already exists (Connection: mysql, SQL: create table `admin` (`name` varchar(255) not null) default character set utf8mb4 collate 'utf8mb4_unicode_ci') {"exception":"[object] (Illuminate\\Database\\QueryException(code: 42S01): SQLSTATE[42S01]: Base table or view already exists: 1050 Table 'admin' already exists (Connection: mysql, SQL: create table `admin` (`name` varchar(255) not null) default character set utf8mb4 collate 'utf8mb4_unicode_ci') at C:\\laragon\\www\\kantin-DTEDI\\vendor\\laravel\\framework\\src\\Illuminate\\Database\\Connection.php:829)
[stacktrace]
#0 C:\\laragon\\www\\kantin-DTEDI\\vendor\\laravel\\framework\\src\\Illuminate\\Database\\Connection.php(783): Illuminate\\Database\\Connection->runQueryCallback('create table `a...', Array, Object(Closure))
#1 C:\\laragon\\www\\kantin-DTEDI\\vendor\\laravel\\framework\\src\\Illuminate\\Database\\Connection.php(588): Illuminate\\Database\\Connection->run('create table `a...', Array, Object(Closure))
#2 C:\\laragon\\www\\kantin-DTEDI\\vendor\\laravel\\framework\\src\\Illuminate\\Database\\Schema\\Blueprint.php(110): Illuminate\\Database\\Connection->statement('create table `a...')
#3 C:\\laragon\\www\\kantin-DTEDI\\vendor\\laravel\\framework\\src\\Illuminate\\Database\\Schema\\Builder.php(602): Illuminate\\Database\\Schema\\Blueprint->build(Object(Illuminate\\Database\\MySqlConnection), Object(Illuminate\\Database\\Schema\\Grammars\\MySqlGrammar))
#4 C:\\laragon\\www\\kantin-DTEDI\\vendor\\laravel\\framework\\src\\Illuminate\\Database\\Schema\\Builder.php(460): Illuminate\\Database\\Schema\\Builder->build(Object(Illuminate\\Database\\Schema\\Blueprint))
#5 C:\\laragon\\www\\kantin-DTEDI\\vendor\\laravel\\framework\\src\\Illuminate\\Support\\Facades\\Facade.php(355): Illuminate\\Database\\Schema\\Builder->create('admin', Object(Closure))
#6 C:\\laragon\\www\\kantin-DTEDI\\database\\migrations\\2024_10_24_235309_admin.php(18): Illuminate\\Support\\Facades\\Facade::__callStatic('create', Array)
#7 C:\\laragon\\www\\kantin-DTEDI\\vendor\\laravel\\framework\\src\\Illuminate\\Database\\Migrations\\Migrator.php(493): Illuminate\\Database\\Migrations\\Migration@anonymous->up()
#8 C:\\laragon\\www\\kantin-DTEDI\\vendor\\laravel\\framework\\src\\Illuminate\\Database\\Migrations\\Migrator.php(410): Illuminate\\Database\\Migrations\\Migrator->runMethod(Object(Illuminate\\Database\\MySqlConnection), Object(Illuminate\\Database\\Migrations\\Migration@anonymous), 'up')
#9 C:\\laragon\\www\\kantin-DTEDI\\vendor\\laravel\\framework\\src\\Illuminate\\Database\\Migrations\\Migrator.php(419): Illuminate\\Database\\Migrations\\Migrator->Illuminate\\Database\\Migrations\\{closure}()
#10 C:\\laragon\\www\\kantin-DTEDI\\vendor\\laravel\\framework\\src\\Illuminate\\Database\\Migrations\\Migrator.php(216): Illuminate\\Database\\Migrations\\Migrator->runMigration(Object(Illuminate\\Database\\Migrations\\Migration@anonymous), 'up')
#11 C:\\laragon\\www\\kantin-DTEDI\\vendor\\laravel\\framework\\src\\Illuminate\\Console\\View\\Components\\Task.php(37): Illuminate\\Database\\Migrations\\Migrator->Illuminate\\Database\\Migrations\\{closure}()
#12 C:\\laragon\\www\\kantin-DTEDI\\vendor\\laravel\\framework\\src\\Illuminate\\Database\\Migrations\\Migrator.php(756): Illuminate\\Console\\View\\Components\\Task->render('2024_10_24_2353...', Object(Closure))
#13 C:\\laragon\\www\\kantin-DTEDI\\vendor\\laravel\\framework\\src\\Illuminate\\Database\\Migrations\\Migrator.php(216): Illuminate\\Database\\Migrations\\Migrator->write('Illuminate\\\\Cons...', '2024_10_24_2353...', Object(Closure))
#14 C:\\laragon\\www\\kantin-DTEDI\\vendor\\laravel\\framework\\src\\Illuminate\\Database\\Migrations\\Migrator.php(181): Illuminate\\Database\\Migrations\\Migrator->runUp('C:\\\\laragon\\\\www\\\\...', 2, false)
#15 C:\\laragon\\www\\kantin-DTEDI\\vendor\\laravel\\framework\\src\\Illuminate\\Database\\Migrations\\Migrator.php(124): Illuminate\\Database\\Migrations\\Migrator->runPending(Array, Array)
#16 C:\\laragon\\www\\kantin-DTEDI\\vendor\\laravel\\framework\\src\\Illuminate\\Database\\Console\\Migrations\\MigrateCommand.php(92): Illuminate\\Database\\Migrations\\Migrator->run(Array, Array)
#17 C:\\laragon\\www\\kantin-DTEDI\\vendor\\laravel\\framework\\src\\Illuminate\\Database\\Migrations\\Migrator.php(633): Illuminate\\Database\\Console\\Migrations\\MigrateCommand->Illuminate\\Database\\Console\\Migrations\\{closure}()
#18 C:\\laragon\\www\\kantin-DTEDI\\vendor\\laravel\\framework\\src\\Illuminate\\Database\\Console\\Migrations\\MigrateCommand.php(104): Illuminate\\Database\\Migrations\\Migrator->usingConnection(NULL, Object(Closure))
#19 C:\\laragon\\www\\kantin-DTEDI\\vendor\\laravel\\framework\\src\\Illuminate\\Container\\BoundMethod.php(36): Illuminate\\Database\\Console\\Migrations\\MigrateCommand->handle()
#20 C:\\laragon\\www\\kantin-DTEDI\\vendor\\laravel\\framework\\src\\Illuminate\\Container\\Util.php(41): Illuminate\\Container\\BoundMethod::Illuminate\\Container\\{closure}()
#21 C:\\laragon\\www\\kantin-DTEDI\\vendor\\laravel\\framework\\src\\Illuminate\\Container\\BoundMethod.php(93): Illuminate\\Container\\Util::unwrapIfClosure(Object(Closure))
#22 C:\\laragon\\www\\kantin-DTEDI\\vendor\\laravel\\framework\\src\\Illuminate\\Container\\BoundMethod.php(37): Illuminate\\Container\\BoundMethod::callBoundMethod(Object(Illuminate\\Foundation\\Application), Array, Object(Closure))
#23 C:\\laragon\\www\\kantin-DTEDI\\vendor\\laravel\\framework\\src\\Illuminate\\Container\\Container.php(662): Illuminate\\Container\\BoundMethod::call(Object(Illuminate\\Foundation\\Application), Array, Array, NULL)
#24 C:\\laragon\\www\\kantin-DTEDI\\vendor\\laravel\\framework\\src\\Illuminate\\Console\\Command.php(211): Illuminate\\Container\\Container->call(Array)
#25 C:\\laragon\\www\\kantin-DTEDI\\vendor\\symfony\\console\\Command\\Command.php(326): Illuminate\\Console\\Command->execute(Object(Symfony\\Component\\Console\\Input\\ArgvInput), Object(Illuminate\\Console\\OutputStyle))
#26 C:\\laragon\\www\\kantin-DTEDI\\vendor\\laravel\\framework\\src\\Illuminate\\Console\\Command.php(181): Symfony\\Component\\Console\\Command\\Command->run(Object(Symfony\\Component\\Console\\Input\\ArgvInput), Object(Illuminate\\Console\\OutputStyle))
#27 C:\\laragon\\www\\kantin-DTEDI\\vendor\\symfony\\console\\Application.php(1096): Illuminate\\Console\\Command->run(Object(Symfony\\Component\\Console\\Input\\ArgvInput), Object(Symfony\\Component\\Console\\Output\\ConsoleOutput))
#28 C:\\laragon\\www\\kantin-DTEDI\\vendor\\symfony\\console\\Application.php(324): Symfony\\Component\\Console\\Application->doRunCommand(Object(Illuminate\\Database\\Console\\Migrations\\MigrateCommand), Object(Symfony\\Component\\Console\\Input\\ArgvInput), Object(Symfony\\Component\\Console\\Output\\ConsoleOutput))
#29 C:\\laragon\\www\\kantin-DTEDI\\vendor\\symfony\\console\\Application.php(175): Symfony\\Component\\Console\\Application->doRun(Object(Symfony\\Component\\Console\\Input\\ArgvInput), Object(Symfony\\Component\\Console\\Output\\ConsoleOutput))
#30 C:\\laragon\\www\\kantin-DTEDI\\vendor\\laravel\\framework\\src\\Illuminate\\Foundation\\Console\\Kernel.php(201): Symfony\\Component\\Console\\Application->run(Object(Symfony\\Component\\Console\\Input\\ArgvInput), Object(Symfony\\Component\\Console\\Output\\ConsoleOutput))
#31 C:\\laragon\\www\\kantin-DTEDI\\artisan(37): Illuminate\\Foundation\\Console\\Kernel->handle(Object(Symfony\\Component\\Console\\Input\\ArgvInput), Object(Symfony\\Component\\Console\\Output\\ConsoleOutput))
#32 {main}

[previous exception] [object] (PDOException(code: 42S01): SQLSTATE[42S01]: Base table or view already exists: 1050 Table 'admin' already exists at C:\\laragon\\www\\kantin-DTEDI\\vendor\\laravel\\framework\\src\\Illuminate\\Database\\Connection.php:587)
[stacktrace]
#0 C:\\laragon\\www\\kantin-DTEDI\\vendor\\laravel\\framework\\src\\Illuminate\\Database\\Connection.php(587): PDOStatement->execute()
#1 C:\\laragon\\www\\kantin-DTEDI\\vendor\\laravel\\framework\\src\\Illuminate\\Database\\Connection.php(816): Illuminate\\Database\\Connection->Illuminate\\Database\\{closure}('create table `a...', Array)
#2 C:\\laragon\\www\\kantin-DTEDI\\vendor\\laravel\\framework\\src\\Illuminate\\Database\\Connection.php(783): Illuminate\\Database\\Connection->runQueryCallback('create table `a...', Array, Object(Closure))
#3 C:\\laragon\\www\\kantin-DTEDI\\vendor\\laravel\\framework\\src\\Illuminate\\Database\\Connection.php(588): Illuminate\\Database\\Connection->run('create table `a...', Array, Object(Closure))
#4 C:\\laragon\\www\\kantin-DTEDI\\vendor\\laravel\\framework\\src\\Illuminate\\Database\\Schema\\Blueprint.php(110): Illuminate\\Database\\Connection->statement('create table `a...')
#5 C:\\laragon\\www\\kantin-DTEDI\\vendor\\laravel\\framework\\src\\Illuminate\\Database\\Schema\\Builder.php(602): Illuminate\\Database\\Schema\\Blueprint->build(Object(Illuminate\\Database\\MySqlConnection), Object(Illuminate\\Database\\Schema\\Grammars\\MySqlGrammar))
#6 C:\\laragon\\www\\kantin-DTEDI\\vendor\\laravel\\framework\\src\\Illuminate\\Database\\Schema\\Builder.php(460): Illuminate\\Database\\Schema\\Builder->build(Object(Illuminate\\Database\\Schema\\Blueprint))
#7 C:\\laragon\\www\\kantin-DTEDI\\vendor\\laravel\\framework\\src\\Illuminate\\Support\\Facades\\Facade.php(355): Illuminate\\Database\\Schema\\Builder->create('admin', Object(Closure))
#8 C:\\laragon\\www\\kantin-DTEDI\\database\\migrations\\2024_10_24_235309_admin.php(18): Illuminate\\Support\\Facades\\Facade::__callStatic('create', Array)
#9 C:\\laragon\\www\\kantin-DTEDI\\vendor\\laravel\\framework\\src\\Illuminate\\Database\\Migrations\\Migrator.php(493): Illuminate\\Database\\Migrations\\Migration@anonymous->up()
#10 C:\\laragon\\www\\kantin-DTEDI\\vendor\\laravel\\framework\\src\\Illuminate\\Database\\Migrations\\Migrator.php(410): Illuminate\\Database\\Migrations\\Migrator->runMethod(Object(Illuminate\\Database\\MySqlConnection), Object(Illuminate\\Database\\Migrations\\Migration@anonymous), 'up')
#11 C:\\laragon\\www\\kantin-DTEDI\\vendor\\laravel\\framework\\src\\Illuminate\\Database\\Migrations\\Migrator.php(419): Illuminate\\Database\\Migrations\\Migrator->Illuminate\\Database\\Migrations\\{closure}()
#12 C:\\laragon\\www\\kantin-DTEDI\\vendor\\laravel\\framework\\src\\Illuminate\\Database\\Migrations\\Migrator.php(216): Illuminate\\Database\\Migrations\\Migrator->runMigration(Object(Illuminate\\Database\\Migrations\\Migration@anonymous), 'up')
#13 C:\\laragon\\www\\kantin-DTEDI\\vendor\\laravel\\framework\\src\\Illuminate\\Console\\View\\Components\\Task.php(37): Illuminate\\Database\\Migrations\\Migrator->Illuminate\\Database\\Migrations\\{closure}()
#14 C:\\laragon\\www\\kantin-DTEDI\\vendor\\laravel\\framework\\src\\Illuminate\\Database\\Migrations\\Migrator.php(756): Illuminate\\Console\\View\\Components\\Task->render('2024_10_24_2353...', Object(Closure))
#15 C:\\laragon\\www\\kantin-DTEDI\\vendor\\laravel\\framework\\src\\Illuminate\\Database\\Migrations\\Migrator.php(216): Illuminate\\Database\\Migrations\\Migrator->write('Illuminate\\\\Cons...', '2024_10_24_2353...', Object(Closure))
#16 C:\\laragon\\www\\kantin-DTEDI\\vendor\\laravel\\framework\\src\\Illuminate\\Database\\Migrations\\Migrator.php(181): Illuminate\\Database\\Migrations\\Migrator->runUp('C:\\\\laragon\\\\www\\\\...', 2, false)
#17 C:\\laragon\\www\\kantin-DTEDI\\vendor\\laravel\\framework\\src\\Illuminate\\Database\\Migrations\\Migrator.php(124): Illuminate\\Database\\Migrations\\Migrator->runPending(Array, Array)
#18 C:\\laragon\\www\\kantin-DTEDI\\vendor\\laravel\\framework\\src\\Illuminate\\Database\\Console\\Migrations\\MigrateCommand.php(92): Illuminate\\Database\\Migrations\\Migrator->run(Array, Array)
#19 C:\\laragon\\www\\kantin-DTEDI\\vendor\\laravel\\framework\\src\\Illuminate\\Database\\Migrations\\Migrator.php(633): Illuminate\\Database\\Console\\Migrations\\MigrateCommand->Illuminate\\Database\\Console\\Migrations\\{closure}()
#20 C:\\laragon\\www\\kantin-DTEDI\\vendor\\laravel\\framework\\src\\Illuminate\\Database\\Console\\Migrations\\MigrateCommand.php(104): Illuminate\\Database\\Migrations\\Migrator->usingConnection(NULL, Object(Closure))
#21 C:\\laragon\\www\\kantin-DTEDI\\vendor\\laravel\\framework\\src\\Illuminate\\Container\\BoundMethod.php(36): Illuminate\\Database\\Console\\Migrations\\MigrateCommand->handle()
#22 C:\\laragon\\www\\kantin-DTEDI\\vendor\\laravel\\framework\\src\\Illuminate\\Container\\Util.php(41): Illuminate\\Container\\BoundMethod::Illuminate\\Container\\{closure}()
#23 C:\\laragon\\www\\kantin-DTEDI\\vendor\\laravel\\framework\\src\\Illuminate\\Container\\BoundMethod.php(93): Illuminate\\Container\\Util::unwrapIfClosure(Object(Closure))
#24 C:\\laragon\\www\\kantin-DTEDI\\vendor\\laravel\\framework\\src\\Illuminate\\Container\\BoundMethod.php(37): Illuminate\\Container\\BoundMethod::callBoundMethod(Object(Illuminate\\Foundation\\Application), Array, Object(Closure))
#25 C:\\laragon\\www\\kantin-DTEDI\\vendor\\laravel\\framework\\src\\Illuminate\\Container\\Container.php(662): Illuminate\\Container\\BoundMethod::call(Object(Illuminate\\Foundation\\Application), Array, Array, NULL)
#26 C:\\laragon\\www\\kantin-DTEDI\\vendor\\laravel\\framework\\src\\Illuminate\\Console\\Command.php(211): Illuminate\\Container\\Container->call(Array)
#27 C:\\laragon\\www\\kantin-DTEDI\\vendor\\symfony\\console\\Command\\Command.php(326): Illuminate\\Console\\Command->execute(Object(Symfony\\Component\\Console\\Input\\ArgvInput), Object(Illuminate\\Console\\OutputStyle))
#28 C:\\laragon\\www\\kantin-DTEDI\\vendor\\laravel\\framework\\src\\Illuminate\\Console\\Command.php(181): Symfony\\Component\\Console\\Command\\Command->run(Object(Symfony\\Component\\Console\\Input\\ArgvInput), Object(Illuminate\\Console\\OutputStyle))
#29 C:\\laragon\\www\\kantin-DTEDI\\vendor\\symfony\\console\\Application.php(1096): Illuminate\\Console\\Command->run(Object(Symfony\\Component\\Console\\Input\\ArgvInput), Object(Symfony\\Component\\Console\\Output\\ConsoleOutput))
#30 C:\\laragon\\www\\kantin-DTEDI\\vendor\\symfony\\console\\Application.php(324): Symfony\\Component\\Console\\Application->doRunCommand(Object(Illuminate\\Database\\Console\\Migrations\\MigrateCommand), Object(Symfony\\Component\\Console\\Input\\ArgvInput), Object(Symfony\\Component\\Console\\Output\\ConsoleOutput))
#31 C:\\laragon\\www\\kantin-DTEDI\\vendor\\symfony\\console\\Application.php(175): Symfony\\Component\\Console\\Application->doRun(Object(Symfony\\Component\\Console\\Input\\ArgvInput), Object(Symfony\\Component\\Console\\Output\\ConsoleOutput))
#32 C:\\laragon\\www\\kantin-DTEDI\\vendor\\laravel\\framework\\src\\Illuminate\\Foundation\\Console\\Kernel.php(201): Symfony\\Component\\Console\\Application->run(Object(Symfony\\Component\\Console\\Input\\ArgvInput), Object(Symfony\\Component\\Console\\Output\\ConsoleOutput))
#33 C:\\laragon\\www\\kantin-DTEDI\\artisan(37): Illuminate\\Foundation\\Console\\Kernel->handle(Object(Symfony\\Component\\Console\\Input\\ArgvInput), Object(Symfony\\Component\\Console\\Output\\ConsoleOutput))
#34 {main}
"} 
[2024-11-22 06:55:28] local.ERROR: SQLSTATE[42S01]: Base table or view already exists: 1050 Table 'stock' already exists (Connection: mysql, SQL: create table `stock` (`id` bigint unsigned not null auto_increment primary key, `menu_id` int not null, `cashier_id` int not null, `previous_stock` int not null, `end_stock` int not null, `created_at` timestamp null, `updated_at` timestamp null) default character set utf8mb4 collate 'utf8mb4_unicode_ci') {"exception":"[object] (Illuminate\\Database\\QueryException(code: 42S01): SQLSTATE[42S01]: Base table or view already exists: 1050 Table 'stock' already exists (Connection: mysql, SQL: create table `stock` (`id` bigint unsigned not null auto_increment primary key, `menu_id` int not null, `cashier_id` int not null, `previous_stock` int not null, `end_stock` int not null, `created_at` timestamp null, `updated_at` timestamp null) default character set utf8mb4 collate 'utf8mb4_unicode_ci') at C:\\laragon\\www\\kantin-DTEDI\\vendor\\laravel\\framework\\src\\Illuminate\\Database\\Connection.php:829)
[stacktrace]
#0 C:\\laragon\\www\\kantin-DTEDI\\vendor\\laravel\\framework\\src\\Illuminate\\Database\\Connection.php(783): Illuminate\\Database\\Connection->runQueryCallback('create table `s...', Array, Object(Closure))
#1 C:\\laragon\\www\\kantin-DTEDI\\vendor\\laravel\\framework\\src\\Illuminate\\Database\\Connection.php(588): Illuminate\\Database\\Connection->run('create table `s...', Array, Object(Closure))
#2 C:\\laragon\\www\\kantin-DTEDI\\vendor\\laravel\\framework\\src\\Illuminate\\Database\\Schema\\Blueprint.php(110): Illuminate\\Database\\Connection->statement('create table `s...')
#3 C:\\laragon\\www\\kantin-DTEDI\\vendor\\laravel\\framework\\src\\Illuminate\\Database\\Schema\\Builder.php(602): Illuminate\\Database\\Schema\\Blueprint->build(Object(Illuminate\\Database\\MySqlConnection), Object(Illuminate\\Database\\Schema\\Grammars\\MySqlGrammar))
#4 C:\\laragon\\www\\kantin-DTEDI\\vendor\\laravel\\framework\\src\\Illuminate\\Database\\Schema\\Builder.php(460): Illuminate\\Database\\Schema\\Builder->build(Object(Illuminate\\Database\\Schema\\Blueprint))
#5 C:\\laragon\\www\\kantin-DTEDI\\vendor\\laravel\\framework\\src\\Illuminate\\Support\\Facades\\Facade.php(355): Illuminate\\Database\\Schema\\Builder->create('stock', Object(Closure))
#6 C:\\laragon\\www\\kantin-DTEDI\\database\\migrations\\2024_11_21_084317_create_stock_table.php(21): Illuminate\\Support\\Facades\\Facade::__callStatic('create', Array)
#7 C:\\laragon\\www\\kantin-DTEDI\\vendor\\laravel\\framework\\src\\Illuminate\\Database\\Migrations\\Migrator.php(493): Illuminate\\Database\\Migrations\\Migration@anonymous->up()
#8 C:\\laragon\\www\\kantin-DTEDI\\vendor\\laravel\\framework\\src\\Illuminate\\Database\\Migrations\\Migrator.php(410): Illuminate\\Database\\Migrations\\Migrator->runMethod(Object(Illuminate\\Database\\MySqlConnection), Object(Illuminate\\Database\\Migrations\\Migration@anonymous), 'up')
#9 C:\\laragon\\www\\kantin-DTEDI\\vendor\\laravel\\framework\\src\\Illuminate\\Database\\Migrations\\Migrator.php(419): Illuminate\\Database\\Migrations\\Migrator->Illuminate\\Database\\Migrations\\{closure}()
#10 C:\\laragon\\www\\kantin-DTEDI\\vendor\\laravel\\framework\\src\\Illuminate\\Database\\Migrations\\Migrator.php(216): Illuminate\\Database\\Migrations\\Migrator->runMigration(Object(Illuminate\\Database\\Migrations\\Migration@anonymous), 'up')
#11 C:\\laragon\\www\\kantin-DTEDI\\vendor\\laravel\\framework\\src\\Illuminate\\Console\\View\\Components\\Task.php(37): Illuminate\\Database\\Migrations\\Migrator->Illuminate\\Database\\Migrations\\{closure}()
#12 C:\\laragon\\www\\kantin-DTEDI\\vendor\\laravel\\framework\\src\\Illuminate\\Database\\Migrations\\Migrator.php(756): Illuminate\\Console\\View\\Components\\Task->render('2024_11_21_0843...', Object(Closure))
#13 C:\\laragon\\www\\kantin-DTEDI\\vendor\\laravel\\framework\\src\\Illuminate\\Database\\Migrations\\Migrator.php(216): Illuminate\\Database\\Migrations\\Migrator->write('Illuminate\\\\Cons...', '2024_11_21_0843...', Object(Closure))
#14 C:\\laragon\\www\\kantin-DTEDI\\vendor\\laravel\\framework\\src\\Illuminate\\Database\\Migrations\\Migrator.php(181): Illuminate\\Database\\Migrations\\Migrator->runUp('C:\\\\laragon\\\\www\\\\...', 1, false)
#15 C:\\laragon\\www\\kantin-DTEDI\\vendor\\laravel\\framework\\src\\Illuminate\\Database\\Migrations\\Migrator.php(124): Illuminate\\Database\\Migrations\\Migrator->runPending(Array, Array)
#16 C:\\laragon\\www\\kantin-DTEDI\\vendor\\laravel\\framework\\src\\Illuminate\\Database\\Console\\Migrations\\MigrateCommand.php(92): Illuminate\\Database\\Migrations\\Migrator->run(Array, Array)
#17 C:\\laragon\\www\\kantin-DTEDI\\vendor\\laravel\\framework\\src\\Illuminate\\Database\\Migrations\\Migrator.php(633): Illuminate\\Database\\Console\\Migrations\\MigrateCommand->Illuminate\\Database\\Console\\Migrations\\{closure}()
#18 C:\\laragon\\www\\kantin-DTEDI\\vendor\\laravel\\framework\\src\\Illuminate\\Database\\Console\\Migrations\\MigrateCommand.php(104): Illuminate\\Database\\Migrations\\Migrator->usingConnection(NULL, Object(Closure))
#19 C:\\laragon\\www\\kantin-DTEDI\\vendor\\laravel\\framework\\src\\Illuminate\\Container\\BoundMethod.php(36): Illuminate\\Database\\Console\\Migrations\\MigrateCommand->handle()
#20 C:\\laragon\\www\\kantin-DTEDI\\vendor\\laravel\\framework\\src\\Illuminate\\Container\\Util.php(41): Illuminate\\Container\\BoundMethod::Illuminate\\Container\\{closure}()
#21 C:\\laragon\\www\\kantin-DTEDI\\vendor\\laravel\\framework\\src\\Illuminate\\Container\\BoundMethod.php(93): Illuminate\\Container\\Util::unwrapIfClosure(Object(Closure))
#22 C:\\laragon\\www\\kantin-DTEDI\\vendor\\laravel\\framework\\src\\Illuminate\\Container\\BoundMethod.php(37): Illuminate\\Container\\BoundMethod::callBoundMethod(Object(Illuminate\\Foundation\\Application), Array, Object(Closure))
#23 C:\\laragon\\www\\kantin-DTEDI\\vendor\\laravel\\framework\\src\\Illuminate\\Container\\Container.php(662): Illuminate\\Container\\BoundMethod::call(Object(Illuminate\\Foundation\\Application), Array, Array, NULL)
#24 C:\\laragon\\www\\kantin-DTEDI\\vendor\\laravel\\framework\\src\\Illuminate\\Console\\Command.php(211): Illuminate\\Container\\Container->call(Array)
#25 C:\\laragon\\www\\kantin-DTEDI\\vendor\\symfony\\console\\Command\\Command.php(326): Illuminate\\Console\\Command->execute(Object(Symfony\\Component\\Console\\Input\\ArrayInput), Object(Illuminate\\Console\\OutputStyle))
#26 C:\\laragon\\www\\kantin-DTEDI\\vendor\\laravel\\framework\\src\\Illuminate\\Console\\Command.php(181): Symfony\\Component\\Console\\Command\\Command->run(Object(Symfony\\Component\\Console\\Input\\ArrayInput), Object(Illuminate\\Console\\OutputStyle))
#27 C:\\laragon\\www\\kantin-DTEDI\\vendor\\laravel\\framework\\src\\Illuminate\\Console\\Concerns\\CallsCommands.php(68): Illuminate\\Console\\Command->run(Object(Symfony\\Component\\Console\\Input\\ArrayInput), Object(Illuminate\\Console\\OutputStyle))
#28 C:\\laragon\\www\\kantin-DTEDI\\vendor\\laravel\\framework\\src\\Illuminate\\Console\\Concerns\\CallsCommands.php(28): Illuminate\\Console\\Command->runCommand('migrate', Array, Object(Illuminate\\Console\\OutputStyle))
#29 C:\\laragon\\www\\kantin-DTEDI\\vendor\\laravel\\framework\\src\\Illuminate\\Database\\Console\\Migrations\\FreshCommand.php(59): Illuminate\\Console\\Command->call('migrate', Array)
#30 C:\\laragon\\www\\kantin-DTEDI\\vendor\\laravel\\framework\\src\\Illuminate\\Container\\BoundMethod.php(36): Illuminate\\Database\\Console\\Migrations\\FreshCommand->handle()
#31 C:\\laragon\\www\\kantin-DTEDI\\vendor\\laravel\\framework\\src\\Illuminate\\Container\\Util.php(41): Illuminate\\Container\\BoundMethod::Illuminate\\Container\\{closure}()
#32 C:\\laragon\\www\\kantin-DTEDI\\vendor\\laravel\\framework\\src\\Illuminate\\Container\\BoundMethod.php(93): Illuminate\\Container\\Util::unwrapIfClosure(Object(Closure))
#33 C:\\laragon\\www\\kantin-DTEDI\\vendor\\laravel\\framework\\src\\Illuminate\\Container\\BoundMethod.php(37): Illuminate\\Container\\BoundMethod::callBoundMethod(Object(Illuminate\\Foundation\\Application), Array, Object(Closure))
#34 C:\\laragon\\www\\kantin-DTEDI\\vendor\\laravel\\framework\\src\\Illuminate\\Container\\Container.php(662): Illuminate\\Container\\BoundMethod::call(Object(Illuminate\\Foundation\\Application), Array, Array, NULL)
#35 C:\\laragon\\www\\kantin-DTEDI\\vendor\\laravel\\framework\\src\\Illuminate\\Console\\Command.php(211): Illuminate\\Container\\Container->call(Array)
#36 C:\\laragon\\www\\kantin-DTEDI\\vendor\\symfony\\console\\Command\\Command.php(326): Illuminate\\Console\\Command->execute(Object(Symfony\\Component\\Console\\Input\\ArgvInput), Object(Illuminate\\Console\\OutputStyle))
#37 C:\\laragon\\www\\kantin-DTEDI\\vendor\\laravel\\framework\\src\\Illuminate\\Console\\Command.php(181): Symfony\\Component\\Console\\Command\\Command->run(Object(Symfony\\Component\\Console\\Input\\ArgvInput), Object(Illuminate\\Console\\OutputStyle))
#38 C:\\laragon\\www\\kantin-DTEDI\\vendor\\symfony\\console\\Application.php(1096): Illuminate\\Console\\Command->run(Object(Symfony\\Component\\Console\\Input\\ArgvInput), Object(Symfony\\Component\\Console\\Output\\ConsoleOutput))
#39 C:\\laragon\\www\\kantin-DTEDI\\vendor\\symfony\\console\\Application.php(324): Symfony\\Component\\Console\\Application->doRunCommand(Object(Illuminate\\Database\\Console\\Migrations\\FreshCommand), Object(Symfony\\Component\\Console\\Input\\ArgvInput), Object(Symfony\\Component\\Console\\Output\\ConsoleOutput))
#40 C:\\laragon\\www\\kantin-DTEDI\\vendor\\symfony\\console\\Application.php(175): Symfony\\Component\\Console\\Application->doRun(Object(Symfony\\Component\\Console\\Input\\ArgvInput), Object(Symfony\\Component\\Console\\Output\\ConsoleOutput))
#41 C:\\laragon\\www\\kantin-DTEDI\\vendor\\laravel\\framework\\src\\Illuminate\\Foundation\\Console\\Kernel.php(201): Symfony\\Component\\Console\\Application->run(Object(Symfony\\Component\\Console\\Input\\ArgvInput), Object(Symfony\\Component\\Console\\Output\\ConsoleOutput))
#42 C:\\laragon\\www\\kantin-DTEDI\\artisan(37): Illuminate\\Foundation\\Console\\Kernel->handle(Object(Symfony\\Component\\Console\\Input\\ArgvInput), Object(Symfony\\Component\\Console\\Output\\ConsoleOutput))
#43 {main}

[previous exception] [object] (PDOException(code: 42S01): SQLSTATE[42S01]: Base table or view already exists: 1050 Table 'stock' already exists at C:\\laragon\\www\\kantin-DTEDI\\vendor\\laravel\\framework\\src\\Illuminate\\Database\\Connection.php:587)
[stacktrace]
#0 C:\\laragon\\www\\kantin-DTEDI\\vendor\\laravel\\framework\\src\\Illuminate\\Database\\Connection.php(587): PDOStatement->execute()
#1 C:\\laragon\\www\\kantin-DTEDI\\vendor\\laravel\\framework\\src\\Illuminate\\Database\\Connection.php(816): Illuminate\\Database\\Connection->Illuminate\\Database\\{closure}('create table `s...', Array)
#2 C:\\laragon\\www\\kantin-DTEDI\\vendor\\laravel\\framework\\src\\Illuminate\\Database\\Connection.php(783): Illuminate\\Database\\Connection->runQueryCallback('create table `s...', Array, Object(Closure))
#3 C:\\laragon\\www\\kantin-DTEDI\\vendor\\laravel\\framework\\src\\Illuminate\\Database\\Connection.php(588): Illuminate\\Database\\Connection->run('create table `s...', Array, Object(Closure))
#4 C:\\laragon\\www\\kantin-DTEDI\\vendor\\laravel\\framework\\src\\Illuminate\\Database\\Schema\\Blueprint.php(110): Illuminate\\Database\\Connection->statement('create table `s...')
#5 C:\\laragon\\www\\kantin-DTEDI\\vendor\\laravel\\framework\\src\\Illuminate\\Database\\Schema\\Builder.php(602): Illuminate\\Database\\Schema\\Blueprint->build(Object(Illuminate\\Database\\MySqlConnection), Object(Illuminate\\Database\\Schema\\Grammars\\MySqlGrammar))
#6 C:\\laragon\\www\\kantin-DTEDI\\vendor\\laravel\\framework\\src\\Illuminate\\Database\\Schema\\Builder.php(460): Illuminate\\Database\\Schema\\Builder->build(Object(Illuminate\\Database\\Schema\\Blueprint))
#7 C:\\laragon\\www\\kantin-DTEDI\\vendor\\laravel\\framework\\src\\Illuminate\\Support\\Facades\\Facade.php(355): Illuminate\\Database\\Schema\\Builder->create('stock', Object(Closure))
#8 C:\\laragon\\www\\kantin-DTEDI\\database\\migrations\\2024_11_21_084317_create_stock_table.php(21): Illuminate\\Support\\Facades\\Facade::__callStatic('create', Array)
#9 C:\\laragon\\www\\kantin-DTEDI\\vendor\\laravel\\framework\\src\\Illuminate\\Database\\Migrations\\Migrator.php(493): Illuminate\\Database\\Migrations\\Migration@anonymous->up()
#10 C:\\laragon\\www\\kantin-DTEDI\\vendor\\laravel\\framework\\src\\Illuminate\\Database\\Migrations\\Migrator.php(410): Illuminate\\Database\\Migrations\\Migrator->runMethod(Object(Illuminate\\Database\\MySqlConnection), Object(Illuminate\\Database\\Migrations\\Migration@anonymous), 'up')
#11 C:\\laragon\\www\\kantin-DTEDI\\vendor\\laravel\\framework\\src\\Illuminate\\Database\\Migrations\\Migrator.php(419): Illuminate\\Database\\Migrations\\Migrator->Illuminate\\Database\\Migrations\\{closure}()
#12 C:\\laragon\\www\\kantin-DTEDI\\vendor\\laravel\\framework\\src\\Illuminate\\Database\\Migrations\\Migrator.php(216): Illuminate\\Database\\Migrations\\Migrator->runMigration(Object(Illuminate\\Database\\Migrations\\Migration@anonymous), 'up')
#13 C:\\laragon\\www\\kantin-DTEDI\\vendor\\laravel\\framework\\src\\Illuminate\\Console\\View\\Components\\Task.php(37): Illuminate\\Database\\Migrations\\Migrator->Illuminate\\Database\\Migrations\\{closure}()
#14 C:\\laragon\\www\\kantin-DTEDI\\vendor\\laravel\\framework\\src\\Illuminate\\Database\\Migrations\\Migrator.php(756): Illuminate\\Console\\View\\Components\\Task->render('2024_11_21_0843...', Object(Closure))
#15 C:\\laragon\\www\\kantin-DTEDI\\vendor\\laravel\\framework\\src\\Illuminate\\Database\\Migrations\\Migrator.php(216): Illuminate\\Database\\Migrations\\Migrator->write('Illuminate\\\\Cons...', '2024_11_21_0843...', Object(Closure))
#16 C:\\laragon\\www\\kantin-DTEDI\\vendor\\laravel\\framework\\src\\Illuminate\\Database\\Migrations\\Migrator.php(181): Illuminate\\Database\\Migrations\\Migrator->runUp('C:\\\\laragon\\\\www\\\\...', 1, false)
#17 C:\\laragon\\www\\kantin-DTEDI\\vendor\\laravel\\framework\\src\\Illuminate\\Database\\Migrations\\Migrator.php(124): Illuminate\\Database\\Migrations\\Migrator->runPending(Array, Array)
#18 C:\\laragon\\www\\kantin-DTEDI\\vendor\\laravel\\framework\\src\\Illuminate\\Database\\Console\\Migrations\\MigrateCommand.php(92): Illuminate\\Database\\Migrations\\Migrator->run(Array, Array)
#19 C:\\laragon\\www\\kantin-DTEDI\\vendor\\laravel\\framework\\src\\Illuminate\\Database\\Migrations\\Migrator.php(633): Illuminate\\Database\\Console\\Migrations\\MigrateCommand->Illuminate\\Database\\Console\\Migrations\\{closure}()
#20 C:\\laragon\\www\\kantin-DTEDI\\vendor\\laravel\\framework\\src\\Illuminate\\Database\\Console\\Migrations\\MigrateCommand.php(104): Illuminate\\Database\\Migrations\\Migrator->usingConnection(NULL, Object(Closure))
#21 C:\\laragon\\www\\kantin-DTEDI\\vendor\\laravel\\framework\\src\\Illuminate\\Container\\BoundMethod.php(36): Illuminate\\Database\\Console\\Migrations\\MigrateCommand->handle()
#22 C:\\laragon\\www\\kantin-DTEDI\\vendor\\laravel\\framework\\src\\Illuminate\\Container\\Util.php(41): Illuminate\\Container\\BoundMethod::Illuminate\\Container\\{closure}()
#23 C:\\laragon\\www\\kantin-DTEDI\\vendor\\laravel\\framework\\src\\Illuminate\\Container\\BoundMethod.php(93): Illuminate\\Container\\Util::unwrapIfClosure(Object(Closure))
#24 C:\\laragon\\www\\kantin-DTEDI\\vendor\\laravel\\framework\\src\\Illuminate\\Container\\BoundMethod.php(37): Illuminate\\Container\\BoundMethod::callBoundMethod(Object(Illuminate\\Foundation\\Application), Array, Object(Closure))
#25 C:\\laragon\\www\\kantin-DTEDI\\vendor\\laravel\\framework\\src\\Illuminate\\Container\\Container.php(662): Illuminate\\Container\\BoundMethod::call(Object(Illuminate\\Foundation\\Application), Array, Array, NULL)
#26 C:\\laragon\\www\\kantin-DTEDI\\vendor\\laravel\\framework\\src\\Illuminate\\Console\\Command.php(211): Illuminate\\Container\\Container->call(Array)
#27 C:\\laragon\\www\\kantin-DTEDI\\vendor\\symfony\\console\\Command\\Command.php(326): Illuminate\\Console\\Command->execute(Object(Symfony\\Component\\Console\\Input\\ArrayInput), Object(Illuminate\\Console\\OutputStyle))
#28 C:\\laragon\\www\\kantin-DTEDI\\vendor\\laravel\\framework\\src\\Illuminate\\Console\\Command.php(181): Symfony\\Component\\Console\\Command\\Command->run(Object(Symfony\\Component\\Console\\Input\\ArrayInput), Object(Illuminate\\Console\\OutputStyle))
#29 C:\\laragon\\www\\kantin-DTEDI\\vendor\\laravel\\framework\\src\\Illuminate\\Console\\Concerns\\CallsCommands.php(68): Illuminate\\Console\\Command->run(Object(Symfony\\Component\\Console\\Input\\ArrayInput), Object(Illuminate\\Console\\OutputStyle))
#30 C:\\laragon\\www\\kantin-DTEDI\\vendor\\laravel\\framework\\src\\Illuminate\\Console\\Concerns\\CallsCommands.php(28): Illuminate\\Console\\Command->runCommand('migrate', Array, Object(Illuminate\\Console\\OutputStyle))
#31 C:\\laragon\\www\\kantin-DTEDI\\vendor\\laravel\\framework\\src\\Illuminate\\Database\\Console\\Migrations\\FreshCommand.php(59): Illuminate\\Console\\Command->call('migrate', Array)
#32 C:\\laragon\\www\\kantin-DTEDI\\vendor\\laravel\\framework\\src\\Illuminate\\Container\\BoundMethod.php(36): Illuminate\\Database\\Console\\Migrations\\FreshCommand->handle()
#33 C:\\laragon\\www\\kantin-DTEDI\\vendor\\laravel\\framework\\src\\Illuminate\\Container\\Util.php(41): Illuminate\\Container\\BoundMethod::Illuminate\\Container\\{closure}()
#34 C:\\laragon\\www\\kantin-DTEDI\\vendor\\laravel\\framework\\src\\Illuminate\\Container\\BoundMethod.php(93): Illuminate\\Container\\Util::unwrapIfClosure(Object(Closure))
#35 C:\\laragon\\www\\kantin-DTEDI\\vendor\\laravel\\framework\\src\\Illuminate\\Container\\BoundMethod.php(37): Illuminate\\Container\\BoundMethod::callBoundMethod(Object(Illuminate\\Foundation\\Application), Array, Object(Closure))
#36 C:\\laragon\\www\\kantin-DTEDI\\vendor\\laravel\\framework\\src\\Illuminate\\Container\\Container.php(662): Illuminate\\Container\\BoundMethod::call(Object(Illuminate\\Foundation\\Application), Array, Array, NULL)
#37 C:\\laragon\\www\\kantin-DTEDI\\vendor\\laravel\\framework\\src\\Illuminate\\Console\\Command.php(211): Illuminate\\Container\\Container->call(Array)
#38 C:\\laragon\\www\\kantin-DTEDI\\vendor\\symfony\\console\\Command\\Command.php(326): Illuminate\\Console\\Command->execute(Object(Symfony\\Component\\Console\\Input\\ArgvInput), Object(Illuminate\\Console\\OutputStyle))
#39 C:\\laragon\\www\\kantin-DTEDI\\vendor\\laravel\\framework\\src\\Illuminate\\Console\\Command.php(181): Symfony\\Component\\Console\\Command\\Command->run(Object(Symfony\\Component\\Console\\Input\\ArgvInput), Object(Illuminate\\Console\\OutputStyle))
#40 C:\\laragon\\www\\kantin-DTEDI\\vendor\\symfony\\console\\Application.php(1096): Illuminate\\Console\\Command->run(Object(Symfony\\Component\\Console\\Input\\ArgvInput), Object(Symfony\\Component\\Console\\Output\\ConsoleOutput))
#41 C:\\laragon\\www\\kantin-DTEDI\\vendor\\symfony\\console\\Application.php(324): Symfony\\Component\\Console\\Application->doRunCommand(Object(Illuminate\\Database\\Console\\Migrations\\FreshCommand), Object(Symfony\\Component\\Console\\Input\\ArgvInput), Object(Symfony\\Component\\Console\\Output\\ConsoleOutput))
#42 C:\\laragon\\www\\kantin-DTEDI\\vendor\\symfony\\console\\Application.php(175): Symfony\\Component\\Console\\Application->doRun(Object(Symfony\\Component\\Console\\Input\\ArgvInput), Object(Symfony\\Component\\Console\\Output\\ConsoleOutput))
#43 C:\\laragon\\www\\kantin-DTEDI\\vendor\\laravel\\framework\\src\\Illuminate\\Foundation\\Console\\Kernel.php(201): Symfony\\Component\\Console\\Application->run(Object(Symfony\\Component\\Console\\Input\\ArgvInput), Object(Symfony\\Component\\Console\\Output\\ConsoleOutput))
#44 C:\\laragon\\www\\kantin-DTEDI\\artisan(37): Illuminate\\Foundation\\Console\\Kernel->handle(Object(Symfony\\Component\\Console\\Input\\ArgvInput), Object(Symfony\\Component\\Console\\Output\\ConsoleOutput))
#45 {main}
"} 
[2024-11-23 03:50:04] local.ERROR: Command "migrate:down" is not defined.

Did you mean one of these?
    migrate
    migrate:fresh
    migrate:install
    migrate:refresh
    migrate:reset
    migrate:rollback
    migrate:status {"exception":"[object] (Symfony\\Component\\Console\\Exception\\CommandNotFoundException(code: 0): Command \"migrate:down\" is not defined.

Did you mean one of these?
    migrate
    migrate:fresh
    migrate:install
    migrate:refresh
    migrate:reset
    migrate:rollback
    migrate:status at C:\\laragon\\www\\kantin-DTEDI\\vendor\\symfony\\console\\Application.php:737)
[stacktrace]
#0 C:\\laragon\\www\\kantin-DTEDI\\vendor\\symfony\\console\\Application.php(266): Symfony\\Component\\Console\\Application->find('migrate:down')
#1 C:\\laragon\\www\\kantin-DTEDI\\vendor\\symfony\\console\\Application.php(175): Symfony\\Component\\Console\\Application->doRun(Object(Symfony\\Component\\Console\\Input\\ArgvInput), Object(Symfony\\Component\\Console\\Output\\ConsoleOutput))
#2 C:\\laragon\\www\\kantin-DTEDI\\vendor\\laravel\\framework\\src\\Illuminate\\Foundation\\Console\\Kernel.php(201): Symfony\\Component\\Console\\Application->run(Object(Symfony\\Component\\Console\\Input\\ArgvInput), Object(Symfony\\Component\\Console\\Output\\ConsoleOutput))
#3 C:\\laragon\\www\\kantin-DTEDI\\artisan(37): Illuminate\\Foundation\\Console\\Kernel->handle(Object(Symfony\\Component\\Console\\Input\\ArgvInput), Object(Symfony\\Component\\Console\\Output\\ConsoleOutput))
#4 {main}
"} 
[2024-11-26 05:27:09] local.ERROR: SQLSTATE[HY000] [2002] No connection could be made because the target machine actively refused it (Connection: mysql, SQL: select table_name as `name`, (data_length + index_length) as `size`, table_comment as `comment`, engine as `engine`, table_collation as `collation` from information_schema.tables where table_schema = 'kantin_dtedi' and table_type in ('BASE TABLE', 'SYSTEM VERSIONED') order by table_name) {"exception":"[object] (Illuminate\\Database\\QueryException(code: 2002): SQLSTATE[HY000] [2002] No connection could be made because the target machine actively refused it (Connection: mysql, SQL: select table_name as `name`, (data_length + index_length) as `size`, table_comment as `comment`, engine as `engine`, table_collation as `collation` from information_schema.tables where table_schema = 'kantin_dtedi' and table_type in ('BASE TABLE', 'SYSTEM VERSIONED') order by table_name) at C:\\laragon\\www\\kantin-DTEDI\\vendor\\laravel\\framework\\src\\Illuminate\\Database\\Connection.php:829)
[stacktrace]
#0 C:\\laragon\\www\\kantin-DTEDI\\vendor\\laravel\\framework\\src\\Illuminate\\Database\\Connection.php(983): Illuminate\\Database\\Connection->runQueryCallback('select table_na...', Array, Object(Closure))
#1 C:\\laragon\\www\\kantin-DTEDI\\vendor\\laravel\\framework\\src\\Illuminate\\Database\\Connection.php(963): Illuminate\\Database\\Connection->tryAgainIfCausedByLostConnection(Object(Illuminate\\Database\\QueryException), 'select table_na...', Array, Object(Closure))
#2 C:\\laragon\\www\\kantin-DTEDI\\vendor\\laravel\\framework\\src\\Illuminate\\Database\\Connection.php(786): Illuminate\\Database\\Connection->handleQueryException(Object(Illuminate\\Database\\QueryException), 'select table_na...', Array, Object(Closure))
#3 C:\\laragon\\www\\kantin-DTEDI\\vendor\\laravel\\framework\\src\\Illuminate\\Database\\Connection.php(431): Illuminate\\Database\\Connection->run('select table_na...', Array, Object(Closure))
#4 C:\\laragon\\www\\kantin-DTEDI\\vendor\\laravel\\framework\\src\\Illuminate\\Database\\Connection.php(401): Illuminate\\Database\\Connection->select('select table_na...', Array, false)
#5 C:\\laragon\\www\\kantin-DTEDI\\vendor\\laravel\\framework\\src\\Illuminate\\Database\\Schema\\MySqlBuilder.php(42): Illuminate\\Database\\Connection->selectFromWriteConnection('select table_na...')
#6 C:\\laragon\\www\\kantin-DTEDI\\vendor\\laravel\\framework\\src\\Illuminate\\Database\\Schema\\MySqlBuilder.php(147): Illuminate\\Database\\Schema\\MySqlBuilder->getTables()
#7 C:\\laragon\\www\\kantin-DTEDI\\vendor\\laravel\\framework\\src\\Illuminate\\Database\\Console\\WipeCommand.php(71): Illuminate\\Database\\Schema\\MySqlBuilder->dropAllTables()
#8 C:\\laragon\\www\\kantin-DTEDI\\vendor\\laravel\\framework\\src\\Illuminate\\Database\\Console\\WipeCommand.php(48): Illuminate\\Database\\Console\\WipeCommand->dropAllTables(NULL)
#9 C:\\laragon\\www\\kantin-DTEDI\\vendor\\laravel\\framework\\src\\Illuminate\\Container\\BoundMethod.php(36): Illuminate\\Database\\Console\\WipeCommand->handle()
#10 C:\\laragon\\www\\kantin-DTEDI\\vendor\\laravel\\framework\\src\\Illuminate\\Container\\Util.php(41): Illuminate\\Container\\BoundMethod::Illuminate\\Container\\{closure}()
#11 C:\\laragon\\www\\kantin-DTEDI\\vendor\\laravel\\framework\\src\\Illuminate\\Container\\BoundMethod.php(93): Illuminate\\Container\\Util::unwrapIfClosure(Object(Closure))
#12 C:\\laragon\\www\\kantin-DTEDI\\vendor\\laravel\\framework\\src\\Illuminate\\Container\\BoundMethod.php(37): Illuminate\\Container\\BoundMethod::callBoundMethod(Object(Illuminate\\Foundation\\Application), Array, Object(Closure))
#13 C:\\laragon\\www\\kantin-DTEDI\\vendor\\laravel\\framework\\src\\Illuminate\\Container\\Container.php(662): Illuminate\\Container\\BoundMethod::call(Object(Illuminate\\Foundation\\Application), Array, Array, NULL)
#14 C:\\laragon\\www\\kantin-DTEDI\\vendor\\laravel\\framework\\src\\Illuminate\\Console\\Command.php(211): Illuminate\\Container\\Container->call(Array)
#15 C:\\laragon\\www\\kantin-DTEDI\\vendor\\symfony\\console\\Command\\Command.php(326): Illuminate\\Console\\Command->execute(Object(Symfony\\Component\\Console\\Input\\ArrayInput), Object(Illuminate\\Console\\OutputStyle))
#16 C:\\laragon\\www\\kantin-DTEDI\\vendor\\laravel\\framework\\src\\Illuminate\\Console\\Command.php(181): Symfony\\Component\\Console\\Command\\Command->run(Object(Symfony\\Component\\Console\\Input\\ArrayInput), Object(Illuminate\\Console\\OutputStyle))
#17 C:\\laragon\\www\\kantin-DTEDI\\vendor\\laravel\\framework\\src\\Illuminate\\Console\\Concerns\\CallsCommands.php(68): Illuminate\\Console\\Command->run(Object(Symfony\\Component\\Console\\Input\\ArrayInput), Object(Symfony\\Component\\Console\\Output\\NullOutput))
#18 C:\\laragon\\www\\kantin-DTEDI\\vendor\\laravel\\framework\\src\\Illuminate\\Console\\Concerns\\CallsCommands.php(40): Illuminate\\Console\\Command->runCommand('db:wipe', Array, Object(Symfony\\Component\\Console\\Output\\NullOutput))
#19 C:\\laragon\\www\\kantin-DTEDI\\vendor\\laravel\\framework\\src\\Illuminate\\Database\\Console\\Migrations\\FreshCommand.php(45): Illuminate\\Console\\Command->callSilent('db:wipe', Array)
#20 C:\\laragon\\www\\kantin-DTEDI\\vendor\\laravel\\framework\\src\\Illuminate\\Console\\View\\Components\\Task.php(37): Illuminate\\Database\\Console\\Migrations\\FreshCommand->Illuminate\\Database\\Console\\Migrations\\{closure}()
#21 C:\\laragon\\www\\kantin-DTEDI\\vendor\\laravel\\framework\\src\\Illuminate\\Console\\View\\Components\\Factory.php(58): Illuminate\\Console\\View\\Components\\Task->render('Dropping all ta...', Object(Closure))
#22 C:\\laragon\\www\\kantin-DTEDI\\vendor\\laravel\\framework\\src\\Illuminate\\Database\\Console\\Migrations\\FreshCommand.php(49): Illuminate\\Console\\View\\Components\\Factory->__call('task', Array)
#23 C:\\laragon\\www\\kantin-DTEDI\\vendor\\laravel\\framework\\src\\Illuminate\\Container\\BoundMethod.php(36): Illuminate\\Database\\Console\\Migrations\\FreshCommand->handle()
#24 C:\\laragon\\www\\kantin-DTEDI\\vendor\\laravel\\framework\\src\\Illuminate\\Container\\Util.php(41): Illuminate\\Container\\BoundMethod::Illuminate\\Container\\{closure}()
#25 C:\\laragon\\www\\kantin-DTEDI\\vendor\\laravel\\framework\\src\\Illuminate\\Container\\BoundMethod.php(93): Illuminate\\Container\\Util::unwrapIfClosure(Object(Closure))
#26 C:\\laragon\\www\\kantin-DTEDI\\vendor\\laravel\\framework\\src\\Illuminate\\Container\\BoundMethod.php(37): Illuminate\\Container\\BoundMethod::callBoundMethod(Object(Illuminate\\Foundation\\Application), Array, Object(Closure))
#27 C:\\laragon\\www\\kantin-DTEDI\\vendor\\laravel\\framework\\src\\Illuminate\\Container\\Container.php(662): Illuminate\\Container\\BoundMethod::call(Object(Illuminate\\Foundation\\Application), Array, Array, NULL)
#28 C:\\laragon\\www\\kantin-DTEDI\\vendor\\laravel\\framework\\src\\Illuminate\\Console\\Command.php(211): Illuminate\\Container\\Container->call(Array)
#29 C:\\laragon\\www\\kantin-DTEDI\\vendor\\symfony\\console\\Command\\Command.php(326): Illuminate\\Console\\Command->execute(Object(Symfony\\Component\\Console\\Input\\ArgvInput), Object(Illuminate\\Console\\OutputStyle))
#30 C:\\laragon\\www\\kantin-DTEDI\\vendor\\laravel\\framework\\src\\Illuminate\\Console\\Command.php(181): Symfony\\Component\\Console\\Command\\Command->run(Object(Symfony\\Component\\Console\\Input\\ArgvInput), Object(Illuminate\\Console\\OutputStyle))
#31 C:\\laragon\\www\\kantin-DTEDI\\vendor\\symfony\\console\\Application.php(1096): Illuminate\\Console\\Command->run(Object(Symfony\\Component\\Console\\Input\\ArgvInput), Object(Symfony\\Component\\Console\\Output\\ConsoleOutput))
#32 C:\\laragon\\www\\kantin-DTEDI\\vendor\\symfony\\console\\Application.php(324): Symfony\\Component\\Console\\Application->doRunCommand(Object(Illuminate\\Database\\Console\\Migrations\\FreshCommand), Object(Symfony\\Component\\Console\\Input\\ArgvInput), Object(Symfony\\Component\\Console\\Output\\ConsoleOutput))
#33 C:\\laragon\\www\\kantin-DTEDI\\vendor\\symfony\\console\\Application.php(175): Symfony\\Component\\Console\\Application->doRun(Object(Symfony\\Component\\Console\\Input\\ArgvInput), Object(Symfony\\Component\\Console\\Output\\ConsoleOutput))
#34 C:\\laragon\\www\\kantin-DTEDI\\vendor\\laravel\\framework\\src\\Illuminate\\Foundation\\Console\\Kernel.php(201): Symfony\\Component\\Console\\Application->run(Object(Symfony\\Component\\Console\\Input\\ArgvInput), Object(Symfony\\Component\\Console\\Output\\ConsoleOutput))
#35 C:\\laragon\\www\\kantin-DTEDI\\artisan(37): Illuminate\\Foundation\\Console\\Kernel->handle(Object(Symfony\\Component\\Console\\Input\\ArgvInput), Object(Symfony\\Component\\Console\\Output\\ConsoleOutput))
#36 {main}

[previous exception] [object] (PDOException(code: 2002): SQLSTATE[HY000] [2002] No connection could be made because the target machine actively refused it at C:\\laragon\\www\\kantin-DTEDI\\vendor\\laravel\\framework\\src\\Illuminate\\Database\\Connectors\\Connector.php:65)
[stacktrace]
#0 C:\\laragon\\www\\kantin-DTEDI\\vendor\\laravel\\framework\\src\\Illuminate\\Database\\Connectors\\Connector.php(65): PDO->__construct('mysql:host=127....', 'root', '', Array)
#1 C:\\laragon\\www\\kantin-DTEDI\\vendor\\laravel\\framework\\src\\Illuminate\\Database\\Connectors\\Connector.php(83): Illuminate\\Database\\Connectors\\Connector->createPdoConnection('mysql:host=127....', 'root', '', Array)
#2 C:\\laragon\\www\\kantin-DTEDI\\vendor\\laravel\\framework\\src\\Illuminate\\Database\\Connectors\\Connector.php(49): Illuminate\\Database\\Connectors\\Connector->tryAgainIfCausedByLostConnection(Object(PDOException), 'mysql:host=127....', 'root', '', Array)
#3 C:\\laragon\\www\\kantin-DTEDI\\vendor\\laravel\\framework\\src\\Illuminate\\Database\\Connectors\\MySqlConnector.php(24): Illuminate\\Database\\Connectors\\Connector->createConnection('mysql:host=127....', Array, Array)
#4 C:\\laragon\\www\\kantin-DTEDI\\vendor\\laravel\\framework\\src\\Illuminate\\Database\\Connectors\\ConnectionFactory.php(184): Illuminate\\Database\\Connectors\\MySqlConnector->connect(Array)
#5 [internal function]: Illuminate\\Database\\Connectors\\ConnectionFactory->Illuminate\\Database\\Connectors\\{closure}()
#6 C:\\laragon\\www\\kantin-DTEDI\\vendor\\laravel\\framework\\src\\Illuminate\\Database\\Connection.php(1339): call_user_func(Object(Closure))
#7 C:\\laragon\\www\\kantin-DTEDI\\vendor\\laravel\\framework\\src\\Illuminate\\Database\\Connection.php(528): Illuminate\\Database\\Connection->getPdo()
#8 C:\\laragon\\www\\kantin-DTEDI\\vendor\\laravel\\framework\\src\\Illuminate\\Database\\Connection.php(423): Illuminate\\Database\\Connection->getPdoForSelect(false)
#9 C:\\laragon\\www\\kantin-DTEDI\\vendor\\laravel\\framework\\src\\Illuminate\\Database\\Connection.php(816): Illuminate\\Database\\Connection->Illuminate\\Database\\{closure}('select table_na...', Array)
#10 C:\\laragon\\www\\kantin-DTEDI\\vendor\\laravel\\framework\\src\\Illuminate\\Database\\Connection.php(983): Illuminate\\Database\\Connection->runQueryCallback('select table_na...', Array, Object(Closure))
#11 C:\\laragon\\www\\kantin-DTEDI\\vendor\\laravel\\framework\\src\\Illuminate\\Database\\Connection.php(963): Illuminate\\Database\\Connection->tryAgainIfCausedByLostConnection(Object(Illuminate\\Database\\QueryException), 'select table_na...', Array, Object(Closure))
#12 C:\\laragon\\www\\kantin-DTEDI\\vendor\\laravel\\framework\\src\\Illuminate\\Database\\Connection.php(786): Illuminate\\Database\\Connection->handleQueryException(Object(Illuminate\\Database\\QueryException), 'select table_na...', Array, Object(Closure))
#13 C:\\laragon\\www\\kantin-DTEDI\\vendor\\laravel\\framework\\src\\Illuminate\\Database\\Connection.php(431): Illuminate\\Database\\Connection->run('select table_na...', Array, Object(Closure))
#14 C:\\laragon\\www\\kantin-DTEDI\\vendor\\laravel\\framework\\src\\Illuminate\\Database\\Connection.php(401): Illuminate\\Database\\Connection->select('select table_na...', Array, false)
#15 C:\\laragon\\www\\kantin-DTEDI\\vendor\\laravel\\framework\\src\\Illuminate\\Database\\Schema\\MySqlBuilder.php(42): Illuminate\\Database\\Connection->selectFromWriteConnection('select table_na...')
#16 C:\\laragon\\www\\kantin-DTEDI\\vendor\\laravel\\framework\\src\\Illuminate\\Database\\Schema\\MySqlBuilder.php(147): Illuminate\\Database\\Schema\\MySqlBuilder->getTables()
#17 C:\\laragon\\www\\kantin-DTEDI\\vendor\\laravel\\framework\\src\\Illuminate\\Database\\Console\\WipeCommand.php(71): Illuminate\\Database\\Schema\\MySqlBuilder->dropAllTables()
#18 C:\\laragon\\www\\kantin-DTEDI\\vendor\\laravel\\framework\\src\\Illuminate\\Database\\Console\\WipeCommand.php(48): Illuminate\\Database\\Console\\WipeCommand->dropAllTables(NULL)
#19 C:\\laragon\\www\\kantin-DTEDI\\vendor\\laravel\\framework\\src\\Illuminate\\Container\\BoundMethod.php(36): Illuminate\\Database\\Console\\WipeCommand->handle()
#20 C:\\laragon\\www\\kantin-DTEDI\\vendor\\laravel\\framework\\src\\Illuminate\\Container\\Util.php(41): Illuminate\\Container\\BoundMethod::Illuminate\\Container\\{closure}()
#21 C:\\laragon\\www\\kantin-DTEDI\\vendor\\laravel\\framework\\src\\Illuminate\\Container\\BoundMethod.php(93): Illuminate\\Container\\Util::unwrapIfClosure(Object(Closure))
#22 C:\\laragon\\www\\kantin-DTEDI\\vendor\\laravel\\framework\\src\\Illuminate\\Container\\BoundMethod.php(37): Illuminate\\Container\\BoundMethod::callBoundMethod(Object(Illuminate\\Foundation\\Application), Array, Object(Closure))
#23 C:\\laragon\\www\\kantin-DTEDI\\vendor\\laravel\\framework\\src\\Illuminate\\Container\\Container.php(662): Illuminate\\Container\\BoundMethod::call(Object(Illuminate\\Foundation\\Application), Array, Array, NULL)
#24 C:\\laragon\\www\\kantin-DTEDI\\vendor\\laravel\\framework\\src\\Illuminate\\Console\\Command.php(211): Illuminate\\Container\\Container->call(Array)
#25 C:\\laragon\\www\\kantin-DTEDI\\vendor\\symfony\\console\\Command\\Command.php(326): Illuminate\\Console\\Command->execute(Object(Symfony\\Component\\Console\\Input\\ArrayInput), Object(Illuminate\\Console\\OutputStyle))
#26 C:\\laragon\\www\\kantin-DTEDI\\vendor\\laravel\\framework\\src\\Illuminate\\Console\\Command.php(181): Symfony\\Component\\Console\\Command\\Command->run(Object(Symfony\\Component\\Console\\Input\\ArrayInput), Object(Illuminate\\Console\\OutputStyle))
#27 C:\\laragon\\www\\kantin-DTEDI\\vendor\\laravel\\framework\\src\\Illuminate\\Console\\Concerns\\CallsCommands.php(68): Illuminate\\Console\\Command->run(Object(Symfony\\Component\\Console\\Input\\ArrayInput), Object(Symfony\\Component\\Console\\Output\\NullOutput))
#28 C:\\laragon\\www\\kantin-DTEDI\\vendor\\laravel\\framework\\src\\Illuminate\\Console\\Concerns\\CallsCommands.php(40): Illuminate\\Console\\Command->runCommand('db:wipe', Array, Object(Symfony\\Component\\Console\\Output\\NullOutput))
#29 C:\\laragon\\www\\kantin-DTEDI\\vendor\\laravel\\framework\\src\\Illuminate\\Database\\Console\\Migrations\\FreshCommand.php(45): Illuminate\\Console\\Command->callSilent('db:wipe', Array)
#30 C:\\laragon\\www\\kantin-DTEDI\\vendor\\laravel\\framework\\src\\Illuminate\\Console\\View\\Components\\Task.php(37): Illuminate\\Database\\Console\\Migrations\\FreshCommand->Illuminate\\Database\\Console\\Migrations\\{closure}()
#31 C:\\laragon\\www\\kantin-DTEDI\\vendor\\laravel\\framework\\src\\Illuminate\\Console\\View\\Components\\Factory.php(58): Illuminate\\Console\\View\\Components\\Task->render('Dropping all ta...', Object(Closure))
#32 C:\\laragon\\www\\kantin-DTEDI\\vendor\\laravel\\framework\\src\\Illuminate\\Database\\Console\\Migrations\\FreshCommand.php(49): Illuminate\\Console\\View\\Components\\Factory->__call('task', Array)
#33 C:\\laragon\\www\\kantin-DTEDI\\vendor\\laravel\\framework\\src\\Illuminate\\Container\\BoundMethod.php(36): Illuminate\\Database\\Console\\Migrations\\FreshCommand->handle()
#34 C:\\laragon\\www\\kantin-DTEDI\\vendor\\laravel\\framework\\src\\Illuminate\\Container\\Util.php(41): Illuminate\\Container\\BoundMethod::Illuminate\\Container\\{closure}()
#35 C:\\laragon\\www\\kantin-DTEDI\\vendor\\laravel\\framework\\src\\Illuminate\\Container\\BoundMethod.php(93): Illuminate\\Container\\Util::unwrapIfClosure(Object(Closure))
#36 C:\\laragon\\www\\kantin-DTEDI\\vendor\\laravel\\framework\\src\\Illuminate\\Container\\BoundMethod.php(37): Illuminate\\Container\\BoundMethod::callBoundMethod(Object(Illuminate\\Foundation\\Application), Array, Object(Closure))
#37 C:\\laragon\\www\\kantin-DTEDI\\vendor\\laravel\\framework\\src\\Illuminate\\Container\\Container.php(662): Illuminate\\Container\\BoundMethod::call(Object(Illuminate\\Foundation\\Application), Array, Array, NULL)
#38 C:\\laragon\\www\\kantin-DTEDI\\vendor\\laravel\\framework\\src\\Illuminate\\Console\\Command.php(211): Illuminate\\Container\\Container->call(Array)
#39 C:\\laragon\\www\\kantin-DTEDI\\vendor\\symfony\\console\\Command\\Command.php(326): Illuminate\\Console\\Command->execute(Object(Symfony\\Component\\Console\\Input\\ArgvInput), Object(Illuminate\\Console\\OutputStyle))
#40 C:\\laragon\\www\\kantin-DTEDI\\vendor\\laravel\\framework\\src\\Illuminate\\Console\\Command.php(181): Symfony\\Component\\Console\\Command\\Command->run(Object(Symfony\\Component\\Console\\Input\\ArgvInput), Object(Illuminate\\Console\\OutputStyle))
#41 C:\\laragon\\www\\kantin-DTEDI\\vendor\\symfony\\console\\Application.php(1096): Illuminate\\Console\\Command->run(Object(Symfony\\Component\\Console\\Input\\ArgvInput), Object(Symfony\\Component\\Console\\Output\\ConsoleOutput))
#42 C:\\laragon\\www\\kantin-DTEDI\\vendor\\symfony\\console\\Application.php(324): Symfony\\Component\\Console\\Application->doRunCommand(Object(Illuminate\\Database\\Console\\Migrations\\FreshCommand), Object(Symfony\\Component\\Console\\Input\\ArgvInput), Object(Symfony\\Component\\Console\\Output\\ConsoleOutput))
#43 C:\\laragon\\www\\kantin-DTEDI\\vendor\\symfony\\console\\Application.php(175): Symfony\\Component\\Console\\Application->doRun(Object(Symfony\\Component\\Console\\Input\\ArgvInput), Object(Symfony\\Component\\Console\\Output\\ConsoleOutput))
#44 C:\\laragon\\www\\kantin-DTEDI\\vendor\\laravel\\framework\\src\\Illuminate\\Foundation\\Console\\Kernel.php(201): Symfony\\Component\\Console\\Application->run(Object(Symfony\\Component\\Console\\Input\\ArgvInput), Object(Symfony\\Component\\Console\\Output\\ConsoleOutput))
#45 C:\\laragon\\www\\kantin-DTEDI\\artisan(37): Illuminate\\Foundation\\Console\\Kernel->handle(Object(Symfony\\Component\\Console\\Input\\ArgvInput), Object(Symfony\\Component\\Console\\Output\\ConsoleOutput))
#46 {main}
"} 
[2024-11-26 06:29:23] local.ERROR: SQLSTATE[42S22]: Column not found: 1054 Unknown column 'password' in 'field list' (Connection: mysql, SQL: insert into `admin` (`name`, `password`, `profile_picture`) values (Admin User, $2y$12$CTS78HoQPga9NJfyfzNev.n6IzhMwAFZ6bIMPKC9NzpTiPWVcenYC, path)) {"exception":"[object] (Illuminate\\Database\\QueryException(code: 42S22): SQLSTATE[42S22]: Column not found: 1054 Unknown column 'password' in 'field list' (Connection: mysql, SQL: insert into `admin` (`name`, `password`, `profile_picture`) values (Admin User, $2y$12$CTS78HoQPga9NJfyfzNev.n6IzhMwAFZ6bIMPKC9NzpTiPWVcenYC, path)) at C:\\laragon\\www\\kantin-DTEDI\\vendor\\laravel\\framework\\src\\Illuminate\\Database\\Connection.php:829)
[stacktrace]
#0 C:\\laragon\\www\\kantin-DTEDI\\vendor\\laravel\\framework\\src\\Illuminate\\Database\\Connection.php(783): Illuminate\\Database\\Connection->runQueryCallback('insert into `ad...', Array, Object(Closure))
#1 C:\\laragon\\www\\kantin-DTEDI\\vendor\\laravel\\framework\\src\\Illuminate\\Database\\MySqlConnection.php(50): Illuminate\\Database\\Connection->run('insert into `ad...', Array, Object(Closure))
#2 C:\\laragon\\www\\kantin-DTEDI\\vendor\\laravel\\framework\\src\\Illuminate\\Database\\Query\\Builder.php(3500): Illuminate\\Database\\MySqlConnection->insert('insert into `ad...', Array)
#3 C:\\laragon\\www\\kantin-DTEDI\\database\\seeders\\AdminSeeder.php(19): Illuminate\\Database\\Query\\Builder->insert(Array)
#4 C:\\laragon\\www\\kantin-DTEDI\\vendor\\laravel\\framework\\src\\Illuminate\\Container\\BoundMethod.php(36): Database\\Seeders\\AdminSeeder->run()
#5 C:\\laragon\\www\\kantin-DTEDI\\vendor\\laravel\\framework\\src\\Illuminate\\Container\\Util.php(41): Illuminate\\Container\\BoundMethod::Illuminate\\Container\\{closure}()
#6 C:\\laragon\\www\\kantin-DTEDI\\vendor\\laravel\\framework\\src\\Illuminate\\Container\\BoundMethod.php(93): Illuminate\\Container\\Util::unwrapIfClosure(Object(Closure))
#7 C:\\laragon\\www\\kantin-DTEDI\\vendor\\laravel\\framework\\src\\Illuminate\\Container\\BoundMethod.php(37): Illuminate\\Container\\BoundMethod::callBoundMethod(Object(Illuminate\\Foundation\\Application), Array, Object(Closure))
#8 C:\\laragon\\www\\kantin-DTEDI\\vendor\\laravel\\framework\\src\\Illuminate\\Container\\Container.php(662): Illuminate\\Container\\BoundMethod::call(Object(Illuminate\\Foundation\\Application), Array, Array, NULL)
#9 C:\\laragon\\www\\kantin-DTEDI\\vendor\\laravel\\framework\\src\\Illuminate\\Database\\Seeder.php(184): Illuminate\\Container\\Container->call(Array, Array)
#10 C:\\laragon\\www\\kantin-DTEDI\\vendor\\laravel\\framework\\src\\Illuminate\\Database\\Seeder.php(193): Illuminate\\Database\\Seeder->Illuminate\\Database\\{closure}()
#11 C:\\laragon\\www\\kantin-DTEDI\\vendor\\laravel\\framework\\src\\Illuminate\\Database\\Seeder.php(61): Illuminate\\Database\\Seeder->__invoke(Array)
#12 C:\\laragon\\www\\kantin-DTEDI\\database\\seeders\\DatabaseSeeder.php(16): Illuminate\\Database\\Seeder->call('Database\\\\Seeder...')
#13 C:\\laragon\\www\\kantin-DTEDI\\vendor\\laravel\\framework\\src\\Illuminate\\Container\\BoundMethod.php(36): Database\\Seeders\\DatabaseSeeder->run()
#14 C:\\laragon\\www\\kantin-DTEDI\\vendor\\laravel\\framework\\src\\Illuminate\\Container\\Util.php(41): Illuminate\\Container\\BoundMethod::Illuminate\\Container\\{closure}()
#15 C:\\laragon\\www\\kantin-DTEDI\\vendor\\laravel\\framework\\src\\Illuminate\\Container\\BoundMethod.php(93): Illuminate\\Container\\Util::unwrapIfClosure(Object(Closure))
#16 C:\\laragon\\www\\kantin-DTEDI\\vendor\\laravel\\framework\\src\\Illuminate\\Container\\BoundMethod.php(37): Illuminate\\Container\\BoundMethod::callBoundMethod(Object(Illuminate\\Foundation\\Application), Array, Object(Closure))
#17 C:\\laragon\\www\\kantin-DTEDI\\vendor\\laravel\\framework\\src\\Illuminate\\Container\\Container.php(662): Illuminate\\Container\\BoundMethod::call(Object(Illuminate\\Foundation\\Application), Array, Array, NULL)
#18 C:\\laragon\\www\\kantin-DTEDI\\vendor\\laravel\\framework\\src\\Illuminate\\Database\\Seeder.php(184): Illuminate\\Container\\Container->call(Array, Array)
#19 C:\\laragon\\www\\kantin-DTEDI\\vendor\\laravel\\framework\\src\\Illuminate\\Database\\Seeder.php(193): Illuminate\\Database\\Seeder->Illuminate\\Database\\{closure}()
#20 C:\\laragon\\www\\kantin-DTEDI\\vendor\\laravel\\framework\\src\\Illuminate\\Database\\Console\\Seeds\\SeedCommand.php(70): Illuminate\\Database\\Seeder->__invoke()
#21 C:\\laragon\\www\\kantin-DTEDI\\vendor\\laravel\\framework\\src\\Illuminate\\Database\\Eloquent\\Concerns\\GuardsAttributes.php(155): Illuminate\\Database\\Console\\Seeds\\SeedCommand->Illuminate\\Database\\Console\\Seeds\\{closure}()
#22 C:\\laragon\\www\\kantin-DTEDI\\vendor\\laravel\\framework\\src\\Illuminate\\Database\\Console\\Seeds\\SeedCommand.php(71): Illuminate\\Database\\Eloquent\\Model::unguarded(Object(Closure))
#23 C:\\laragon\\www\\kantin-DTEDI\\vendor\\laravel\\framework\\src\\Illuminate\\Container\\BoundMethod.php(36): Illuminate\\Database\\Console\\Seeds\\SeedCommand->handle()
#24 C:\\laragon\\www\\kantin-DTEDI\\vendor\\laravel\\framework\\src\\Illuminate\\Container\\Util.php(41): Illuminate\\Container\\BoundMethod::Illuminate\\Container\\{closure}()
#25 C:\\laragon\\www\\kantin-DTEDI\\vendor\\laravel\\framework\\src\\Illuminate\\Container\\BoundMethod.php(93): Illuminate\\Container\\Util::unwrapIfClosure(Object(Closure))
#26 C:\\laragon\\www\\kantin-DTEDI\\vendor\\laravel\\framework\\src\\Illuminate\\Container\\BoundMethod.php(37): Illuminate\\Container\\BoundMethod::callBoundMethod(Object(Illuminate\\Foundation\\Application), Array, Object(Closure))
#27 C:\\laragon\\www\\kantin-DTEDI\\vendor\\laravel\\framework\\src\\Illuminate\\Container\\Container.php(662): Illuminate\\Container\\BoundMethod::call(Object(Illuminate\\Foundation\\Application), Array, Array, NULL)
#28 C:\\laragon\\www\\kantin-DTEDI\\vendor\\laravel\\framework\\src\\Illuminate\\Console\\Command.php(211): Illuminate\\Container\\Container->call(Array)
#29 C:\\laragon\\www\\kantin-DTEDI\\vendor\\symfony\\console\\Command\\Command.php(326): Illuminate\\Console\\Command->execute(Object(Symfony\\Component\\Console\\Input\\ArrayInput), Object(Illuminate\\Console\\OutputStyle))
#30 C:\\laragon\\www\\kantin-DTEDI\\vendor\\laravel\\framework\\src\\Illuminate\\Console\\Command.php(181): Symfony\\Component\\Console\\Command\\Command->run(Object(Symfony\\Component\\Console\\Input\\ArrayInput), Object(Illuminate\\Console\\OutputStyle))
#31 C:\\laragon\\www\\kantin-DTEDI\\vendor\\laravel\\framework\\src\\Illuminate\\Console\\Concerns\\CallsCommands.php(68): Illuminate\\Console\\Command->run(Object(Symfony\\Component\\Console\\Input\\ArrayInput), Object(Illuminate\\Console\\OutputStyle))
#32 C:\\laragon\\www\\kantin-DTEDI\\vendor\\laravel\\framework\\src\\Illuminate\\Console\\Concerns\\CallsCommands.php(28): Illuminate\\Console\\Command->runCommand('db:seed', Array, Object(Illuminate\\Console\\OutputStyle))
#33 C:\\laragon\\www\\kantin-DTEDI\\vendor\\laravel\\framework\\src\\Illuminate\\Database\\Console\\Migrations\\RefreshCommand.php(136): Illuminate\\Console\\Command->call('db:seed', Array)
#34 C:\\laragon\\www\\kantin-DTEDI\\vendor\\laravel\\framework\\src\\Illuminate\\Database\\Console\\Migrations\\RefreshCommand.php(75): Illuminate\\Database\\Console\\Migrations\\RefreshCommand->runSeeder(NULL)
#35 C:\\laragon\\www\\kantin-DTEDI\\vendor\\laravel\\framework\\src\\Illuminate\\Container\\BoundMethod.php(36): Illuminate\\Database\\Console\\Migrations\\RefreshCommand->handle()
#36 C:\\laragon\\www\\kantin-DTEDI\\vendor\\laravel\\framework\\src\\Illuminate\\Container\\Util.php(41): Illuminate\\Container\\BoundMethod::Illuminate\\Container\\{closure}()
#37 C:\\laragon\\www\\kantin-DTEDI\\vendor\\laravel\\framework\\src\\Illuminate\\Container\\BoundMethod.php(93): Illuminate\\Container\\Util::unwrapIfClosure(Object(Closure))
#38 C:\\laragon\\www\\kantin-DTEDI\\vendor\\laravel\\framework\\src\\Illuminate\\Container\\BoundMethod.php(37): Illuminate\\Container\\BoundMethod::callBoundMethod(Object(Illuminate\\Foundation\\Application), Array, Object(Closure))
#39 C:\\laragon\\www\\kantin-DTEDI\\vendor\\laravel\\framework\\src\\Illuminate\\Container\\Container.php(662): Illuminate\\Container\\BoundMethod::call(Object(Illuminate\\Foundation\\Application), Array, Array, NULL)
#40 C:\\laragon\\www\\kantin-DTEDI\\vendor\\laravel\\framework\\src\\Illuminate\\Console\\Command.php(211): Illuminate\\Container\\Container->call(Array)
#41 C:\\laragon\\www\\kantin-DTEDI\\vendor\\symfony\\console\\Command\\Command.php(326): Illuminate\\Console\\Command->execute(Object(Symfony\\Component\\Console\\Input\\ArgvInput), Object(Illuminate\\Console\\OutputStyle))
#42 C:\\laragon\\www\\kantin-DTEDI\\vendor\\laravel\\framework\\src\\Illuminate\\Console\\Command.php(181): Symfony\\Component\\Console\\Command\\Command->run(Object(Symfony\\Component\\Console\\Input\\ArgvInput), Object(Illuminate\\Console\\OutputStyle))
#43 C:\\laragon\\www\\kantin-DTEDI\\vendor\\symfony\\console\\Application.php(1096): Illuminate\\Console\\Command->run(Object(Symfony\\Component\\Console\\Input\\ArgvInput), Object(Symfony\\Component\\Console\\Output\\ConsoleOutput))
#44 C:\\laragon\\www\\kantin-DTEDI\\vendor\\symfony\\console\\Application.php(324): Symfony\\Component\\Console\\Application->doRunCommand(Object(Illuminate\\Database\\Console\\Migrations\\RefreshCommand), Object(Symfony\\Component\\Console\\Input\\ArgvInput), Object(Symfony\\Component\\Console\\Output\\ConsoleOutput))
#45 C:\\laragon\\www\\kantin-DTEDI\\vendor\\symfony\\console\\Application.php(175): Symfony\\Component\\Console\\Application->doRun(Object(Symfony\\Component\\Console\\Input\\ArgvInput), Object(Symfony\\Component\\Console\\Output\\ConsoleOutput))
#46 C:\\laragon\\www\\kantin-DTEDI\\vendor\\laravel\\framework\\src\\Illuminate\\Foundation\\Console\\Kernel.php(201): Symfony\\Component\\Console\\Application->run(Object(Symfony\\Component\\Console\\Input\\ArgvInput), Object(Symfony\\Component\\Console\\Output\\ConsoleOutput))
#47 C:\\laragon\\www\\kantin-DTEDI\\artisan(37): Illuminate\\Foundation\\Console\\Kernel->handle(Object(Symfony\\Component\\Console\\Input\\ArgvInput), Object(Symfony\\Component\\Console\\Output\\ConsoleOutput))
#48 {main}

[previous exception] [object] (PDOException(code: 42S22): SQLSTATE[42S22]: Column not found: 1054 Unknown column 'password' in 'field list' at C:\\laragon\\www\\kantin-DTEDI\\vendor\\laravel\\framework\\src\\Illuminate\\Database\\MySqlConnection.php:39)
[stacktrace]
#0 C:\\laragon\\www\\kantin-DTEDI\\vendor\\laravel\\framework\\src\\Illuminate\\Database\\MySqlConnection.php(39): PDO->prepare('insert into `ad...')
#1 C:\\laragon\\www\\kantin-DTEDI\\vendor\\laravel\\framework\\src\\Illuminate\\Database\\Connection.php(816): Illuminate\\Database\\MySqlConnection->Illuminate\\Database\\{closure}('insert into `ad...', Array)
#2 C:\\laragon\\www\\kantin-DTEDI\\vendor\\laravel\\framework\\src\\Illuminate\\Database\\Connection.php(783): Illuminate\\Database\\Connection->runQueryCallback('insert into `ad...', Array, Object(Closure))
#3 C:\\laragon\\www\\kantin-DTEDI\\vendor\\laravel\\framework\\src\\Illuminate\\Database\\MySqlConnection.php(50): Illuminate\\Database\\Connection->run('insert into `ad...', Array, Object(Closure))
#4 C:\\laragon\\www\\kantin-DTEDI\\vendor\\laravel\\framework\\src\\Illuminate\\Database\\Query\\Builder.php(3500): Illuminate\\Database\\MySqlConnection->insert('insert into `ad...', Array)
#5 C:\\laragon\\www\\kantin-DTEDI\\database\\seeders\\AdminSeeder.php(19): Illuminate\\Database\\Query\\Builder->insert(Array)
#6 C:\\laragon\\www\\kantin-DTEDI\\vendor\\laravel\\framework\\src\\Illuminate\\Container\\BoundMethod.php(36): Database\\Seeders\\AdminSeeder->run()
#7 C:\\laragon\\www\\kantin-DTEDI\\vendor\\laravel\\framework\\src\\Illuminate\\Container\\Util.php(41): Illuminate\\Container\\BoundMethod::Illuminate\\Container\\{closure}()
#8 C:\\laragon\\www\\kantin-DTEDI\\vendor\\laravel\\framework\\src\\Illuminate\\Container\\BoundMethod.php(93): Illuminate\\Container\\Util::unwrapIfClosure(Object(Closure))
#9 C:\\laragon\\www\\kantin-DTEDI\\vendor\\laravel\\framework\\src\\Illuminate\\Container\\BoundMethod.php(37): Illuminate\\Container\\BoundMethod::callBoundMethod(Object(Illuminate\\Foundation\\Application), Array, Object(Closure))
#10 C:\\laragon\\www\\kantin-DTEDI\\vendor\\laravel\\framework\\src\\Illuminate\\Container\\Container.php(662): Illuminate\\Container\\BoundMethod::call(Object(Illuminate\\Foundation\\Application), Array, Array, NULL)
#11 C:\\laragon\\www\\kantin-DTEDI\\vendor\\laravel\\framework\\src\\Illuminate\\Database\\Seeder.php(184): Illuminate\\Container\\Container->call(Array, Array)
#12 C:\\laragon\\www\\kantin-DTEDI\\vendor\\laravel\\framework\\src\\Illuminate\\Database\\Seeder.php(193): Illuminate\\Database\\Seeder->Illuminate\\Database\\{closure}()
#13 C:\\laragon\\www\\kantin-DTEDI\\vendor\\laravel\\framework\\src\\Illuminate\\Database\\Seeder.php(61): Illuminate\\Database\\Seeder->__invoke(Array)
#14 C:\\laragon\\www\\kantin-DTEDI\\database\\seeders\\DatabaseSeeder.php(16): Illuminate\\Database\\Seeder->call('Database\\\\Seeder...')
#15 C:\\laragon\\www\\kantin-DTEDI\\vendor\\laravel\\framework\\src\\Illuminate\\Container\\BoundMethod.php(36): Database\\Seeders\\DatabaseSeeder->run()
#16 C:\\laragon\\www\\kantin-DTEDI\\vendor\\laravel\\framework\\src\\Illuminate\\Container\\Util.php(41): Illuminate\\Container\\BoundMethod::Illuminate\\Container\\{closure}()
#17 C:\\laragon\\www\\kantin-DTEDI\\vendor\\laravel\\framework\\src\\Illuminate\\Container\\BoundMethod.php(93): Illuminate\\Container\\Util::unwrapIfClosure(Object(Closure))
#18 C:\\laragon\\www\\kantin-DTEDI\\vendor\\laravel\\framework\\src\\Illuminate\\Container\\BoundMethod.php(37): Illuminate\\Container\\BoundMethod::callBoundMethod(Object(Illuminate\\Foundation\\Application), Array, Object(Closure))
#19 C:\\laragon\\www\\kantin-DTEDI\\vendor\\laravel\\framework\\src\\Illuminate\\Container\\Container.php(662): Illuminate\\Container\\BoundMethod::call(Object(Illuminate\\Foundation\\Application), Array, Array, NULL)
#20 C:\\laragon\\www\\kantin-DTEDI\\vendor\\laravel\\framework\\src\\Illuminate\\Database\\Seeder.php(184): Illuminate\\Container\\Container->call(Array, Array)
#21 C:\\laragon\\www\\kantin-DTEDI\\vendor\\laravel\\framework\\src\\Illuminate\\Database\\Seeder.php(193): Illuminate\\Database\\Seeder->Illuminate\\Database\\{closure}()
#22 C:\\laragon\\www\\kantin-DTEDI\\vendor\\laravel\\framework\\src\\Illuminate\\Database\\Console\\Seeds\\SeedCommand.php(70): Illuminate\\Database\\Seeder->__invoke()
#23 C:\\laragon\\www\\kantin-DTEDI\\vendor\\laravel\\framework\\src\\Illuminate\\Database\\Eloquent\\Concerns\\GuardsAttributes.php(155): Illuminate\\Database\\Console\\Seeds\\SeedCommand->Illuminate\\Database\\Console\\Seeds\\{closure}()
#24 C:\\laragon\\www\\kantin-DTEDI\\vendor\\laravel\\framework\\src\\Illuminate\\Database\\Console\\Seeds\\SeedCommand.php(71): Illuminate\\Database\\Eloquent\\Model::unguarded(Object(Closure))
#25 C:\\laragon\\www\\kantin-DTEDI\\vendor\\laravel\\framework\\src\\Illuminate\\Container\\BoundMethod.php(36): Illuminate\\Database\\Console\\Seeds\\SeedCommand->handle()
#26 C:\\laragon\\www\\kantin-DTEDI\\vendor\\laravel\\framework\\src\\Illuminate\\Container\\Util.php(41): Illuminate\\Container\\BoundMethod::Illuminate\\Container\\{closure}()
#27 C:\\laragon\\www\\kantin-DTEDI\\vendor\\laravel\\framework\\src\\Illuminate\\Container\\BoundMethod.php(93): Illuminate\\Container\\Util::unwrapIfClosure(Object(Closure))
#28 C:\\laragon\\www\\kantin-DTEDI\\vendor\\laravel\\framework\\src\\Illuminate\\Container\\BoundMethod.php(37): Illuminate\\Container\\BoundMethod::callBoundMethod(Object(Illuminate\\Foundation\\Application), Array, Object(Closure))
#29 C:\\laragon\\www\\kantin-DTEDI\\vendor\\laravel\\framework\\src\\Illuminate\\Container\\Container.php(662): Illuminate\\Container\\BoundMethod::call(Object(Illuminate\\Foundation\\Application), Array, Array, NULL)
#30 C:\\laragon\\www\\kantin-DTEDI\\vendor\\laravel\\framework\\src\\Illuminate\\Console\\Command.php(211): Illuminate\\Container\\Container->call(Array)
#31 C:\\laragon\\www\\kantin-DTEDI\\vendor\\symfony\\console\\Command\\Command.php(326): Illuminate\\Console\\Command->execute(Object(Symfony\\Component\\Console\\Input\\ArrayInput), Object(Illuminate\\Console\\OutputStyle))
#32 C:\\laragon\\www\\kantin-DTEDI\\vendor\\laravel\\framework\\src\\Illuminate\\Console\\Command.php(181): Symfony\\Component\\Console\\Command\\Command->run(Object(Symfony\\Component\\Console\\Input\\ArrayInput), Object(Illuminate\\Console\\OutputStyle))
#33 C:\\laragon\\www\\kantin-DTEDI\\vendor\\laravel\\framework\\src\\Illuminate\\Console\\Concerns\\CallsCommands.php(68): Illuminate\\Console\\Command->run(Object(Symfony\\Component\\Console\\Input\\ArrayInput), Object(Illuminate\\Console\\OutputStyle))
#34 C:\\laragon\\www\\kantin-DTEDI\\vendor\\laravel\\framework\\src\\Illuminate\\Console\\Concerns\\CallsCommands.php(28): Illuminate\\Console\\Command->runCommand('db:seed', Array, Object(Illuminate\\Console\\OutputStyle))
#35 C:\\laragon\\www\\kantin-DTEDI\\vendor\\laravel\\framework\\src\\Illuminate\\Database\\Console\\Migrations\\RefreshCommand.php(136): Illuminate\\Console\\Command->call('db:seed', Array)
#36 C:\\laragon\\www\\kantin-DTEDI\\vendor\\laravel\\framework\\src\\Illuminate\\Database\\Console\\Migrations\\RefreshCommand.php(75): Illuminate\\Database\\Console\\Migrations\\RefreshCommand->runSeeder(NULL)
#37 C:\\laragon\\www\\kantin-DTEDI\\vendor\\laravel\\framework\\src\\Illuminate\\Container\\BoundMethod.php(36): Illuminate\\Database\\Console\\Migrations\\RefreshCommand->handle()
#38 C:\\laragon\\www\\kantin-DTEDI\\vendor\\laravel\\framework\\src\\Illuminate\\Container\\Util.php(41): Illuminate\\Container\\BoundMethod::Illuminate\\Container\\{closure}()
#39 C:\\laragon\\www\\kantin-DTEDI\\vendor\\laravel\\framework\\src\\Illuminate\\Container\\BoundMethod.php(93): Illuminate\\Container\\Util::unwrapIfClosure(Object(Closure))
#40 C:\\laragon\\www\\kantin-DTEDI\\vendor\\laravel\\framework\\src\\Illuminate\\Container\\BoundMethod.php(37): Illuminate\\Container\\BoundMethod::callBoundMethod(Object(Illuminate\\Foundation\\Application), Array, Object(Closure))
#41 C:\\laragon\\www\\kantin-DTEDI\\vendor\\laravel\\framework\\src\\Illuminate\\Container\\Container.php(662): Illuminate\\Container\\BoundMethod::call(Object(Illuminate\\Foundation\\Application), Array, Array, NULL)
#42 C:\\laragon\\www\\kantin-DTEDI\\vendor\\laravel\\framework\\src\\Illuminate\\Console\\Command.php(211): Illuminate\\Container\\Container->call(Array)
#43 C:\\laragon\\www\\kantin-DTEDI\\vendor\\symfony\\console\\Command\\Command.php(326): Illuminate\\Console\\Command->execute(Object(Symfony\\Component\\Console\\Input\\ArgvInput), Object(Illuminate\\Console\\OutputStyle))
#44 C:\\laragon\\www\\kantin-DTEDI\\vendor\\laravel\\framework\\src\\Illuminate\\Console\\Command.php(181): Symfony\\Component\\Console\\Command\\Command->run(Object(Symfony\\Component\\Console\\Input\\ArgvInput), Object(Illuminate\\Console\\OutputStyle))
#45 C:\\laragon\\www\\kantin-DTEDI\\vendor\\symfony\\console\\Application.php(1096): Illuminate\\Console\\Command->run(Object(Symfony\\Component\\Console\\Input\\ArgvInput), Object(Symfony\\Component\\Console\\Output\\ConsoleOutput))
#46 C:\\laragon\\www\\kantin-DTEDI\\vendor\\symfony\\console\\Application.php(324): Symfony\\Component\\Console\\Application->doRunCommand(Object(Illuminate\\Database\\Console\\Migrations\\RefreshCommand), Object(Symfony\\Component\\Console\\Input\\ArgvInput), Object(Symfony\\Component\\Console\\Output\\ConsoleOutput))
#47 C:\\laragon\\www\\kantin-DTEDI\\vendor\\symfony\\console\\Application.php(175): Symfony\\Component\\Console\\Application->doRun(Object(Symfony\\Component\\Console\\Input\\ArgvInput), Object(Symfony\\Component\\Console\\Output\\ConsoleOutput))
#48 C:\\laragon\\www\\kantin-DTEDI\\vendor\\laravel\\framework\\src\\Illuminate\\Foundation\\Console\\Kernel.php(201): Symfony\\Component\\Console\\Application->run(Object(Symfony\\Component\\Console\\Input\\ArgvInput), Object(Symfony\\Component\\Console\\Output\\ConsoleOutput))
#49 C:\\laragon\\www\\kantin-DTEDI\\artisan(37): Illuminate\\Foundation\\Console\\Kernel->handle(Object(Symfony\\Component\\Console\\Input\\ArgvInput), Object(Symfony\\Component\\Console\\Output\\ConsoleOutput))
#50 {main}
"} 
[2024-11-26 06:30:25] local.ERROR: SQLSTATE[01000]: Warning: 1265 Data truncated for column 'day' at row 1 (Connection: mysql, SQL: insert into `schedules` (`cashier_id`, `day`, `shift_id`) values (1, Monday, 1), (2, Tuesday, 2)) {"exception":"[object] (Illuminate\\Database\\QueryException(code: 01000): SQLSTATE[01000]: Warning: 1265 Data truncated for column 'day' at row 1 (Connection: mysql, SQL: insert into `schedules` (`cashier_id`, `day`, `shift_id`) values (1, Monday, 1), (2, Tuesday, 2)) at C:\\laragon\\www\\kantin-DTEDI\\vendor\\laravel\\framework\\src\\Illuminate\\Database\\Connection.php:829)
[stacktrace]
#0 C:\\laragon\\www\\kantin-DTEDI\\vendor\\laravel\\framework\\src\\Illuminate\\Database\\Connection.php(783): Illuminate\\Database\\Connection->runQueryCallback('insert into `sc...', Array, Object(Closure))
#1 C:\\laragon\\www\\kantin-DTEDI\\vendor\\laravel\\framework\\src\\Illuminate\\Database\\MySqlConnection.php(50): Illuminate\\Database\\Connection->run('insert into `sc...', Array, Object(Closure))
#2 C:\\laragon\\www\\kantin-DTEDI\\vendor\\laravel\\framework\\src\\Illuminate\\Database\\Query\\Builder.php(3500): Illuminate\\Database\\MySqlConnection->insert('insert into `sc...', Array)
#3 C:\\laragon\\www\\kantin-DTEDI\\database\\seeders\\SchedulesSeeder.php(17): Illuminate\\Database\\Query\\Builder->insert(Array)
#4 C:\\laragon\\www\\kantin-DTEDI\\vendor\\laravel\\framework\\src\\Illuminate\\Container\\BoundMethod.php(36): Database\\Seeders\\SchedulesSeeder->run()
#5 C:\\laragon\\www\\kantin-DTEDI\\vendor\\laravel\\framework\\src\\Illuminate\\Container\\Util.php(41): Illuminate\\Container\\BoundMethod::Illuminate\\Container\\{closure}()
#6 C:\\laragon\\www\\kantin-DTEDI\\vendor\\laravel\\framework\\src\\Illuminate\\Container\\BoundMethod.php(93): Illuminate\\Container\\Util::unwrapIfClosure(Object(Closure))
#7 C:\\laragon\\www\\kantin-DTEDI\\vendor\\laravel\\framework\\src\\Illuminate\\Container\\BoundMethod.php(37): Illuminate\\Container\\BoundMethod::callBoundMethod(Object(Illuminate\\Foundation\\Application), Array, Object(Closure))
#8 C:\\laragon\\www\\kantin-DTEDI\\vendor\\laravel\\framework\\src\\Illuminate\\Container\\Container.php(662): Illuminate\\Container\\BoundMethod::call(Object(Illuminate\\Foundation\\Application), Array, Array, NULL)
#9 C:\\laragon\\www\\kantin-DTEDI\\vendor\\laravel\\framework\\src\\Illuminate\\Database\\Seeder.php(184): Illuminate\\Container\\Container->call(Array, Array)
#10 C:\\laragon\\www\\kantin-DTEDI\\vendor\\laravel\\framework\\src\\Illuminate\\Database\\Seeder.php(193): Illuminate\\Database\\Seeder->Illuminate\\Database\\{closure}()
#11 C:\\laragon\\www\\kantin-DTEDI\\vendor\\laravel\\framework\\src\\Illuminate\\Database\\Seeder.php(61): Illuminate\\Database\\Seeder->__invoke(Array)
#12 C:\\laragon\\www\\kantin-DTEDI\\database\\seeders\\DatabaseSeeder.php(16): Illuminate\\Database\\Seeder->call('Database\\\\Seeder...')
#13 C:\\laragon\\www\\kantin-DTEDI\\vendor\\laravel\\framework\\src\\Illuminate\\Container\\BoundMethod.php(36): Database\\Seeders\\DatabaseSeeder->run()
#14 C:\\laragon\\www\\kantin-DTEDI\\vendor\\laravel\\framework\\src\\Illuminate\\Container\\Util.php(41): Illuminate\\Container\\BoundMethod::Illuminate\\Container\\{closure}()
#15 C:\\laragon\\www\\kantin-DTEDI\\vendor\\laravel\\framework\\src\\Illuminate\\Container\\BoundMethod.php(93): Illuminate\\Container\\Util::unwrapIfClosure(Object(Closure))
#16 C:\\laragon\\www\\kantin-DTEDI\\vendor\\laravel\\framework\\src\\Illuminate\\Container\\BoundMethod.php(37): Illuminate\\Container\\BoundMethod::callBoundMethod(Object(Illuminate\\Foundation\\Application), Array, Object(Closure))
#17 C:\\laragon\\www\\kantin-DTEDI\\vendor\\laravel\\framework\\src\\Illuminate\\Container\\Container.php(662): Illuminate\\Container\\BoundMethod::call(Object(Illuminate\\Foundation\\Application), Array, Array, NULL)
#18 C:\\laragon\\www\\kantin-DTEDI\\vendor\\laravel\\framework\\src\\Illuminate\\Database\\Seeder.php(184): Illuminate\\Container\\Container->call(Array, Array)
#19 C:\\laragon\\www\\kantin-DTEDI\\vendor\\laravel\\framework\\src\\Illuminate\\Database\\Seeder.php(193): Illuminate\\Database\\Seeder->Illuminate\\Database\\{closure}()
#20 C:\\laragon\\www\\kantin-DTEDI\\vendor\\laravel\\framework\\src\\Illuminate\\Database\\Console\\Seeds\\SeedCommand.php(70): Illuminate\\Database\\Seeder->__invoke()
#21 C:\\laragon\\www\\kantin-DTEDI\\vendor\\laravel\\framework\\src\\Illuminate\\Database\\Eloquent\\Concerns\\GuardsAttributes.php(155): Illuminate\\Database\\Console\\Seeds\\SeedCommand->Illuminate\\Database\\Console\\Seeds\\{closure}()
#22 C:\\laragon\\www\\kantin-DTEDI\\vendor\\laravel\\framework\\src\\Illuminate\\Database\\Console\\Seeds\\SeedCommand.php(71): Illuminate\\Database\\Eloquent\\Model::unguarded(Object(Closure))
#23 C:\\laragon\\www\\kantin-DTEDI\\vendor\\laravel\\framework\\src\\Illuminate\\Container\\BoundMethod.php(36): Illuminate\\Database\\Console\\Seeds\\SeedCommand->handle()
#24 C:\\laragon\\www\\kantin-DTEDI\\vendor\\laravel\\framework\\src\\Illuminate\\Container\\Util.php(41): Illuminate\\Container\\BoundMethod::Illuminate\\Container\\{closure}()
#25 C:\\laragon\\www\\kantin-DTEDI\\vendor\\laravel\\framework\\src\\Illuminate\\Container\\BoundMethod.php(93): Illuminate\\Container\\Util::unwrapIfClosure(Object(Closure))
#26 C:\\laragon\\www\\kantin-DTEDI\\vendor\\laravel\\framework\\src\\Illuminate\\Container\\BoundMethod.php(37): Illuminate\\Container\\BoundMethod::callBoundMethod(Object(Illuminate\\Foundation\\Application), Array, Object(Closure))
#27 C:\\laragon\\www\\kantin-DTEDI\\vendor\\laravel\\framework\\src\\Illuminate\\Container\\Container.php(662): Illuminate\\Container\\BoundMethod::call(Object(Illuminate\\Foundation\\Application), Array, Array, NULL)
#28 C:\\laragon\\www\\kantin-DTEDI\\vendor\\laravel\\framework\\src\\Illuminate\\Console\\Command.php(211): Illuminate\\Container\\Container->call(Array)
#29 C:\\laragon\\www\\kantin-DTEDI\\vendor\\symfony\\console\\Command\\Command.php(326): Illuminate\\Console\\Command->execute(Object(Symfony\\Component\\Console\\Input\\ArrayInput), Object(Illuminate\\Console\\OutputStyle))
#30 C:\\laragon\\www\\kantin-DTEDI\\vendor\\laravel\\framework\\src\\Illuminate\\Console\\Command.php(181): Symfony\\Component\\Console\\Command\\Command->run(Object(Symfony\\Component\\Console\\Input\\ArrayInput), Object(Illuminate\\Console\\OutputStyle))
#31 C:\\laragon\\www\\kantin-DTEDI\\vendor\\laravel\\framework\\src\\Illuminate\\Console\\Concerns\\CallsCommands.php(68): Illuminate\\Console\\Command->run(Object(Symfony\\Component\\Console\\Input\\ArrayInput), Object(Illuminate\\Console\\OutputStyle))
#32 C:\\laragon\\www\\kantin-DTEDI\\vendor\\laravel\\framework\\src\\Illuminate\\Console\\Concerns\\CallsCommands.php(28): Illuminate\\Console\\Command->runCommand('db:seed', Array, Object(Illuminate\\Console\\OutputStyle))
#33 C:\\laragon\\www\\kantin-DTEDI\\vendor\\laravel\\framework\\src\\Illuminate\\Database\\Console\\Migrations\\RefreshCommand.php(136): Illuminate\\Console\\Command->call('db:seed', Array)
#34 C:\\laragon\\www\\kantin-DTEDI\\vendor\\laravel\\framework\\src\\Illuminate\\Database\\Console\\Migrations\\RefreshCommand.php(75): Illuminate\\Database\\Console\\Migrations\\RefreshCommand->runSeeder(NULL)
#35 C:\\laragon\\www\\kantin-DTEDI\\vendor\\laravel\\framework\\src\\Illuminate\\Container\\BoundMethod.php(36): Illuminate\\Database\\Console\\Migrations\\RefreshCommand->handle()
#36 C:\\laragon\\www\\kantin-DTEDI\\vendor\\laravel\\framework\\src\\Illuminate\\Container\\Util.php(41): Illuminate\\Container\\BoundMethod::Illuminate\\Container\\{closure}()
#37 C:\\laragon\\www\\kantin-DTEDI\\vendor\\laravel\\framework\\src\\Illuminate\\Container\\BoundMethod.php(93): Illuminate\\Container\\Util::unwrapIfClosure(Object(Closure))
#38 C:\\laragon\\www\\kantin-DTEDI\\vendor\\laravel\\framework\\src\\Illuminate\\Container\\BoundMethod.php(37): Illuminate\\Container\\BoundMethod::callBoundMethod(Object(Illuminate\\Foundation\\Application), Array, Object(Closure))
#39 C:\\laragon\\www\\kantin-DTEDI\\vendor\\laravel\\framework\\src\\Illuminate\\Container\\Container.php(662): Illuminate\\Container\\BoundMethod::call(Object(Illuminate\\Foundation\\Application), Array, Array, NULL)
#40 C:\\laragon\\www\\kantin-DTEDI\\vendor\\laravel\\framework\\src\\Illuminate\\Console\\Command.php(211): Illuminate\\Container\\Container->call(Array)
#41 C:\\laragon\\www\\kantin-DTEDI\\vendor\\symfony\\console\\Command\\Command.php(326): Illuminate\\Console\\Command->execute(Object(Symfony\\Component\\Console\\Input\\ArgvInput), Object(Illuminate\\Console\\OutputStyle))
#42 C:\\laragon\\www\\kantin-DTEDI\\vendor\\laravel\\framework\\src\\Illuminate\\Console\\Command.php(181): Symfony\\Component\\Console\\Command\\Command->run(Object(Symfony\\Component\\Console\\Input\\ArgvInput), Object(Illuminate\\Console\\OutputStyle))
#43 C:\\laragon\\www\\kantin-DTEDI\\vendor\\symfony\\console\\Application.php(1096): Illuminate\\Console\\Command->run(Object(Symfony\\Component\\Console\\Input\\ArgvInput), Object(Symfony\\Component\\Console\\Output\\ConsoleOutput))
#44 C:\\laragon\\www\\kantin-DTEDI\\vendor\\symfony\\console\\Application.php(324): Symfony\\Component\\Console\\Application->doRunCommand(Object(Illuminate\\Database\\Console\\Migrations\\RefreshCommand), Object(Symfony\\Component\\Console\\Input\\ArgvInput), Object(Symfony\\Component\\Console\\Output\\ConsoleOutput))
#45 C:\\laragon\\www\\kantin-DTEDI\\vendor\\symfony\\console\\Application.php(175): Symfony\\Component\\Console\\Application->doRun(Object(Symfony\\Component\\Console\\Input\\ArgvInput), Object(Symfony\\Component\\Console\\Output\\ConsoleOutput))
#46 C:\\laragon\\www\\kantin-DTEDI\\vendor\\laravel\\framework\\src\\Illuminate\\Foundation\\Console\\Kernel.php(201): Symfony\\Component\\Console\\Application->run(Object(Symfony\\Component\\Console\\Input\\ArgvInput), Object(Symfony\\Component\\Console\\Output\\ConsoleOutput))
#47 C:\\laragon\\www\\kantin-DTEDI\\artisan(37): Illuminate\\Foundation\\Console\\Kernel->handle(Object(Symfony\\Component\\Console\\Input\\ArgvInput), Object(Symfony\\Component\\Console\\Output\\ConsoleOutput))
#48 {main}

[previous exception] [object] (PDOException(code: 01000): SQLSTATE[01000]: Warning: 1265 Data truncated for column 'day' at row 1 at C:\\laragon\\www\\kantin-DTEDI\\vendor\\laravel\\framework\\src\\Illuminate\\Database\\MySqlConnection.php:45)
[stacktrace]
#0 C:\\laragon\\www\\kantin-DTEDI\\vendor\\laravel\\framework\\src\\Illuminate\\Database\\MySqlConnection.php(45): PDOStatement->execute()
#1 C:\\laragon\\www\\kantin-DTEDI\\vendor\\laravel\\framework\\src\\Illuminate\\Database\\Connection.php(816): Illuminate\\Database\\MySqlConnection->Illuminate\\Database\\{closure}('insert into `sc...', Array)
#2 C:\\laragon\\www\\kantin-DTEDI\\vendor\\laravel\\framework\\src\\Illuminate\\Database\\Connection.php(783): Illuminate\\Database\\Connection->runQueryCallback('insert into `sc...', Array, Object(Closure))
#3 C:\\laragon\\www\\kantin-DTEDI\\vendor\\laravel\\framework\\src\\Illuminate\\Database\\MySqlConnection.php(50): Illuminate\\Database\\Connection->run('insert into `sc...', Array, Object(Closure))
#4 C:\\laragon\\www\\kantin-DTEDI\\vendor\\laravel\\framework\\src\\Illuminate\\Database\\Query\\Builder.php(3500): Illuminate\\Database\\MySqlConnection->insert('insert into `sc...', Array)
#5 C:\\laragon\\www\\kantin-DTEDI\\database\\seeders\\SchedulesSeeder.php(17): Illuminate\\Database\\Query\\Builder->insert(Array)
#6 C:\\laragon\\www\\kantin-DTEDI\\vendor\\laravel\\framework\\src\\Illuminate\\Container\\BoundMethod.php(36): Database\\Seeders\\SchedulesSeeder->run()
#7 C:\\laragon\\www\\kantin-DTEDI\\vendor\\laravel\\framework\\src\\Illuminate\\Container\\Util.php(41): Illuminate\\Container\\BoundMethod::Illuminate\\Container\\{closure}()
#8 C:\\laragon\\www\\kantin-DTEDI\\vendor\\laravel\\framework\\src\\Illuminate\\Container\\BoundMethod.php(93): Illuminate\\Container\\Util::unwrapIfClosure(Object(Closure))
#9 C:\\laragon\\www\\kantin-DTEDI\\vendor\\laravel\\framework\\src\\Illuminate\\Container\\BoundMethod.php(37): Illuminate\\Container\\BoundMethod::callBoundMethod(Object(Illuminate\\Foundation\\Application), Array, Object(Closure))
#10 C:\\laragon\\www\\kantin-DTEDI\\vendor\\laravel\\framework\\src\\Illuminate\\Container\\Container.php(662): Illuminate\\Container\\BoundMethod::call(Object(Illuminate\\Foundation\\Application), Array, Array, NULL)
#11 C:\\laragon\\www\\kantin-DTEDI\\vendor\\laravel\\framework\\src\\Illuminate\\Database\\Seeder.php(184): Illuminate\\Container\\Container->call(Array, Array)
#12 C:\\laragon\\www\\kantin-DTEDI\\vendor\\laravel\\framework\\src\\Illuminate\\Database\\Seeder.php(193): Illuminate\\Database\\Seeder->Illuminate\\Database\\{closure}()
#13 C:\\laragon\\www\\kantin-DTEDI\\vendor\\laravel\\framework\\src\\Illuminate\\Database\\Seeder.php(61): Illuminate\\Database\\Seeder->__invoke(Array)
#14 C:\\laragon\\www\\kantin-DTEDI\\database\\seeders\\DatabaseSeeder.php(16): Illuminate\\Database\\Seeder->call('Database\\\\Seeder...')
#15 C:\\laragon\\www\\kantin-DTEDI\\vendor\\laravel\\framework\\src\\Illuminate\\Container\\BoundMethod.php(36): Database\\Seeders\\DatabaseSeeder->run()
#16 C:\\laragon\\www\\kantin-DTEDI\\vendor\\laravel\\framework\\src\\Illuminate\\Container\\Util.php(41): Illuminate\\Container\\BoundMethod::Illuminate\\Container\\{closure}()
#17 C:\\laragon\\www\\kantin-DTEDI\\vendor\\laravel\\framework\\src\\Illuminate\\Container\\BoundMethod.php(93): Illuminate\\Container\\Util::unwrapIfClosure(Object(Closure))
#18 C:\\laragon\\www\\kantin-DTEDI\\vendor\\laravel\\framework\\src\\Illuminate\\Container\\BoundMethod.php(37): Illuminate\\Container\\BoundMethod::callBoundMethod(Object(Illuminate\\Foundation\\Application), Array, Object(Closure))
#19 C:\\laragon\\www\\kantin-DTEDI\\vendor\\laravel\\framework\\src\\Illuminate\\Container\\Container.php(662): Illuminate\\Container\\BoundMethod::call(Object(Illuminate\\Foundation\\Application), Array, Array, NULL)
#20 C:\\laragon\\www\\kantin-DTEDI\\vendor\\laravel\\framework\\src\\Illuminate\\Database\\Seeder.php(184): Illuminate\\Container\\Container->call(Array, Array)
#21 C:\\laragon\\www\\kantin-DTEDI\\vendor\\laravel\\framework\\src\\Illuminate\\Database\\Seeder.php(193): Illuminate\\Database\\Seeder->Illuminate\\Database\\{closure}()
#22 C:\\laragon\\www\\kantin-DTEDI\\vendor\\laravel\\framework\\src\\Illuminate\\Database\\Console\\Seeds\\SeedCommand.php(70): Illuminate\\Database\\Seeder->__invoke()
#23 C:\\laragon\\www\\kantin-DTEDI\\vendor\\laravel\\framework\\src\\Illuminate\\Database\\Eloquent\\Concerns\\GuardsAttributes.php(155): Illuminate\\Database\\Console\\Seeds\\SeedCommand->Illuminate\\Database\\Console\\Seeds\\{closure}()
#24 C:\\laragon\\www\\kantin-DTEDI\\vendor\\laravel\\framework\\src\\Illuminate\\Database\\Console\\Seeds\\SeedCommand.php(71): Illuminate\\Database\\Eloquent\\Model::unguarded(Object(Closure))
#25 C:\\laragon\\www\\kantin-DTEDI\\vendor\\laravel\\framework\\src\\Illuminate\\Container\\BoundMethod.php(36): Illuminate\\Database\\Console\\Seeds\\SeedCommand->handle()
#26 C:\\laragon\\www\\kantin-DTEDI\\vendor\\laravel\\framework\\src\\Illuminate\\Container\\Util.php(41): Illuminate\\Container\\BoundMethod::Illuminate\\Container\\{closure}()
#27 C:\\laragon\\www\\kantin-DTEDI\\vendor\\laravel\\framework\\src\\Illuminate\\Container\\BoundMethod.php(93): Illuminate\\Container\\Util::unwrapIfClosure(Object(Closure))
#28 C:\\laragon\\www\\kantin-DTEDI\\vendor\\laravel\\framework\\src\\Illuminate\\Container\\BoundMethod.php(37): Illuminate\\Container\\BoundMethod::callBoundMethod(Object(Illuminate\\Foundation\\Application), Array, Object(Closure))
#29 C:\\laragon\\www\\kantin-DTEDI\\vendor\\laravel\\framework\\src\\Illuminate\\Container\\Container.php(662): Illuminate\\Container\\BoundMethod::call(Object(Illuminate\\Foundation\\Application), Array, Array, NULL)
#30 C:\\laragon\\www\\kantin-DTEDI\\vendor\\laravel\\framework\\src\\Illuminate\\Console\\Command.php(211): Illuminate\\Container\\Container->call(Array)
#31 C:\\laragon\\www\\kantin-DTEDI\\vendor\\symfony\\console\\Command\\Command.php(326): Illuminate\\Console\\Command->execute(Object(Symfony\\Component\\Console\\Input\\ArrayInput), Object(Illuminate\\Console\\OutputStyle))
#32 C:\\laragon\\www\\kantin-DTEDI\\vendor\\laravel\\framework\\src\\Illuminate\\Console\\Command.php(181): Symfony\\Component\\Console\\Command\\Command->run(Object(Symfony\\Component\\Console\\Input\\ArrayInput), Object(Illuminate\\Console\\OutputStyle))
#33 C:\\laragon\\www\\kantin-DTEDI\\vendor\\laravel\\framework\\src\\Illuminate\\Console\\Concerns\\CallsCommands.php(68): Illuminate\\Console\\Command->run(Object(Symfony\\Component\\Console\\Input\\ArrayInput), Object(Illuminate\\Console\\OutputStyle))
#34 C:\\laragon\\www\\kantin-DTEDI\\vendor\\laravel\\framework\\src\\Illuminate\\Console\\Concerns\\CallsCommands.php(28): Illuminate\\Console\\Command->runCommand('db:seed', Array, Object(Illuminate\\Console\\OutputStyle))
#35 C:\\laragon\\www\\kantin-DTEDI\\vendor\\laravel\\framework\\src\\Illuminate\\Database\\Console\\Migrations\\RefreshCommand.php(136): Illuminate\\Console\\Command->call('db:seed', Array)
#36 C:\\laragon\\www\\kantin-DTEDI\\vendor\\laravel\\framework\\src\\Illuminate\\Database\\Console\\Migrations\\RefreshCommand.php(75): Illuminate\\Database\\Console\\Migrations\\RefreshCommand->runSeeder(NULL)
#37 C:\\laragon\\www\\kantin-DTEDI\\vendor\\laravel\\framework\\src\\Illuminate\\Container\\BoundMethod.php(36): Illuminate\\Database\\Console\\Migrations\\RefreshCommand->handle()
#38 C:\\laragon\\www\\kantin-DTEDI\\vendor\\laravel\\framework\\src\\Illuminate\\Container\\Util.php(41): Illuminate\\Container\\BoundMethod::Illuminate\\Container\\{closure}()
#39 C:\\laragon\\www\\kantin-DTEDI\\vendor\\laravel\\framework\\src\\Illuminate\\Container\\BoundMethod.php(93): Illuminate\\Container\\Util::unwrapIfClosure(Object(Closure))
#40 C:\\laragon\\www\\kantin-DTEDI\\vendor\\laravel\\framework\\src\\Illuminate\\Container\\BoundMethod.php(37): Illuminate\\Container\\BoundMethod::callBoundMethod(Object(Illuminate\\Foundation\\Application), Array, Object(Closure))
#41 C:\\laragon\\www\\kantin-DTEDI\\vendor\\laravel\\framework\\src\\Illuminate\\Container\\Container.php(662): Illuminate\\Container\\BoundMethod::call(Object(Illuminate\\Foundation\\Application), Array, Array, NULL)
#42 C:\\laragon\\www\\kantin-DTEDI\\vendor\\laravel\\framework\\src\\Illuminate\\Console\\Command.php(211): Illuminate\\Container\\Container->call(Array)
#43 C:\\laragon\\www\\kantin-DTEDI\\vendor\\symfony\\console\\Command\\Command.php(326): Illuminate\\Console\\Command->execute(Object(Symfony\\Component\\Console\\Input\\ArgvInput), Object(Illuminate\\Console\\OutputStyle))
#44 C:\\laragon\\www\\kantin-DTEDI\\vendor\\laravel\\framework\\src\\Illuminate\\Console\\Command.php(181): Symfony\\Component\\Console\\Command\\Command->run(Object(Symfony\\Component\\Console\\Input\\ArgvInput), Object(Illuminate\\Console\\OutputStyle))
#45 C:\\laragon\\www\\kantin-DTEDI\\vendor\\symfony\\console\\Application.php(1096): Illuminate\\Console\\Command->run(Object(Symfony\\Component\\Console\\Input\\ArgvInput), Object(Symfony\\Component\\Console\\Output\\ConsoleOutput))
#46 C:\\laragon\\www\\kantin-DTEDI\\vendor\\symfony\\console\\Application.php(324): Symfony\\Component\\Console\\Application->doRunCommand(Object(Illuminate\\Database\\Console\\Migrations\\RefreshCommand), Object(Symfony\\Component\\Console\\Input\\ArgvInput), Object(Symfony\\Component\\Console\\Output\\ConsoleOutput))
#47 C:\\laragon\\www\\kantin-DTEDI\\vendor\\symfony\\console\\Application.php(175): Symfony\\Component\\Console\\Application->doRun(Object(Symfony\\Component\\Console\\Input\\ArgvInput), Object(Symfony\\Component\\Console\\Output\\ConsoleOutput))
#48 C:\\laragon\\www\\kantin-DTEDI\\vendor\\laravel\\framework\\src\\Illuminate\\Foundation\\Console\\Kernel.php(201): Symfony\\Component\\Console\\Application->run(Object(Symfony\\Component\\Console\\Input\\ArgvInput), Object(Symfony\\Component\\Console\\Output\\ConsoleOutput))
#49 C:\\laragon\\www\\kantin-DTEDI\\artisan(37): Illuminate\\Foundation\\Console\\Kernel->handle(Object(Symfony\\Component\\Console\\Input\\ArgvInput), Object(Symfony\\Component\\Console\\Output\\ConsoleOutput))
#50 {main}
"} 
[2024-11-26 06:34:53] local.ERROR: SQLSTATE[42S02]: Base table or view not found: 1146 Table 'kantin_dtedi.receipts' doesn't exist (Connection: mysql, SQL: insert into `receipts` (`cashier_id`, `payment`, `returns`, `time`, `type`) values (1, 5000, 500, 2024-11-26 06:34:53, cash), (2, 20000, 0, 2024-11-26 06:34:53, card)) {"exception":"[object] (Illuminate\\Database\\QueryException(code: 42S02): SQLSTATE[42S02]: Base table or view not found: 1146 Table 'kantin_dtedi.receipts' doesn't exist (Connection: mysql, SQL: insert into `receipts` (`cashier_id`, `payment`, `returns`, `time`, `type`) values (1, 5000, 500, 2024-11-26 06:34:53, cash), (2, 20000, 0, 2024-11-26 06:34:53, card)) at C:\\laragon\\www\\kantin-DTEDI\\vendor\\laravel\\framework\\src\\Illuminate\\Database\\Connection.php:829)
[stacktrace]
#0 C:\\laragon\\www\\kantin-DTEDI\\vendor\\laravel\\framework\\src\\Illuminate\\Database\\Connection.php(783): Illuminate\\Database\\Connection->runQueryCallback('insert into `re...', Array, Object(Closure))
#1 C:\\laragon\\www\\kantin-DTEDI\\vendor\\laravel\\framework\\src\\Illuminate\\Database\\MySqlConnection.php(50): Illuminate\\Database\\Connection->run('insert into `re...', Array, Object(Closure))
#2 C:\\laragon\\www\\kantin-DTEDI\\vendor\\laravel\\framework\\src\\Illuminate\\Database\\Query\\Builder.php(3500): Illuminate\\Database\\MySqlConnection->insert('insert into `re...', Array)
#3 C:\\laragon\\www\\kantin-DTEDI\\database\\seeders\\ReceiptsSeeder.php(18): Illuminate\\Database\\Query\\Builder->insert(Array)
#4 C:\\laragon\\www\\kantin-DTEDI\\vendor\\laravel\\framework\\src\\Illuminate\\Container\\BoundMethod.php(36): Database\\Seeders\\ReceiptsSeeder->run()
#5 C:\\laragon\\www\\kantin-DTEDI\\vendor\\laravel\\framework\\src\\Illuminate\\Container\\Util.php(41): Illuminate\\Container\\BoundMethod::Illuminate\\Container\\{closure}()
#6 C:\\laragon\\www\\kantin-DTEDI\\vendor\\laravel\\framework\\src\\Illuminate\\Container\\BoundMethod.php(93): Illuminate\\Container\\Util::unwrapIfClosure(Object(Closure))
#7 C:\\laragon\\www\\kantin-DTEDI\\vendor\\laravel\\framework\\src\\Illuminate\\Container\\BoundMethod.php(37): Illuminate\\Container\\BoundMethod::callBoundMethod(Object(Illuminate\\Foundation\\Application), Array, Object(Closure))
#8 C:\\laragon\\www\\kantin-DTEDI\\vendor\\laravel\\framework\\src\\Illuminate\\Container\\Container.php(662): Illuminate\\Container\\BoundMethod::call(Object(Illuminate\\Foundation\\Application), Array, Array, NULL)
#9 C:\\laragon\\www\\kantin-DTEDI\\vendor\\laravel\\framework\\src\\Illuminate\\Database\\Seeder.php(184): Illuminate\\Container\\Container->call(Array, Array)
#10 C:\\laragon\\www\\kantin-DTEDI\\vendor\\laravel\\framework\\src\\Illuminate\\Database\\Seeder.php(193): Illuminate\\Database\\Seeder->Illuminate\\Database\\{closure}()
#11 C:\\laragon\\www\\kantin-DTEDI\\vendor\\laravel\\framework\\src\\Illuminate\\Database\\Seeder.php(61): Illuminate\\Database\\Seeder->__invoke(Array)
#12 C:\\laragon\\www\\kantin-DTEDI\\database\\seeders\\DatabaseSeeder.php(16): Illuminate\\Database\\Seeder->call('Database\\\\Seeder...')
#13 C:\\laragon\\www\\kantin-DTEDI\\vendor\\laravel\\framework\\src\\Illuminate\\Container\\BoundMethod.php(36): Database\\Seeders\\DatabaseSeeder->run()
#14 C:\\laragon\\www\\kantin-DTEDI\\vendor\\laravel\\framework\\src\\Illuminate\\Container\\Util.php(41): Illuminate\\Container\\BoundMethod::Illuminate\\Container\\{closure}()
#15 C:\\laragon\\www\\kantin-DTEDI\\vendor\\laravel\\framework\\src\\Illuminate\\Container\\BoundMethod.php(93): Illuminate\\Container\\Util::unwrapIfClosure(Object(Closure))
#16 C:\\laragon\\www\\kantin-DTEDI\\vendor\\laravel\\framework\\src\\Illuminate\\Container\\BoundMethod.php(37): Illuminate\\Container\\BoundMethod::callBoundMethod(Object(Illuminate\\Foundation\\Application), Array, Object(Closure))
#17 C:\\laragon\\www\\kantin-DTEDI\\vendor\\laravel\\framework\\src\\Illuminate\\Container\\Container.php(662): Illuminate\\Container\\BoundMethod::call(Object(Illuminate\\Foundation\\Application), Array, Array, NULL)
#18 C:\\laragon\\www\\kantin-DTEDI\\vendor\\laravel\\framework\\src\\Illuminate\\Database\\Seeder.php(184): Illuminate\\Container\\Container->call(Array, Array)
#19 C:\\laragon\\www\\kantin-DTEDI\\vendor\\laravel\\framework\\src\\Illuminate\\Database\\Seeder.php(193): Illuminate\\Database\\Seeder->Illuminate\\Database\\{closure}()
#20 C:\\laragon\\www\\kantin-DTEDI\\vendor\\laravel\\framework\\src\\Illuminate\\Database\\Console\\Seeds\\SeedCommand.php(70): Illuminate\\Database\\Seeder->__invoke()
#21 C:\\laragon\\www\\kantin-DTEDI\\vendor\\laravel\\framework\\src\\Illuminate\\Database\\Eloquent\\Concerns\\GuardsAttributes.php(155): Illuminate\\Database\\Console\\Seeds\\SeedCommand->Illuminate\\Database\\Console\\Seeds\\{closure}()
#22 C:\\laragon\\www\\kantin-DTEDI\\vendor\\laravel\\framework\\src\\Illuminate\\Database\\Console\\Seeds\\SeedCommand.php(71): Illuminate\\Database\\Eloquent\\Model::unguarded(Object(Closure))
#23 C:\\laragon\\www\\kantin-DTEDI\\vendor\\laravel\\framework\\src\\Illuminate\\Container\\BoundMethod.php(36): Illuminate\\Database\\Console\\Seeds\\SeedCommand->handle()
#24 C:\\laragon\\www\\kantin-DTEDI\\vendor\\laravel\\framework\\src\\Illuminate\\Container\\Util.php(41): Illuminate\\Container\\BoundMethod::Illuminate\\Container\\{closure}()
#25 C:\\laragon\\www\\kantin-DTEDI\\vendor\\laravel\\framework\\src\\Illuminate\\Container\\BoundMethod.php(93): Illuminate\\Container\\Util::unwrapIfClosure(Object(Closure))
#26 C:\\laragon\\www\\kantin-DTEDI\\vendor\\laravel\\framework\\src\\Illuminate\\Container\\BoundMethod.php(37): Illuminate\\Container\\BoundMethod::callBoundMethod(Object(Illuminate\\Foundation\\Application), Array, Object(Closure))
#27 C:\\laragon\\www\\kantin-DTEDI\\vendor\\laravel\\framework\\src\\Illuminate\\Container\\Container.php(662): Illuminate\\Container\\BoundMethod::call(Object(Illuminate\\Foundation\\Application), Array, Array, NULL)
#28 C:\\laragon\\www\\kantin-DTEDI\\vendor\\laravel\\framework\\src\\Illuminate\\Console\\Command.php(211): Illuminate\\Container\\Container->call(Array)
#29 C:\\laragon\\www\\kantin-DTEDI\\vendor\\symfony\\console\\Command\\Command.php(326): Illuminate\\Console\\Command->execute(Object(Symfony\\Component\\Console\\Input\\ArrayInput), Object(Illuminate\\Console\\OutputStyle))
#30 C:\\laragon\\www\\kantin-DTEDI\\vendor\\laravel\\framework\\src\\Illuminate\\Console\\Command.php(181): Symfony\\Component\\Console\\Command\\Command->run(Object(Symfony\\Component\\Console\\Input\\ArrayInput), Object(Illuminate\\Console\\OutputStyle))
#31 C:\\laragon\\www\\kantin-DTEDI\\vendor\\laravel\\framework\\src\\Illuminate\\Console\\Concerns\\CallsCommands.php(68): Illuminate\\Console\\Command->run(Object(Symfony\\Component\\Console\\Input\\ArrayInput), Object(Illuminate\\Console\\OutputStyle))
#32 C:\\laragon\\www\\kantin-DTEDI\\vendor\\laravel\\framework\\src\\Illuminate\\Console\\Concerns\\CallsCommands.php(28): Illuminate\\Console\\Command->runCommand('db:seed', Array, Object(Illuminate\\Console\\OutputStyle))
#33 C:\\laragon\\www\\kantin-DTEDI\\vendor\\laravel\\framework\\src\\Illuminate\\Database\\Console\\Migrations\\RefreshCommand.php(136): Illuminate\\Console\\Command->call('db:seed', Array)
#34 C:\\laragon\\www\\kantin-DTEDI\\vendor\\laravel\\framework\\src\\Illuminate\\Database\\Console\\Migrations\\RefreshCommand.php(75): Illuminate\\Database\\Console\\Migrations\\RefreshCommand->runSeeder(NULL)
#35 C:\\laragon\\www\\kantin-DTEDI\\vendor\\laravel\\framework\\src\\Illuminate\\Container\\BoundMethod.php(36): Illuminate\\Database\\Console\\Migrations\\RefreshCommand->handle()
#36 C:\\laragon\\www\\kantin-DTEDI\\vendor\\laravel\\framework\\src\\Illuminate\\Container\\Util.php(41): Illuminate\\Container\\BoundMethod::Illuminate\\Container\\{closure}()
#37 C:\\laragon\\www\\kantin-DTEDI\\vendor\\laravel\\framework\\src\\Illuminate\\Container\\BoundMethod.php(93): Illuminate\\Container\\Util::unwrapIfClosure(Object(Closure))
#38 C:\\laragon\\www\\kantin-DTEDI\\vendor\\laravel\\framework\\src\\Illuminate\\Container\\BoundMethod.php(37): Illuminate\\Container\\BoundMethod::callBoundMethod(Object(Illuminate\\Foundation\\Application), Array, Object(Closure))
#39 C:\\laragon\\www\\kantin-DTEDI\\vendor\\laravel\\framework\\src\\Illuminate\\Container\\Container.php(662): Illuminate\\Container\\BoundMethod::call(Object(Illuminate\\Foundation\\Application), Array, Array, NULL)
#40 C:\\laragon\\www\\kantin-DTEDI\\vendor\\laravel\\framework\\src\\Illuminate\\Console\\Command.php(211): Illuminate\\Container\\Container->call(Array)
#41 C:\\laragon\\www\\kantin-DTEDI\\vendor\\symfony\\console\\Command\\Command.php(326): Illuminate\\Console\\Command->execute(Object(Symfony\\Component\\Console\\Input\\ArgvInput), Object(Illuminate\\Console\\OutputStyle))
#42 C:\\laragon\\www\\kantin-DTEDI\\vendor\\laravel\\framework\\src\\Illuminate\\Console\\Command.php(181): Symfony\\Component\\Console\\Command\\Command->run(Object(Symfony\\Component\\Console\\Input\\ArgvInput), Object(Illuminate\\Console\\OutputStyle))
#43 C:\\laragon\\www\\kantin-DTEDI\\vendor\\symfony\\console\\Application.php(1096): Illuminate\\Console\\Command->run(Object(Symfony\\Component\\Console\\Input\\ArgvInput), Object(Symfony\\Component\\Console\\Output\\ConsoleOutput))
#44 C:\\laragon\\www\\kantin-DTEDI\\vendor\\symfony\\console\\Application.php(324): Symfony\\Component\\Console\\Application->doRunCommand(Object(Illuminate\\Database\\Console\\Migrations\\RefreshCommand), Object(Symfony\\Component\\Console\\Input\\ArgvInput), Object(Symfony\\Component\\Console\\Output\\ConsoleOutput))
#45 C:\\laragon\\www\\kantin-DTEDI\\vendor\\symfony\\console\\Application.php(175): Symfony\\Component\\Console\\Application->doRun(Object(Symfony\\Component\\Console\\Input\\ArgvInput), Object(Symfony\\Component\\Console\\Output\\ConsoleOutput))
#46 C:\\laragon\\www\\kantin-DTEDI\\vendor\\laravel\\framework\\src\\Illuminate\\Foundation\\Console\\Kernel.php(201): Symfony\\Component\\Console\\Application->run(Object(Symfony\\Component\\Console\\Input\\ArgvInput), Object(Symfony\\Component\\Console\\Output\\ConsoleOutput))
#47 C:\\laragon\\www\\kantin-DTEDI\\artisan(37): Illuminate\\Foundation\\Console\\Kernel->handle(Object(Symfony\\Component\\Console\\Input\\ArgvInput), Object(Symfony\\Component\\Console\\Output\\ConsoleOutput))
#48 {main}

[previous exception] [object] (PDOException(code: 42S02): SQLSTATE[42S02]: Base table or view not found: 1146 Table 'kantin_dtedi.receipts' doesn't exist at C:\\laragon\\www\\kantin-DTEDI\\vendor\\laravel\\framework\\src\\Illuminate\\Database\\MySqlConnection.php:39)
[stacktrace]
#0 C:\\laragon\\www\\kantin-DTEDI\\vendor\\laravel\\framework\\src\\Illuminate\\Database\\MySqlConnection.php(39): PDO->prepare('insert into `re...')
#1 C:\\laragon\\www\\kantin-DTEDI\\vendor\\laravel\\framework\\src\\Illuminate\\Database\\Connection.php(816): Illuminate\\Database\\MySqlConnection->Illuminate\\Database\\{closure}('insert into `re...', Array)
#2 C:\\laragon\\www\\kantin-DTEDI\\vendor\\laravel\\framework\\src\\Illuminate\\Database\\Connection.php(783): Illuminate\\Database\\Connection->runQueryCallback('insert into `re...', Array, Object(Closure))
#3 C:\\laragon\\www\\kantin-DTEDI\\vendor\\laravel\\framework\\src\\Illuminate\\Database\\MySqlConnection.php(50): Illuminate\\Database\\Connection->run('insert into `re...', Array, Object(Closure))
#4 C:\\laragon\\www\\kantin-DTEDI\\vendor\\laravel\\framework\\src\\Illuminate\\Database\\Query\\Builder.php(3500): Illuminate\\Database\\MySqlConnection->insert('insert into `re...', Array)
#5 C:\\laragon\\www\\kantin-DTEDI\\database\\seeders\\ReceiptsSeeder.php(18): Illuminate\\Database\\Query\\Builder->insert(Array)
#6 C:\\laragon\\www\\kantin-DTEDI\\vendor\\laravel\\framework\\src\\Illuminate\\Container\\BoundMethod.php(36): Database\\Seeders\\ReceiptsSeeder->run()
#7 C:\\laragon\\www\\kantin-DTEDI\\vendor\\laravel\\framework\\src\\Illuminate\\Container\\Util.php(41): Illuminate\\Container\\BoundMethod::Illuminate\\Container\\{closure}()
#8 C:\\laragon\\www\\kantin-DTEDI\\vendor\\laravel\\framework\\src\\Illuminate\\Container\\BoundMethod.php(93): Illuminate\\Container\\Util::unwrapIfClosure(Object(Closure))
#9 C:\\laragon\\www\\kantin-DTEDI\\vendor\\laravel\\framework\\src\\Illuminate\\Container\\BoundMethod.php(37): Illuminate\\Container\\BoundMethod::callBoundMethod(Object(Illuminate\\Foundation\\Application), Array, Object(Closure))
#10 C:\\laragon\\www\\kantin-DTEDI\\vendor\\laravel\\framework\\src\\Illuminate\\Container\\Container.php(662): Illuminate\\Container\\BoundMethod::call(Object(Illuminate\\Foundation\\Application), Array, Array, NULL)
#11 C:\\laragon\\www\\kantin-DTEDI\\vendor\\laravel\\framework\\src\\Illuminate\\Database\\Seeder.php(184): Illuminate\\Container\\Container->call(Array, Array)
#12 C:\\laragon\\www\\kantin-DTEDI\\vendor\\laravel\\framework\\src\\Illuminate\\Database\\Seeder.php(193): Illuminate\\Database\\Seeder->Illuminate\\Database\\{closure}()
#13 C:\\laragon\\www\\kantin-DTEDI\\vendor\\laravel\\framework\\src\\Illuminate\\Database\\Seeder.php(61): Illuminate\\Database\\Seeder->__invoke(Array)
#14 C:\\laragon\\www\\kantin-DTEDI\\database\\seeders\\DatabaseSeeder.php(16): Illuminate\\Database\\Seeder->call('Database\\\\Seeder...')
#15 C:\\laragon\\www\\kantin-DTEDI\\vendor\\laravel\\framework\\src\\Illuminate\\Container\\BoundMethod.php(36): Database\\Seeders\\DatabaseSeeder->run()
#16 C:\\laragon\\www\\kantin-DTEDI\\vendor\\laravel\\framework\\src\\Illuminate\\Container\\Util.php(41): Illuminate\\Container\\BoundMethod::Illuminate\\Container\\{closure}()
#17 C:\\laragon\\www\\kantin-DTEDI\\vendor\\laravel\\framework\\src\\Illuminate\\Container\\BoundMethod.php(93): Illuminate\\Container\\Util::unwrapIfClosure(Object(Closure))
#18 C:\\laragon\\www\\kantin-DTEDI\\vendor\\laravel\\framework\\src\\Illuminate\\Container\\BoundMethod.php(37): Illuminate\\Container\\BoundMethod::callBoundMethod(Object(Illuminate\\Foundation\\Application), Array, Object(Closure))
#19 C:\\laragon\\www\\kantin-DTEDI\\vendor\\laravel\\framework\\src\\Illuminate\\Container\\Container.php(662): Illuminate\\Container\\BoundMethod::call(Object(Illuminate\\Foundation\\Application), Array, Array, NULL)
#20 C:\\laragon\\www\\kantin-DTEDI\\vendor\\laravel\\framework\\src\\Illuminate\\Database\\Seeder.php(184): Illuminate\\Container\\Container->call(Array, Array)
#21 C:\\laragon\\www\\kantin-DTEDI\\vendor\\laravel\\framework\\src\\Illuminate\\Database\\Seeder.php(193): Illuminate\\Database\\Seeder->Illuminate\\Database\\{closure}()
#22 C:\\laragon\\www\\kantin-DTEDI\\vendor\\laravel\\framework\\src\\Illuminate\\Database\\Console\\Seeds\\SeedCommand.php(70): Illuminate\\Database\\Seeder->__invoke()
#23 C:\\laragon\\www\\kantin-DTEDI\\vendor\\laravel\\framework\\src\\Illuminate\\Database\\Eloquent\\Concerns\\GuardsAttributes.php(155): Illuminate\\Database\\Console\\Seeds\\SeedCommand->Illuminate\\Database\\Console\\Seeds\\{closure}()
#24 C:\\laragon\\www\\kantin-DTEDI\\vendor\\laravel\\framework\\src\\Illuminate\\Database\\Console\\Seeds\\SeedCommand.php(71): Illuminate\\Database\\Eloquent\\Model::unguarded(Object(Closure))
#25 C:\\laragon\\www\\kantin-DTEDI\\vendor\\laravel\\framework\\src\\Illuminate\\Container\\BoundMethod.php(36): Illuminate\\Database\\Console\\Seeds\\SeedCommand->handle()
#26 C:\\laragon\\www\\kantin-DTEDI\\vendor\\laravel\\framework\\src\\Illuminate\\Container\\Util.php(41): Illuminate\\Container\\BoundMethod::Illuminate\\Container\\{closure}()
#27 C:\\laragon\\www\\kantin-DTEDI\\vendor\\laravel\\framework\\src\\Illuminate\\Container\\BoundMethod.php(93): Illuminate\\Container\\Util::unwrapIfClosure(Object(Closure))
#28 C:\\laragon\\www\\kantin-DTEDI\\vendor\\laravel\\framework\\src\\Illuminate\\Container\\BoundMethod.php(37): Illuminate\\Container\\BoundMethod::callBoundMethod(Object(Illuminate\\Foundation\\Application), Array, Object(Closure))
#29 C:\\laragon\\www\\kantin-DTEDI\\vendor\\laravel\\framework\\src\\Illuminate\\Container\\Container.php(662): Illuminate\\Container\\BoundMethod::call(Object(Illuminate\\Foundation\\Application), Array, Array, NULL)
#30 C:\\laragon\\www\\kantin-DTEDI\\vendor\\laravel\\framework\\src\\Illuminate\\Console\\Command.php(211): Illuminate\\Container\\Container->call(Array)
#31 C:\\laragon\\www\\kantin-DTEDI\\vendor\\symfony\\console\\Command\\Command.php(326): Illuminate\\Console\\Command->execute(Object(Symfony\\Component\\Console\\Input\\ArrayInput), Object(Illuminate\\Console\\OutputStyle))
#32 C:\\laragon\\www\\kantin-DTEDI\\vendor\\laravel\\framework\\src\\Illuminate\\Console\\Command.php(181): Symfony\\Component\\Console\\Command\\Command->run(Object(Symfony\\Component\\Console\\Input\\ArrayInput), Object(Illuminate\\Console\\OutputStyle))
#33 C:\\laragon\\www\\kantin-DTEDI\\vendor\\laravel\\framework\\src\\Illuminate\\Console\\Concerns\\CallsCommands.php(68): Illuminate\\Console\\Command->run(Object(Symfony\\Component\\Console\\Input\\ArrayInput), Object(Illuminate\\Console\\OutputStyle))
#34 C:\\laragon\\www\\kantin-DTEDI\\vendor\\laravel\\framework\\src\\Illuminate\\Console\\Concerns\\CallsCommands.php(28): Illuminate\\Console\\Command->runCommand('db:seed', Array, Object(Illuminate\\Console\\OutputStyle))
#35 C:\\laragon\\www\\kantin-DTEDI\\vendor\\laravel\\framework\\src\\Illuminate\\Database\\Console\\Migrations\\RefreshCommand.php(136): Illuminate\\Console\\Command->call('db:seed', Array)
#36 C:\\laragon\\www\\kantin-DTEDI\\vendor\\laravel\\framework\\src\\Illuminate\\Database\\Console\\Migrations\\RefreshCommand.php(75): Illuminate\\Database\\Console\\Migrations\\RefreshCommand->runSeeder(NULL)
#37 C:\\laragon\\www\\kantin-DTEDI\\vendor\\laravel\\framework\\src\\Illuminate\\Container\\BoundMethod.php(36): Illuminate\\Database\\Console\\Migrations\\RefreshCommand->handle()
#38 C:\\laragon\\www\\kantin-DTEDI\\vendor\\laravel\\framework\\src\\Illuminate\\Container\\Util.php(41): Illuminate\\Container\\BoundMethod::Illuminate\\Container\\{closure}()
#39 C:\\laragon\\www\\kantin-DTEDI\\vendor\\laravel\\framework\\src\\Illuminate\\Container\\BoundMethod.php(93): Illuminate\\Container\\Util::unwrapIfClosure(Object(Closure))
#40 C:\\laragon\\www\\kantin-DTEDI\\vendor\\laravel\\framework\\src\\Illuminate\\Container\\BoundMethod.php(37): Illuminate\\Container\\BoundMethod::callBoundMethod(Object(Illuminate\\Foundation\\Application), Array, Object(Closure))
#41 C:\\laragon\\www\\kantin-DTEDI\\vendor\\laravel\\framework\\src\\Illuminate\\Container\\Container.php(662): Illuminate\\Container\\BoundMethod::call(Object(Illuminate\\Foundation\\Application), Array, Array, NULL)
#42 C:\\laragon\\www\\kantin-DTEDI\\vendor\\laravel\\framework\\src\\Illuminate\\Console\\Command.php(211): Illuminate\\Container\\Container->call(Array)
#43 C:\\laragon\\www\\kantin-DTEDI\\vendor\\symfony\\console\\Command\\Command.php(326): Illuminate\\Console\\Command->execute(Object(Symfony\\Component\\Console\\Input\\ArgvInput), Object(Illuminate\\Console\\OutputStyle))
#44 C:\\laragon\\www\\kantin-DTEDI\\vendor\\laravel\\framework\\src\\Illuminate\\Console\\Command.php(181): Symfony\\Component\\Console\\Command\\Command->run(Object(Symfony\\Component\\Console\\Input\\ArgvInput), Object(Illuminate\\Console\\OutputStyle))
#45 C:\\laragon\\www\\kantin-DTEDI\\vendor\\symfony\\console\\Application.php(1096): Illuminate\\Console\\Command->run(Object(Symfony\\Component\\Console\\Input\\ArgvInput), Object(Symfony\\Component\\Console\\Output\\ConsoleOutput))
#46 C:\\laragon\\www\\kantin-DTEDI\\vendor\\symfony\\console\\Application.php(324): Symfony\\Component\\Console\\Application->doRunCommand(Object(Illuminate\\Database\\Console\\Migrations\\RefreshCommand), Object(Symfony\\Component\\Console\\Input\\ArgvInput), Object(Symfony\\Component\\Console\\Output\\ConsoleOutput))
#47 C:\\laragon\\www\\kantin-DTEDI\\vendor\\symfony\\console\\Application.php(175): Symfony\\Component\\Console\\Application->doRun(Object(Symfony\\Component\\Console\\Input\\ArgvInput), Object(Symfony\\Component\\Console\\Output\\ConsoleOutput))
#48 C:\\laragon\\www\\kantin-DTEDI\\vendor\\laravel\\framework\\src\\Illuminate\\Foundation\\Console\\Kernel.php(201): Symfony\\Component\\Console\\Application->run(Object(Symfony\\Component\\Console\\Input\\ArgvInput), Object(Symfony\\Component\\Console\\Output\\ConsoleOutput))
#49 C:\\laragon\\www\\kantin-DTEDI\\artisan(37): Illuminate\\Foundation\\Console\\Kernel->handle(Object(Symfony\\Component\\Console\\Input\\ArgvInput), Object(Symfony\\Component\\Console\\Output\\ConsoleOutput))
#50 {main}
"} 
[2024-11-26 06:35:18] local.ERROR: SQLSTATE[42S02]: Base table or view not found: 1146 Table 'kantin_dtedi.receipts' doesn't exist (Connection: mysql, SQL: insert into `receipts` (`cashier_id`, `payment`, `returns`, `time`, `type`) values (1, 5000, 500, 2024-11-26 06:35:18, cash), (2, 20000, 0, 2024-11-26 06:35:18, qris)) {"exception":"[object] (Illuminate\\Database\\QueryException(code: 42S02): SQLSTATE[42S02]: Base table or view not found: 1146 Table 'kantin_dtedi.receipts' doesn't exist (Connection: mysql, SQL: insert into `receipts` (`cashier_id`, `payment`, `returns`, `time`, `type`) values (1, 5000, 500, 2024-11-26 06:35:18, cash), (2, 20000, 0, 2024-11-26 06:35:18, qris)) at C:\\laragon\\www\\kantin-DTEDI\\vendor\\laravel\\framework\\src\\Illuminate\\Database\\Connection.php:829)
[stacktrace]
#0 C:\\laragon\\www\\kantin-DTEDI\\vendor\\laravel\\framework\\src\\Illuminate\\Database\\Connection.php(783): Illuminate\\Database\\Connection->runQueryCallback('insert into `re...', Array, Object(Closure))
#1 C:\\laragon\\www\\kantin-DTEDI\\vendor\\laravel\\framework\\src\\Illuminate\\Database\\MySqlConnection.php(50): Illuminate\\Database\\Connection->run('insert into `re...', Array, Object(Closure))
#2 C:\\laragon\\www\\kantin-DTEDI\\vendor\\laravel\\framework\\src\\Illuminate\\Database\\Query\\Builder.php(3500): Illuminate\\Database\\MySqlConnection->insert('insert into `re...', Array)
#3 C:\\laragon\\www\\kantin-DTEDI\\database\\seeders\\ReceiptsSeeder.php(18): Illuminate\\Database\\Query\\Builder->insert(Array)
#4 C:\\laragon\\www\\kantin-DTEDI\\vendor\\laravel\\framework\\src\\Illuminate\\Container\\BoundMethod.php(36): Database\\Seeders\\ReceiptsSeeder->run()
#5 C:\\laragon\\www\\kantin-DTEDI\\vendor\\laravel\\framework\\src\\Illuminate\\Container\\Util.php(41): Illuminate\\Container\\BoundMethod::Illuminate\\Container\\{closure}()
#6 C:\\laragon\\www\\kantin-DTEDI\\vendor\\laravel\\framework\\src\\Illuminate\\Container\\BoundMethod.php(93): Illuminate\\Container\\Util::unwrapIfClosure(Object(Closure))
#7 C:\\laragon\\www\\kantin-DTEDI\\vendor\\laravel\\framework\\src\\Illuminate\\Container\\BoundMethod.php(37): Illuminate\\Container\\BoundMethod::callBoundMethod(Object(Illuminate\\Foundation\\Application), Array, Object(Closure))
#8 C:\\laragon\\www\\kantin-DTEDI\\vendor\\laravel\\framework\\src\\Illuminate\\Container\\Container.php(662): Illuminate\\Container\\BoundMethod::call(Object(Illuminate\\Foundation\\Application), Array, Array, NULL)
#9 C:\\laragon\\www\\kantin-DTEDI\\vendor\\laravel\\framework\\src\\Illuminate\\Database\\Seeder.php(184): Illuminate\\Container\\Container->call(Array, Array)
#10 C:\\laragon\\www\\kantin-DTEDI\\vendor\\laravel\\framework\\src\\Illuminate\\Database\\Seeder.php(193): Illuminate\\Database\\Seeder->Illuminate\\Database\\{closure}()
#11 C:\\laragon\\www\\kantin-DTEDI\\vendor\\laravel\\framework\\src\\Illuminate\\Database\\Seeder.php(61): Illuminate\\Database\\Seeder->__invoke(Array)
#12 C:\\laragon\\www\\kantin-DTEDI\\database\\seeders\\DatabaseSeeder.php(16): Illuminate\\Database\\Seeder->call('Database\\\\Seeder...')
#13 C:\\laragon\\www\\kantin-DTEDI\\vendor\\laravel\\framework\\src\\Illuminate\\Container\\BoundMethod.php(36): Database\\Seeders\\DatabaseSeeder->run()
#14 C:\\laragon\\www\\kantin-DTEDI\\vendor\\laravel\\framework\\src\\Illuminate\\Container\\Util.php(41): Illuminate\\Container\\BoundMethod::Illuminate\\Container\\{closure}()
#15 C:\\laragon\\www\\kantin-DTEDI\\vendor\\laravel\\framework\\src\\Illuminate\\Container\\BoundMethod.php(93): Illuminate\\Container\\Util::unwrapIfClosure(Object(Closure))
#16 C:\\laragon\\www\\kantin-DTEDI\\vendor\\laravel\\framework\\src\\Illuminate\\Container\\BoundMethod.php(37): Illuminate\\Container\\BoundMethod::callBoundMethod(Object(Illuminate\\Foundation\\Application), Array, Object(Closure))
#17 C:\\laragon\\www\\kantin-DTEDI\\vendor\\laravel\\framework\\src\\Illuminate\\Container\\Container.php(662): Illuminate\\Container\\BoundMethod::call(Object(Illuminate\\Foundation\\Application), Array, Array, NULL)
#18 C:\\laragon\\www\\kantin-DTEDI\\vendor\\laravel\\framework\\src\\Illuminate\\Database\\Seeder.php(184): Illuminate\\Container\\Container->call(Array, Array)
#19 C:\\laragon\\www\\kantin-DTEDI\\vendor\\laravel\\framework\\src\\Illuminate\\Database\\Seeder.php(193): Illuminate\\Database\\Seeder->Illuminate\\Database\\{closure}()
#20 C:\\laragon\\www\\kantin-DTEDI\\vendor\\laravel\\framework\\src\\Illuminate\\Database\\Console\\Seeds\\SeedCommand.php(70): Illuminate\\Database\\Seeder->__invoke()
#21 C:\\laragon\\www\\kantin-DTEDI\\vendor\\laravel\\framework\\src\\Illuminate\\Database\\Eloquent\\Concerns\\GuardsAttributes.php(155): Illuminate\\Database\\Console\\Seeds\\SeedCommand->Illuminate\\Database\\Console\\Seeds\\{closure}()
#22 C:\\laragon\\www\\kantin-DTEDI\\vendor\\laravel\\framework\\src\\Illuminate\\Database\\Console\\Seeds\\SeedCommand.php(71): Illuminate\\Database\\Eloquent\\Model::unguarded(Object(Closure))
#23 C:\\laragon\\www\\kantin-DTEDI\\vendor\\laravel\\framework\\src\\Illuminate\\Container\\BoundMethod.php(36): Illuminate\\Database\\Console\\Seeds\\SeedCommand->handle()
#24 C:\\laragon\\www\\kantin-DTEDI\\vendor\\laravel\\framework\\src\\Illuminate\\Container\\Util.php(41): Illuminate\\Container\\BoundMethod::Illuminate\\Container\\{closure}()
#25 C:\\laragon\\www\\kantin-DTEDI\\vendor\\laravel\\framework\\src\\Illuminate\\Container\\BoundMethod.php(93): Illuminate\\Container\\Util::unwrapIfClosure(Object(Closure))
#26 C:\\laragon\\www\\kantin-DTEDI\\vendor\\laravel\\framework\\src\\Illuminate\\Container\\BoundMethod.php(37): Illuminate\\Container\\BoundMethod::callBoundMethod(Object(Illuminate\\Foundation\\Application), Array, Object(Closure))
#27 C:\\laragon\\www\\kantin-DTEDI\\vendor\\laravel\\framework\\src\\Illuminate\\Container\\Container.php(662): Illuminate\\Container\\BoundMethod::call(Object(Illuminate\\Foundation\\Application), Array, Array, NULL)
#28 C:\\laragon\\www\\kantin-DTEDI\\vendor\\laravel\\framework\\src\\Illuminate\\Console\\Command.php(211): Illuminate\\Container\\Container->call(Array)
#29 C:\\laragon\\www\\kantin-DTEDI\\vendor\\symfony\\console\\Command\\Command.php(326): Illuminate\\Console\\Command->execute(Object(Symfony\\Component\\Console\\Input\\ArrayInput), Object(Illuminate\\Console\\OutputStyle))
#30 C:\\laragon\\www\\kantin-DTEDI\\vendor\\laravel\\framework\\src\\Illuminate\\Console\\Command.php(181): Symfony\\Component\\Console\\Command\\Command->run(Object(Symfony\\Component\\Console\\Input\\ArrayInput), Object(Illuminate\\Console\\OutputStyle))
#31 C:\\laragon\\www\\kantin-DTEDI\\vendor\\laravel\\framework\\src\\Illuminate\\Console\\Concerns\\CallsCommands.php(68): Illuminate\\Console\\Command->run(Object(Symfony\\Component\\Console\\Input\\ArrayInput), Object(Illuminate\\Console\\OutputStyle))
#32 C:\\laragon\\www\\kantin-DTEDI\\vendor\\laravel\\framework\\src\\Illuminate\\Console\\Concerns\\CallsCommands.php(28): Illuminate\\Console\\Command->runCommand('db:seed', Array, Object(Illuminate\\Console\\OutputStyle))
#33 C:\\laragon\\www\\kantin-DTEDI\\vendor\\laravel\\framework\\src\\Illuminate\\Database\\Console\\Migrations\\RefreshCommand.php(136): Illuminate\\Console\\Command->call('db:seed', Array)
#34 C:\\laragon\\www\\kantin-DTEDI\\vendor\\laravel\\framework\\src\\Illuminate\\Database\\Console\\Migrations\\RefreshCommand.php(75): Illuminate\\Database\\Console\\Migrations\\RefreshCommand->runSeeder(NULL)
#35 C:\\laragon\\www\\kantin-DTEDI\\vendor\\laravel\\framework\\src\\Illuminate\\Container\\BoundMethod.php(36): Illuminate\\Database\\Console\\Migrations\\RefreshCommand->handle()
#36 C:\\laragon\\www\\kantin-DTEDI\\vendor\\laravel\\framework\\src\\Illuminate\\Container\\Util.php(41): Illuminate\\Container\\BoundMethod::Illuminate\\Container\\{closure}()
#37 C:\\laragon\\www\\kantin-DTEDI\\vendor\\laravel\\framework\\src\\Illuminate\\Container\\BoundMethod.php(93): Illuminate\\Container\\Util::unwrapIfClosure(Object(Closure))
#38 C:\\laragon\\www\\kantin-DTEDI\\vendor\\laravel\\framework\\src\\Illuminate\\Container\\BoundMethod.php(37): Illuminate\\Container\\BoundMethod::callBoundMethod(Object(Illuminate\\Foundation\\Application), Array, Object(Closure))
#39 C:\\laragon\\www\\kantin-DTEDI\\vendor\\laravel\\framework\\src\\Illuminate\\Container\\Container.php(662): Illuminate\\Container\\BoundMethod::call(Object(Illuminate\\Foundation\\Application), Array, Array, NULL)
#40 C:\\laragon\\www\\kantin-DTEDI\\vendor\\laravel\\framework\\src\\Illuminate\\Console\\Command.php(211): Illuminate\\Container\\Container->call(Array)
#41 C:\\laragon\\www\\kantin-DTEDI\\vendor\\symfony\\console\\Command\\Command.php(326): Illuminate\\Console\\Command->execute(Object(Symfony\\Component\\Console\\Input\\ArgvInput), Object(Illuminate\\Console\\OutputStyle))
#42 C:\\laragon\\www\\kantin-DTEDI\\vendor\\laravel\\framework\\src\\Illuminate\\Console\\Command.php(181): Symfony\\Component\\Console\\Command\\Command->run(Object(Symfony\\Component\\Console\\Input\\ArgvInput), Object(Illuminate\\Console\\OutputStyle))
#43 C:\\laragon\\www\\kantin-DTEDI\\vendor\\symfony\\console\\Application.php(1096): Illuminate\\Console\\Command->run(Object(Symfony\\Component\\Console\\Input\\ArgvInput), Object(Symfony\\Component\\Console\\Output\\ConsoleOutput))
#44 C:\\laragon\\www\\kantin-DTEDI\\vendor\\symfony\\console\\Application.php(324): Symfony\\Component\\Console\\Application->doRunCommand(Object(Illuminate\\Database\\Console\\Migrations\\RefreshCommand), Object(Symfony\\Component\\Console\\Input\\ArgvInput), Object(Symfony\\Component\\Console\\Output\\ConsoleOutput))
#45 C:\\laragon\\www\\kantin-DTEDI\\vendor\\symfony\\console\\Application.php(175): Symfony\\Component\\Console\\Application->doRun(Object(Symfony\\Component\\Console\\Input\\ArgvInput), Object(Symfony\\Component\\Console\\Output\\ConsoleOutput))
#46 C:\\laragon\\www\\kantin-DTEDI\\vendor\\laravel\\framework\\src\\Illuminate\\Foundation\\Console\\Kernel.php(201): Symfony\\Component\\Console\\Application->run(Object(Symfony\\Component\\Console\\Input\\ArgvInput), Object(Symfony\\Component\\Console\\Output\\ConsoleOutput))
#47 C:\\laragon\\www\\kantin-DTEDI\\artisan(37): Illuminate\\Foundation\\Console\\Kernel->handle(Object(Symfony\\Component\\Console\\Input\\ArgvInput), Object(Symfony\\Component\\Console\\Output\\ConsoleOutput))
#48 {main}

[previous exception] [object] (PDOException(code: 42S02): SQLSTATE[42S02]: Base table or view not found: 1146 Table 'kantin_dtedi.receipts' doesn't exist at C:\\laragon\\www\\kantin-DTEDI\\vendor\\laravel\\framework\\src\\Illuminate\\Database\\MySqlConnection.php:39)
[stacktrace]
#0 C:\\laragon\\www\\kantin-DTEDI\\vendor\\laravel\\framework\\src\\Illuminate\\Database\\MySqlConnection.php(39): PDO->prepare('insert into `re...')
#1 C:\\laragon\\www\\kantin-DTEDI\\vendor\\laravel\\framework\\src\\Illuminate\\Database\\Connection.php(816): Illuminate\\Database\\MySqlConnection->Illuminate\\Database\\{closure}('insert into `re...', Array)
#2 C:\\laragon\\www\\kantin-DTEDI\\vendor\\laravel\\framework\\src\\Illuminate\\Database\\Connection.php(783): Illuminate\\Database\\Connection->runQueryCallback('insert into `re...', Array, Object(Closure))
#3 C:\\laragon\\www\\kantin-DTEDI\\vendor\\laravel\\framework\\src\\Illuminate\\Database\\MySqlConnection.php(50): Illuminate\\Database\\Connection->run('insert into `re...', Array, Object(Closure))
#4 C:\\laragon\\www\\kantin-DTEDI\\vendor\\laravel\\framework\\src\\Illuminate\\Database\\Query\\Builder.php(3500): Illuminate\\Database\\MySqlConnection->insert('insert into `re...', Array)
#5 C:\\laragon\\www\\kantin-DTEDI\\database\\seeders\\ReceiptsSeeder.php(18): Illuminate\\Database\\Query\\Builder->insert(Array)
#6 C:\\laragon\\www\\kantin-DTEDI\\vendor\\laravel\\framework\\src\\Illuminate\\Container\\BoundMethod.php(36): Database\\Seeders\\ReceiptsSeeder->run()
#7 C:\\laragon\\www\\kantin-DTEDI\\vendor\\laravel\\framework\\src\\Illuminate\\Container\\Util.php(41): Illuminate\\Container\\BoundMethod::Illuminate\\Container\\{closure}()
#8 C:\\laragon\\www\\kantin-DTEDI\\vendor\\laravel\\framework\\src\\Illuminate\\Container\\BoundMethod.php(93): Illuminate\\Container\\Util::unwrapIfClosure(Object(Closure))
#9 C:\\laragon\\www\\kantin-DTEDI\\vendor\\laravel\\framework\\src\\Illuminate\\Container\\BoundMethod.php(37): Illuminate\\Container\\BoundMethod::callBoundMethod(Object(Illuminate\\Foundation\\Application), Array, Object(Closure))
#10 C:\\laragon\\www\\kantin-DTEDI\\vendor\\laravel\\framework\\src\\Illuminate\\Container\\Container.php(662): Illuminate\\Container\\BoundMethod::call(Object(Illuminate\\Foundation\\Application), Array, Array, NULL)
#11 C:\\laragon\\www\\kantin-DTEDI\\vendor\\laravel\\framework\\src\\Illuminate\\Database\\Seeder.php(184): Illuminate\\Container\\Container->call(Array, Array)
#12 C:\\laragon\\www\\kantin-DTEDI\\vendor\\laravel\\framework\\src\\Illuminate\\Database\\Seeder.php(193): Illuminate\\Database\\Seeder->Illuminate\\Database\\{closure}()
#13 C:\\laragon\\www\\kantin-DTEDI\\vendor\\laravel\\framework\\src\\Illuminate\\Database\\Seeder.php(61): Illuminate\\Database\\Seeder->__invoke(Array)
#14 C:\\laragon\\www\\kantin-DTEDI\\database\\seeders\\DatabaseSeeder.php(16): Illuminate\\Database\\Seeder->call('Database\\\\Seeder...')
#15 C:\\laragon\\www\\kantin-DTEDI\\vendor\\laravel\\framework\\src\\Illuminate\\Container\\BoundMethod.php(36): Database\\Seeders\\DatabaseSeeder->run()
#16 C:\\laragon\\www\\kantin-DTEDI\\vendor\\laravel\\framework\\src\\Illuminate\\Container\\Util.php(41): Illuminate\\Container\\BoundMethod::Illuminate\\Container\\{closure}()
#17 C:\\laragon\\www\\kantin-DTEDI\\vendor\\laravel\\framework\\src\\Illuminate\\Container\\BoundMethod.php(93): Illuminate\\Container\\Util::unwrapIfClosure(Object(Closure))
#18 C:\\laragon\\www\\kantin-DTEDI\\vendor\\laravel\\framework\\src\\Illuminate\\Container\\BoundMethod.php(37): Illuminate\\Container\\BoundMethod::callBoundMethod(Object(Illuminate\\Foundation\\Application), Array, Object(Closure))
#19 C:\\laragon\\www\\kantin-DTEDI\\vendor\\laravel\\framework\\src\\Illuminate\\Container\\Container.php(662): Illuminate\\Container\\BoundMethod::call(Object(Illuminate\\Foundation\\Application), Array, Array, NULL)
#20 C:\\laragon\\www\\kantin-DTEDI\\vendor\\laravel\\framework\\src\\Illuminate\\Database\\Seeder.php(184): Illuminate\\Container\\Container->call(Array, Array)
#21 C:\\laragon\\www\\kantin-DTEDI\\vendor\\laravel\\framework\\src\\Illuminate\\Database\\Seeder.php(193): Illuminate\\Database\\Seeder->Illuminate\\Database\\{closure}()
#22 C:\\laragon\\www\\kantin-DTEDI\\vendor\\laravel\\framework\\src\\Illuminate\\Database\\Console\\Seeds\\SeedCommand.php(70): Illuminate\\Database\\Seeder->__invoke()
#23 C:\\laragon\\www\\kantin-DTEDI\\vendor\\laravel\\framework\\src\\Illuminate\\Database\\Eloquent\\Concerns\\GuardsAttributes.php(155): Illuminate\\Database\\Console\\Seeds\\SeedCommand->Illuminate\\Database\\Console\\Seeds\\{closure}()
#24 C:\\laragon\\www\\kantin-DTEDI\\vendor\\laravel\\framework\\src\\Illuminate\\Database\\Console\\Seeds\\SeedCommand.php(71): Illuminate\\Database\\Eloquent\\Model::unguarded(Object(Closure))
#25 C:\\laragon\\www\\kantin-DTEDI\\vendor\\laravel\\framework\\src\\Illuminate\\Container\\BoundMethod.php(36): Illuminate\\Database\\Console\\Seeds\\SeedCommand->handle()
#26 C:\\laragon\\www\\kantin-DTEDI\\vendor\\laravel\\framework\\src\\Illuminate\\Container\\Util.php(41): Illuminate\\Container\\BoundMethod::Illuminate\\Container\\{closure}()
#27 C:\\laragon\\www\\kantin-DTEDI\\vendor\\laravel\\framework\\src\\Illuminate\\Container\\BoundMethod.php(93): Illuminate\\Container\\Util::unwrapIfClosure(Object(Closure))
#28 C:\\laragon\\www\\kantin-DTEDI\\vendor\\laravel\\framework\\src\\Illuminate\\Container\\BoundMethod.php(37): Illuminate\\Container\\BoundMethod::callBoundMethod(Object(Illuminate\\Foundation\\Application), Array, Object(Closure))
#29 C:\\laragon\\www\\kantin-DTEDI\\vendor\\laravel\\framework\\src\\Illuminate\\Container\\Container.php(662): Illuminate\\Container\\BoundMethod::call(Object(Illuminate\\Foundation\\Application), Array, Array, NULL)
#30 C:\\laragon\\www\\kantin-DTEDI\\vendor\\laravel\\framework\\src\\Illuminate\\Console\\Command.php(211): Illuminate\\Container\\Container->call(Array)
#31 C:\\laragon\\www\\kantin-DTEDI\\vendor\\symfony\\console\\Command\\Command.php(326): Illuminate\\Console\\Command->execute(Object(Symfony\\Component\\Console\\Input\\ArrayInput), Object(Illuminate\\Console\\OutputStyle))
#32 C:\\laragon\\www\\kantin-DTEDI\\vendor\\laravel\\framework\\src\\Illuminate\\Console\\Command.php(181): Symfony\\Component\\Console\\Command\\Command->run(Object(Symfony\\Component\\Console\\Input\\ArrayInput), Object(Illuminate\\Console\\OutputStyle))
#33 C:\\laragon\\www\\kantin-DTEDI\\vendor\\laravel\\framework\\src\\Illuminate\\Console\\Concerns\\CallsCommands.php(68): Illuminate\\Console\\Command->run(Object(Symfony\\Component\\Console\\Input\\ArrayInput), Object(Illuminate\\Console\\OutputStyle))
#34 C:\\laragon\\www\\kantin-DTEDI\\vendor\\laravel\\framework\\src\\Illuminate\\Console\\Concerns\\CallsCommands.php(28): Illuminate\\Console\\Command->runCommand('db:seed', Array, Object(Illuminate\\Console\\OutputStyle))
#35 C:\\laragon\\www\\kantin-DTEDI\\vendor\\laravel\\framework\\src\\Illuminate\\Database\\Console\\Migrations\\RefreshCommand.php(136): Illuminate\\Console\\Command->call('db:seed', Array)
#36 C:\\laragon\\www\\kantin-DTEDI\\vendor\\laravel\\framework\\src\\Illuminate\\Database\\Console\\Migrations\\RefreshCommand.php(75): Illuminate\\Database\\Console\\Migrations\\RefreshCommand->runSeeder(NULL)
#37 C:\\laragon\\www\\kantin-DTEDI\\vendor\\laravel\\framework\\src\\Illuminate\\Container\\BoundMethod.php(36): Illuminate\\Database\\Console\\Migrations\\RefreshCommand->handle()
#38 C:\\laragon\\www\\kantin-DTEDI\\vendor\\laravel\\framework\\src\\Illuminate\\Container\\Util.php(41): Illuminate\\Container\\BoundMethod::Illuminate\\Container\\{closure}()
#39 C:\\laragon\\www\\kantin-DTEDI\\vendor\\laravel\\framework\\src\\Illuminate\\Container\\BoundMethod.php(93): Illuminate\\Container\\Util::unwrapIfClosure(Object(Closure))
#40 C:\\laragon\\www\\kantin-DTEDI\\vendor\\laravel\\framework\\src\\Illuminate\\Container\\BoundMethod.php(37): Illuminate\\Container\\BoundMethod::callBoundMethod(Object(Illuminate\\Foundation\\Application), Array, Object(Closure))
#41 C:\\laragon\\www\\kantin-DTEDI\\vendor\\laravel\\framework\\src\\Illuminate\\Container\\Container.php(662): Illuminate\\Container\\BoundMethod::call(Object(Illuminate\\Foundation\\Application), Array, Array, NULL)
#42 C:\\laragon\\www\\kantin-DTEDI\\vendor\\laravel\\framework\\src\\Illuminate\\Console\\Command.php(211): Illuminate\\Container\\Container->call(Array)
#43 C:\\laragon\\www\\kantin-DTEDI\\vendor\\symfony\\console\\Command\\Command.php(326): Illuminate\\Console\\Command->execute(Object(Symfony\\Component\\Console\\Input\\ArgvInput), Object(Illuminate\\Console\\OutputStyle))
#44 C:\\laragon\\www\\kantin-DTEDI\\vendor\\laravel\\framework\\src\\Illuminate\\Console\\Command.php(181): Symfony\\Component\\Console\\Command\\Command->run(Object(Symfony\\Component\\Console\\Input\\ArgvInput), Object(Illuminate\\Console\\OutputStyle))
#45 C:\\laragon\\www\\kantin-DTEDI\\vendor\\symfony\\console\\Application.php(1096): Illuminate\\Console\\Command->run(Object(Symfony\\Component\\Console\\Input\\ArgvInput), Object(Symfony\\Component\\Console\\Output\\ConsoleOutput))
#46 C:\\laragon\\www\\kantin-DTEDI\\vendor\\symfony\\console\\Application.php(324): Symfony\\Component\\Console\\Application->doRunCommand(Object(Illuminate\\Database\\Console\\Migrations\\RefreshCommand), Object(Symfony\\Component\\Console\\Input\\ArgvInput), Object(Symfony\\Component\\Console\\Output\\ConsoleOutput))
#47 C:\\laragon\\www\\kantin-DTEDI\\vendor\\symfony\\console\\Application.php(175): Symfony\\Component\\Console\\Application->doRun(Object(Symfony\\Component\\Console\\Input\\ArgvInput), Object(Symfony\\Component\\Console\\Output\\ConsoleOutput))
#48 C:\\laragon\\www\\kantin-DTEDI\\vendor\\laravel\\framework\\src\\Illuminate\\Foundation\\Console\\Kernel.php(201): Symfony\\Component\\Console\\Application->run(Object(Symfony\\Component\\Console\\Input\\ArgvInput), Object(Symfony\\Component\\Console\\Output\\ConsoleOutput))
#49 C:\\laragon\\www\\kantin-DTEDI\\artisan(37): Illuminate\\Foundation\\Console\\Kernel->handle(Object(Symfony\\Component\\Console\\Input\\ArgvInput), Object(Symfony\\Component\\Console\\Output\\ConsoleOutput))
#50 {main}
"} 
[2024-11-26 06:38:51] local.ERROR: SQLSTATE[42S22]: Column not found: 1054 Unknown column 'time' in 'field list' (Connection: mysql, SQL: insert into `receipts` (`cashier_id`, `payment`, `returns`, `time`, `type`) values (1, 5000, 500, 2024-11-26 06:38:51, cash), (2, 20000, 0, 2024-11-26 06:38:51, qris)) {"exception":"[object] (Illuminate\\Database\\QueryException(code: 42S22): SQLSTATE[42S22]: Column not found: 1054 Unknown column 'time' in 'field list' (Connection: mysql, SQL: insert into `receipts` (`cashier_id`, `payment`, `returns`, `time`, `type`) values (1, 5000, 500, 2024-11-26 06:38:51, cash), (2, 20000, 0, 2024-11-26 06:38:51, qris)) at C:\\laragon\\www\\kantin-DTEDI\\vendor\\laravel\\framework\\src\\Illuminate\\Database\\Connection.php:829)
[stacktrace]
#0 C:\\laragon\\www\\kantin-DTEDI\\vendor\\laravel\\framework\\src\\Illuminate\\Database\\Connection.php(783): Illuminate\\Database\\Connection->runQueryCallback('insert into `re...', Array, Object(Closure))
#1 C:\\laragon\\www\\kantin-DTEDI\\vendor\\laravel\\framework\\src\\Illuminate\\Database\\MySqlConnection.php(50): Illuminate\\Database\\Connection->run('insert into `re...', Array, Object(Closure))
#2 C:\\laragon\\www\\kantin-DTEDI\\vendor\\laravel\\framework\\src\\Illuminate\\Database\\Query\\Builder.php(3500): Illuminate\\Database\\MySqlConnection->insert('insert into `re...', Array)
#3 C:\\laragon\\www\\kantin-DTEDI\\database\\seeders\\ReceiptsSeeder.php(18): Illuminate\\Database\\Query\\Builder->insert(Array)
#4 C:\\laragon\\www\\kantin-DTEDI\\vendor\\laravel\\framework\\src\\Illuminate\\Container\\BoundMethod.php(36): Database\\Seeders\\ReceiptsSeeder->run()
#5 C:\\laragon\\www\\kantin-DTEDI\\vendor\\laravel\\framework\\src\\Illuminate\\Container\\Util.php(41): Illuminate\\Container\\BoundMethod::Illuminate\\Container\\{closure}()
#6 C:\\laragon\\www\\kantin-DTEDI\\vendor\\laravel\\framework\\src\\Illuminate\\Container\\BoundMethod.php(93): Illuminate\\Container\\Util::unwrapIfClosure(Object(Closure))
#7 C:\\laragon\\www\\kantin-DTEDI\\vendor\\laravel\\framework\\src\\Illuminate\\Container\\BoundMethod.php(37): Illuminate\\Container\\BoundMethod::callBoundMethod(Object(Illuminate\\Foundation\\Application), Array, Object(Closure))
#8 C:\\laragon\\www\\kantin-DTEDI\\vendor\\laravel\\framework\\src\\Illuminate\\Container\\Container.php(662): Illuminate\\Container\\BoundMethod::call(Object(Illuminate\\Foundation\\Application), Array, Array, NULL)
#9 C:\\laragon\\www\\kantin-DTEDI\\vendor\\laravel\\framework\\src\\Illuminate\\Database\\Seeder.php(184): Illuminate\\Container\\Container->call(Array, Array)
#10 C:\\laragon\\www\\kantin-DTEDI\\vendor\\laravel\\framework\\src\\Illuminate\\Database\\Seeder.php(193): Illuminate\\Database\\Seeder->Illuminate\\Database\\{closure}()
#11 C:\\laragon\\www\\kantin-DTEDI\\vendor\\laravel\\framework\\src\\Illuminate\\Database\\Seeder.php(61): Illuminate\\Database\\Seeder->__invoke(Array)
#12 C:\\laragon\\www\\kantin-DTEDI\\database\\seeders\\DatabaseSeeder.php(16): Illuminate\\Database\\Seeder->call('Database\\\\Seeder...')
#13 C:\\laragon\\www\\kantin-DTEDI\\vendor\\laravel\\framework\\src\\Illuminate\\Container\\BoundMethod.php(36): Database\\Seeders\\DatabaseSeeder->run()
#14 C:\\laragon\\www\\kantin-DTEDI\\vendor\\laravel\\framework\\src\\Illuminate\\Container\\Util.php(41): Illuminate\\Container\\BoundMethod::Illuminate\\Container\\{closure}()
#15 C:\\laragon\\www\\kantin-DTEDI\\vendor\\laravel\\framework\\src\\Illuminate\\Container\\BoundMethod.php(93): Illuminate\\Container\\Util::unwrapIfClosure(Object(Closure))
#16 C:\\laragon\\www\\kantin-DTEDI\\vendor\\laravel\\framework\\src\\Illuminate\\Container\\BoundMethod.php(37): Illuminate\\Container\\BoundMethod::callBoundMethod(Object(Illuminate\\Foundation\\Application), Array, Object(Closure))
#17 C:\\laragon\\www\\kantin-DTEDI\\vendor\\laravel\\framework\\src\\Illuminate\\Container\\Container.php(662): Illuminate\\Container\\BoundMethod::call(Object(Illuminate\\Foundation\\Application), Array, Array, NULL)
#18 C:\\laragon\\www\\kantin-DTEDI\\vendor\\laravel\\framework\\src\\Illuminate\\Database\\Seeder.php(184): Illuminate\\Container\\Container->call(Array, Array)
#19 C:\\laragon\\www\\kantin-DTEDI\\vendor\\laravel\\framework\\src\\Illuminate\\Database\\Seeder.php(193): Illuminate\\Database\\Seeder->Illuminate\\Database\\{closure}()
#20 C:\\laragon\\www\\kantin-DTEDI\\vendor\\laravel\\framework\\src\\Illuminate\\Database\\Console\\Seeds\\SeedCommand.php(70): Illuminate\\Database\\Seeder->__invoke()
#21 C:\\laragon\\www\\kantin-DTEDI\\vendor\\laravel\\framework\\src\\Illuminate\\Database\\Eloquent\\Concerns\\GuardsAttributes.php(155): Illuminate\\Database\\Console\\Seeds\\SeedCommand->Illuminate\\Database\\Console\\Seeds\\{closure}()
#22 C:\\laragon\\www\\kantin-DTEDI\\vendor\\laravel\\framework\\src\\Illuminate\\Database\\Console\\Seeds\\SeedCommand.php(71): Illuminate\\Database\\Eloquent\\Model::unguarded(Object(Closure))
#23 C:\\laragon\\www\\kantin-DTEDI\\vendor\\laravel\\framework\\src\\Illuminate\\Container\\BoundMethod.php(36): Illuminate\\Database\\Console\\Seeds\\SeedCommand->handle()
#24 C:\\laragon\\www\\kantin-DTEDI\\vendor\\laravel\\framework\\src\\Illuminate\\Container\\Util.php(41): Illuminate\\Container\\BoundMethod::Illuminate\\Container\\{closure}()
#25 C:\\laragon\\www\\kantin-DTEDI\\vendor\\laravel\\framework\\src\\Illuminate\\Container\\BoundMethod.php(93): Illuminate\\Container\\Util::unwrapIfClosure(Object(Closure))
#26 C:\\laragon\\www\\kantin-DTEDI\\vendor\\laravel\\framework\\src\\Illuminate\\Container\\BoundMethod.php(37): Illuminate\\Container\\BoundMethod::callBoundMethod(Object(Illuminate\\Foundation\\Application), Array, Object(Closure))
#27 C:\\laragon\\www\\kantin-DTEDI\\vendor\\laravel\\framework\\src\\Illuminate\\Container\\Container.php(662): Illuminate\\Container\\BoundMethod::call(Object(Illuminate\\Foundation\\Application), Array, Array, NULL)
#28 C:\\laragon\\www\\kantin-DTEDI\\vendor\\laravel\\framework\\src\\Illuminate\\Console\\Command.php(211): Illuminate\\Container\\Container->call(Array)
#29 C:\\laragon\\www\\kantin-DTEDI\\vendor\\symfony\\console\\Command\\Command.php(326): Illuminate\\Console\\Command->execute(Object(Symfony\\Component\\Console\\Input\\ArrayInput), Object(Illuminate\\Console\\OutputStyle))
#30 C:\\laragon\\www\\kantin-DTEDI\\vendor\\laravel\\framework\\src\\Illuminate\\Console\\Command.php(181): Symfony\\Component\\Console\\Command\\Command->run(Object(Symfony\\Component\\Console\\Input\\ArrayInput), Object(Illuminate\\Console\\OutputStyle))
#31 C:\\laragon\\www\\kantin-DTEDI\\vendor\\laravel\\framework\\src\\Illuminate\\Console\\Concerns\\CallsCommands.php(68): Illuminate\\Console\\Command->run(Object(Symfony\\Component\\Console\\Input\\ArrayInput), Object(Illuminate\\Console\\OutputStyle))
#32 C:\\laragon\\www\\kantin-DTEDI\\vendor\\laravel\\framework\\src\\Illuminate\\Console\\Concerns\\CallsCommands.php(28): Illuminate\\Console\\Command->runCommand('db:seed', Array, Object(Illuminate\\Console\\OutputStyle))
#33 C:\\laragon\\www\\kantin-DTEDI\\vendor\\laravel\\framework\\src\\Illuminate\\Database\\Console\\Migrations\\RefreshCommand.php(136): Illuminate\\Console\\Command->call('db:seed', Array)
#34 C:\\laragon\\www\\kantin-DTEDI\\vendor\\laravel\\framework\\src\\Illuminate\\Database\\Console\\Migrations\\RefreshCommand.php(75): Illuminate\\Database\\Console\\Migrations\\RefreshCommand->runSeeder(NULL)
#35 C:\\laragon\\www\\kantin-DTEDI\\vendor\\laravel\\framework\\src\\Illuminate\\Container\\BoundMethod.php(36): Illuminate\\Database\\Console\\Migrations\\RefreshCommand->handle()
#36 C:\\laragon\\www\\kantin-DTEDI\\vendor\\laravel\\framework\\src\\Illuminate\\Container\\Util.php(41): Illuminate\\Container\\BoundMethod::Illuminate\\Container\\{closure}()
#37 C:\\laragon\\www\\kantin-DTEDI\\vendor\\laravel\\framework\\src\\Illuminate\\Container\\BoundMethod.php(93): Illuminate\\Container\\Util::unwrapIfClosure(Object(Closure))
#38 C:\\laragon\\www\\kantin-DTEDI\\vendor\\laravel\\framework\\src\\Illuminate\\Container\\BoundMethod.php(37): Illuminate\\Container\\BoundMethod::callBoundMethod(Object(Illuminate\\Foundation\\Application), Array, Object(Closure))
#39 C:\\laragon\\www\\kantin-DTEDI\\vendor\\laravel\\framework\\src\\Illuminate\\Container\\Container.php(662): Illuminate\\Container\\BoundMethod::call(Object(Illuminate\\Foundation\\Application), Array, Array, NULL)
#40 C:\\laragon\\www\\kantin-DTEDI\\vendor\\laravel\\framework\\src\\Illuminate\\Console\\Command.php(211): Illuminate\\Container\\Container->call(Array)
#41 C:\\laragon\\www\\kantin-DTEDI\\vendor\\symfony\\console\\Command\\Command.php(326): Illuminate\\Console\\Command->execute(Object(Symfony\\Component\\Console\\Input\\ArgvInput), Object(Illuminate\\Console\\OutputStyle))
#42 C:\\laragon\\www\\kantin-DTEDI\\vendor\\laravel\\framework\\src\\Illuminate\\Console\\Command.php(181): Symfony\\Component\\Console\\Command\\Command->run(Object(Symfony\\Component\\Console\\Input\\ArgvInput), Object(Illuminate\\Console\\OutputStyle))
#43 C:\\laragon\\www\\kantin-DTEDI\\vendor\\symfony\\console\\Application.php(1096): Illuminate\\Console\\Command->run(Object(Symfony\\Component\\Console\\Input\\ArgvInput), Object(Symfony\\Component\\Console\\Output\\ConsoleOutput))
#44 C:\\laragon\\www\\kantin-DTEDI\\vendor\\symfony\\console\\Application.php(324): Symfony\\Component\\Console\\Application->doRunCommand(Object(Illuminate\\Database\\Console\\Migrations\\RefreshCommand), Object(Symfony\\Component\\Console\\Input\\ArgvInput), Object(Symfony\\Component\\Console\\Output\\ConsoleOutput))
#45 C:\\laragon\\www\\kantin-DTEDI\\vendor\\symfony\\console\\Application.php(175): Symfony\\Component\\Console\\Application->doRun(Object(Symfony\\Component\\Console\\Input\\ArgvInput), Object(Symfony\\Component\\Console\\Output\\ConsoleOutput))
#46 C:\\laragon\\www\\kantin-DTEDI\\vendor\\laravel\\framework\\src\\Illuminate\\Foundation\\Console\\Kernel.php(201): Symfony\\Component\\Console\\Application->run(Object(Symfony\\Component\\Console\\Input\\ArgvInput), Object(Symfony\\Component\\Console\\Output\\ConsoleOutput))
#47 C:\\laragon\\www\\kantin-DTEDI\\artisan(37): Illuminate\\Foundation\\Console\\Kernel->handle(Object(Symfony\\Component\\Console\\Input\\ArgvInput), Object(Symfony\\Component\\Console\\Output\\ConsoleOutput))
#48 {main}

[previous exception] [object] (PDOException(code: 42S22): SQLSTATE[42S22]: Column not found: 1054 Unknown column 'time' in 'field list' at C:\\laragon\\www\\kantin-DTEDI\\vendor\\laravel\\framework\\src\\Illuminate\\Database\\MySqlConnection.php:39)
[stacktrace]
#0 C:\\laragon\\www\\kantin-DTEDI\\vendor\\laravel\\framework\\src\\Illuminate\\Database\\MySqlConnection.php(39): PDO->prepare('insert into `re...')
#1 C:\\laragon\\www\\kantin-DTEDI\\vendor\\laravel\\framework\\src\\Illuminate\\Database\\Connection.php(816): Illuminate\\Database\\MySqlConnection->Illuminate\\Database\\{closure}('insert into `re...', Array)
#2 C:\\laragon\\www\\kantin-DTEDI\\vendor\\laravel\\framework\\src\\Illuminate\\Database\\Connection.php(783): Illuminate\\Database\\Connection->runQueryCallback('insert into `re...', Array, Object(Closure))
#3 C:\\laragon\\www\\kantin-DTEDI\\vendor\\laravel\\framework\\src\\Illuminate\\Database\\MySqlConnection.php(50): Illuminate\\Database\\Connection->run('insert into `re...', Array, Object(Closure))
#4 C:\\laragon\\www\\kantin-DTEDI\\vendor\\laravel\\framework\\src\\Illuminate\\Database\\Query\\Builder.php(3500): Illuminate\\Database\\MySqlConnection->insert('insert into `re...', Array)
#5 C:\\laragon\\www\\kantin-DTEDI\\database\\seeders\\ReceiptsSeeder.php(18): Illuminate\\Database\\Query\\Builder->insert(Array)
#6 C:\\laragon\\www\\kantin-DTEDI\\vendor\\laravel\\framework\\src\\Illuminate\\Container\\BoundMethod.php(36): Database\\Seeders\\ReceiptsSeeder->run()
#7 C:\\laragon\\www\\kantin-DTEDI\\vendor\\laravel\\framework\\src\\Illuminate\\Container\\Util.php(41): Illuminate\\Container\\BoundMethod::Illuminate\\Container\\{closure}()
#8 C:\\laragon\\www\\kantin-DTEDI\\vendor\\laravel\\framework\\src\\Illuminate\\Container\\BoundMethod.php(93): Illuminate\\Container\\Util::unwrapIfClosure(Object(Closure))
#9 C:\\laragon\\www\\kantin-DTEDI\\vendor\\laravel\\framework\\src\\Illuminate\\Container\\BoundMethod.php(37): Illuminate\\Container\\BoundMethod::callBoundMethod(Object(Illuminate\\Foundation\\Application), Array, Object(Closure))
#10 C:\\laragon\\www\\kantin-DTEDI\\vendor\\laravel\\framework\\src\\Illuminate\\Container\\Container.php(662): Illuminate\\Container\\BoundMethod::call(Object(Illuminate\\Foundation\\Application), Array, Array, NULL)
#11 C:\\laragon\\www\\kantin-DTEDI\\vendor\\laravel\\framework\\src\\Illuminate\\Database\\Seeder.php(184): Illuminate\\Container\\Container->call(Array, Array)
#12 C:\\laragon\\www\\kantin-DTEDI\\vendor\\laravel\\framework\\src\\Illuminate\\Database\\Seeder.php(193): Illuminate\\Database\\Seeder->Illuminate\\Database\\{closure}()
#13 C:\\laragon\\www\\kantin-DTEDI\\vendor\\laravel\\framework\\src\\Illuminate\\Database\\Seeder.php(61): Illuminate\\Database\\Seeder->__invoke(Array)
#14 C:\\laragon\\www\\kantin-DTEDI\\database\\seeders\\DatabaseSeeder.php(16): Illuminate\\Database\\Seeder->call('Database\\\\Seeder...')
#15 C:\\laragon\\www\\kantin-DTEDI\\vendor\\laravel\\framework\\src\\Illuminate\\Container\\BoundMethod.php(36): Database\\Seeders\\DatabaseSeeder->run()
#16 C:\\laragon\\www\\kantin-DTEDI\\vendor\\laravel\\framework\\src\\Illuminate\\Container\\Util.php(41): Illuminate\\Container\\BoundMethod::Illuminate\\Container\\{closure}()
#17 C:\\laragon\\www\\kantin-DTEDI\\vendor\\laravel\\framework\\src\\Illuminate\\Container\\BoundMethod.php(93): Illuminate\\Container\\Util::unwrapIfClosure(Object(Closure))
#18 C:\\laragon\\www\\kantin-DTEDI\\vendor\\laravel\\framework\\src\\Illuminate\\Container\\BoundMethod.php(37): Illuminate\\Container\\BoundMethod::callBoundMethod(Object(Illuminate\\Foundation\\Application), Array, Object(Closure))
#19 C:\\laragon\\www\\kantin-DTEDI\\vendor\\laravel\\framework\\src\\Illuminate\\Container\\Container.php(662): Illuminate\\Container\\BoundMethod::call(Object(Illuminate\\Foundation\\Application), Array, Array, NULL)
#20 C:\\laragon\\www\\kantin-DTEDI\\vendor\\laravel\\framework\\src\\Illuminate\\Database\\Seeder.php(184): Illuminate\\Container\\Container->call(Array, Array)
#21 C:\\laragon\\www\\kantin-DTEDI\\vendor\\laravel\\framework\\src\\Illuminate\\Database\\Seeder.php(193): Illuminate\\Database\\Seeder->Illuminate\\Database\\{closure}()
#22 C:\\laragon\\www\\kantin-DTEDI\\vendor\\laravel\\framework\\src\\Illuminate\\Database\\Console\\Seeds\\SeedCommand.php(70): Illuminate\\Database\\Seeder->__invoke()
#23 C:\\laragon\\www\\kantin-DTEDI\\vendor\\laravel\\framework\\src\\Illuminate\\Database\\Eloquent\\Concerns\\GuardsAttributes.php(155): Illuminate\\Database\\Console\\Seeds\\SeedCommand->Illuminate\\Database\\Console\\Seeds\\{closure}()
#24 C:\\laragon\\www\\kantin-DTEDI\\vendor\\laravel\\framework\\src\\Illuminate\\Database\\Console\\Seeds\\SeedCommand.php(71): Illuminate\\Database\\Eloquent\\Model::unguarded(Object(Closure))
#25 C:\\laragon\\www\\kantin-DTEDI\\vendor\\laravel\\framework\\src\\Illuminate\\Container\\BoundMethod.php(36): Illuminate\\Database\\Console\\Seeds\\SeedCommand->handle()
#26 C:\\laragon\\www\\kantin-DTEDI\\vendor\\laravel\\framework\\src\\Illuminate\\Container\\Util.php(41): Illuminate\\Container\\BoundMethod::Illuminate\\Container\\{closure}()
#27 C:\\laragon\\www\\kantin-DTEDI\\vendor\\laravel\\framework\\src\\Illuminate\\Container\\BoundMethod.php(93): Illuminate\\Container\\Util::unwrapIfClosure(Object(Closure))
#28 C:\\laragon\\www\\kantin-DTEDI\\vendor\\laravel\\framework\\src\\Illuminate\\Container\\BoundMethod.php(37): Illuminate\\Container\\BoundMethod::callBoundMethod(Object(Illuminate\\Foundation\\Application), Array, Object(Closure))
#29 C:\\laragon\\www\\kantin-DTEDI\\vendor\\laravel\\framework\\src\\Illuminate\\Container\\Container.php(662): Illuminate\\Container\\BoundMethod::call(Object(Illuminate\\Foundation\\Application), Array, Array, NULL)
#30 C:\\laragon\\www\\kantin-DTEDI\\vendor\\laravel\\framework\\src\\Illuminate\\Console\\Command.php(211): Illuminate\\Container\\Container->call(Array)
#31 C:\\laragon\\www\\kantin-DTEDI\\vendor\\symfony\\console\\Command\\Command.php(326): Illuminate\\Console\\Command->execute(Object(Symfony\\Component\\Console\\Input\\ArrayInput), Object(Illuminate\\Console\\OutputStyle))
#32 C:\\laragon\\www\\kantin-DTEDI\\vendor\\laravel\\framework\\src\\Illuminate\\Console\\Command.php(181): Symfony\\Component\\Console\\Command\\Command->run(Object(Symfony\\Component\\Console\\Input\\ArrayInput), Object(Illuminate\\Console\\OutputStyle))
#33 C:\\laragon\\www\\kantin-DTEDI\\vendor\\laravel\\framework\\src\\Illuminate\\Console\\Concerns\\CallsCommands.php(68): Illuminate\\Console\\Command->run(Object(Symfony\\Component\\Console\\Input\\ArrayInput), Object(Illuminate\\Console\\OutputStyle))
#34 C:\\laragon\\www\\kantin-DTEDI\\vendor\\laravel\\framework\\src\\Illuminate\\Console\\Concerns\\CallsCommands.php(28): Illuminate\\Console\\Command->runCommand('db:seed', Array, Object(Illuminate\\Console\\OutputStyle))
#35 C:\\laragon\\www\\kantin-DTEDI\\vendor\\laravel\\framework\\src\\Illuminate\\Database\\Console\\Migrations\\RefreshCommand.php(136): Illuminate\\Console\\Command->call('db:seed', Array)
#36 C:\\laragon\\www\\kantin-DTEDI\\vendor\\laravel\\framework\\src\\Illuminate\\Database\\Console\\Migrations\\RefreshCommand.php(75): Illuminate\\Database\\Console\\Migrations\\RefreshCommand->runSeeder(NULL)
#37 C:\\laragon\\www\\kantin-DTEDI\\vendor\\laravel\\framework\\src\\Illuminate\\Container\\BoundMethod.php(36): Illuminate\\Database\\Console\\Migrations\\RefreshCommand->handle()
#38 C:\\laragon\\www\\kantin-DTEDI\\vendor\\laravel\\framework\\src\\Illuminate\\Container\\Util.php(41): Illuminate\\Container\\BoundMethod::Illuminate\\Container\\{closure}()
#39 C:\\laragon\\www\\kantin-DTEDI\\vendor\\laravel\\framework\\src\\Illuminate\\Container\\BoundMethod.php(93): Illuminate\\Container\\Util::unwrapIfClosure(Object(Closure))
#40 C:\\laragon\\www\\kantin-DTEDI\\vendor\\laravel\\framework\\src\\Illuminate\\Container\\BoundMethod.php(37): Illuminate\\Container\\BoundMethod::callBoundMethod(Object(Illuminate\\Foundation\\Application), Array, Object(Closure))
#41 C:\\laragon\\www\\kantin-DTEDI\\vendor\\laravel\\framework\\src\\Illuminate\\Container\\Container.php(662): Illuminate\\Container\\BoundMethod::call(Object(Illuminate\\Foundation\\Application), Array, Array, NULL)
#42 C:\\laragon\\www\\kantin-DTEDI\\vendor\\laravel\\framework\\src\\Illuminate\\Console\\Command.php(211): Illuminate\\Container\\Container->call(Array)
#43 C:\\laragon\\www\\kantin-DTEDI\\vendor\\symfony\\console\\Command\\Command.php(326): Illuminate\\Console\\Command->execute(Object(Symfony\\Component\\Console\\Input\\ArgvInput), Object(Illuminate\\Console\\OutputStyle))
#44 C:\\laragon\\www\\kantin-DTEDI\\vendor\\laravel\\framework\\src\\Illuminate\\Console\\Command.php(181): Symfony\\Component\\Console\\Command\\Command->run(Object(Symfony\\Component\\Console\\Input\\ArgvInput), Object(Illuminate\\Console\\OutputStyle))
#45 C:\\laragon\\www\\kantin-DTEDI\\vendor\\symfony\\console\\Application.php(1096): Illuminate\\Console\\Command->run(Object(Symfony\\Component\\Console\\Input\\ArgvInput), Object(Symfony\\Component\\Console\\Output\\ConsoleOutput))
#46 C:\\laragon\\www\\kantin-DTEDI\\vendor\\symfony\\console\\Application.php(324): Symfony\\Component\\Console\\Application->doRunCommand(Object(Illuminate\\Database\\Console\\Migrations\\RefreshCommand), Object(Symfony\\Component\\Console\\Input\\ArgvInput), Object(Symfony\\Component\\Console\\Output\\ConsoleOutput))
#47 C:\\laragon\\www\\kantin-DTEDI\\vendor\\symfony\\console\\Application.php(175): Symfony\\Component\\Console\\Application->doRun(Object(Symfony\\Component\\Console\\Input\\ArgvInput), Object(Symfony\\Component\\Console\\Output\\ConsoleOutput))
#48 C:\\laragon\\www\\kantin-DTEDI\\vendor\\laravel\\framework\\src\\Illuminate\\Foundation\\Console\\Kernel.php(201): Symfony\\Component\\Console\\Application->run(Object(Symfony\\Component\\Console\\Input\\ArgvInput), Object(Symfony\\Component\\Console\\Output\\ConsoleOutput))
#49 C:\\laragon\\www\\kantin-DTEDI\\artisan(37): Illuminate\\Foundation\\Console\\Kernel->handle(Object(Symfony\\Component\\Console\\Input\\ArgvInput), Object(Symfony\\Component\\Console\\Output\\ConsoleOutput))
#50 {main}
"} 
[2024-11-26 06:39:38] local.ERROR: SQLSTATE[42S22]: Column not found: 1054 Unknown column 'type' in 'field list' (Connection: mysql, SQL: insert into `receipts` (`cashier_id`, `payment`, `returns`, `type`) values (1, 5000, 500, cash), (2, 20000, 0, qris)) {"exception":"[object] (Illuminate\\Database\\QueryException(code: 42S22): SQLSTATE[42S22]: Column not found: 1054 Unknown column 'type' in 'field list' (Connection: mysql, SQL: insert into `receipts` (`cashier_id`, `payment`, `returns`, `type`) values (1, 5000, 500, cash), (2, 20000, 0, qris)) at C:\\laragon\\www\\kantin-DTEDI\\vendor\\laravel\\framework\\src\\Illuminate\\Database\\Connection.php:829)
[stacktrace]
#0 C:\\laragon\\www\\kantin-DTEDI\\vendor\\laravel\\framework\\src\\Illuminate\\Database\\Connection.php(783): Illuminate\\Database\\Connection->runQueryCallback('insert into `re...', Array, Object(Closure))
#1 C:\\laragon\\www\\kantin-DTEDI\\vendor\\laravel\\framework\\src\\Illuminate\\Database\\MySqlConnection.php(50): Illuminate\\Database\\Connection->run('insert into `re...', Array, Object(Closure))
#2 C:\\laragon\\www\\kantin-DTEDI\\vendor\\laravel\\framework\\src\\Illuminate\\Database\\Query\\Builder.php(3500): Illuminate\\Database\\MySqlConnection->insert('insert into `re...', Array)
#3 C:\\laragon\\www\\kantin-DTEDI\\database\\seeders\\ReceiptsSeeder.php(17): Illuminate\\Database\\Query\\Builder->insert(Array)
#4 C:\\laragon\\www\\kantin-DTEDI\\vendor\\laravel\\framework\\src\\Illuminate\\Container\\BoundMethod.php(36): Database\\Seeders\\ReceiptsSeeder->run()
#5 C:\\laragon\\www\\kantin-DTEDI\\vendor\\laravel\\framework\\src\\Illuminate\\Container\\Util.php(41): Illuminate\\Container\\BoundMethod::Illuminate\\Container\\{closure}()
#6 C:\\laragon\\www\\kantin-DTEDI\\vendor\\laravel\\framework\\src\\Illuminate\\Container\\BoundMethod.php(93): Illuminate\\Container\\Util::unwrapIfClosure(Object(Closure))
#7 C:\\laragon\\www\\kantin-DTEDI\\vendor\\laravel\\framework\\src\\Illuminate\\Container\\BoundMethod.php(37): Illuminate\\Container\\BoundMethod::callBoundMethod(Object(Illuminate\\Foundation\\Application), Array, Object(Closure))
#8 C:\\laragon\\www\\kantin-DTEDI\\vendor\\laravel\\framework\\src\\Illuminate\\Container\\Container.php(662): Illuminate\\Container\\BoundMethod::call(Object(Illuminate\\Foundation\\Application), Array, Array, NULL)
#9 C:\\laragon\\www\\kantin-DTEDI\\vendor\\laravel\\framework\\src\\Illuminate\\Database\\Seeder.php(184): Illuminate\\Container\\Container->call(Array, Array)
#10 C:\\laragon\\www\\kantin-DTEDI\\vendor\\laravel\\framework\\src\\Illuminate\\Database\\Seeder.php(193): Illuminate\\Database\\Seeder->Illuminate\\Database\\{closure}()
#11 C:\\laragon\\www\\kantin-DTEDI\\vendor\\laravel\\framework\\src\\Illuminate\\Database\\Seeder.php(61): Illuminate\\Database\\Seeder->__invoke(Array)
#12 C:\\laragon\\www\\kantin-DTEDI\\database\\seeders\\DatabaseSeeder.php(16): Illuminate\\Database\\Seeder->call('Database\\\\Seeder...')
#13 C:\\laragon\\www\\kantin-DTEDI\\vendor\\laravel\\framework\\src\\Illuminate\\Container\\BoundMethod.php(36): Database\\Seeders\\DatabaseSeeder->run()
#14 C:\\laragon\\www\\kantin-DTEDI\\vendor\\laravel\\framework\\src\\Illuminate\\Container\\Util.php(41): Illuminate\\Container\\BoundMethod::Illuminate\\Container\\{closure}()
#15 C:\\laragon\\www\\kantin-DTEDI\\vendor\\laravel\\framework\\src\\Illuminate\\Container\\BoundMethod.php(93): Illuminate\\Container\\Util::unwrapIfClosure(Object(Closure))
#16 C:\\laragon\\www\\kantin-DTEDI\\vendor\\laravel\\framework\\src\\Illuminate\\Container\\BoundMethod.php(37): Illuminate\\Container\\BoundMethod::callBoundMethod(Object(Illuminate\\Foundation\\Application), Array, Object(Closure))
#17 C:\\laragon\\www\\kantin-DTEDI\\vendor\\laravel\\framework\\src\\Illuminate\\Container\\Container.php(662): Illuminate\\Container\\BoundMethod::call(Object(Illuminate\\Foundation\\Application), Array, Array, NULL)
#18 C:\\laragon\\www\\kantin-DTEDI\\vendor\\laravel\\framework\\src\\Illuminate\\Database\\Seeder.php(184): Illuminate\\Container\\Container->call(Array, Array)
#19 C:\\laragon\\www\\kantin-DTEDI\\vendor\\laravel\\framework\\src\\Illuminate\\Database\\Seeder.php(193): Illuminate\\Database\\Seeder->Illuminate\\Database\\{closure}()
#20 C:\\laragon\\www\\kantin-DTEDI\\vendor\\laravel\\framework\\src\\Illuminate\\Database\\Console\\Seeds\\SeedCommand.php(70): Illuminate\\Database\\Seeder->__invoke()
#21 C:\\laragon\\www\\kantin-DTEDI\\vendor\\laravel\\framework\\src\\Illuminate\\Database\\Eloquent\\Concerns\\GuardsAttributes.php(155): Illuminate\\Database\\Console\\Seeds\\SeedCommand->Illuminate\\Database\\Console\\Seeds\\{closure}()
#22 C:\\laragon\\www\\kantin-DTEDI\\vendor\\laravel\\framework\\src\\Illuminate\\Database\\Console\\Seeds\\SeedCommand.php(71): Illuminate\\Database\\Eloquent\\Model::unguarded(Object(Closure))
#23 C:\\laragon\\www\\kantin-DTEDI\\vendor\\laravel\\framework\\src\\Illuminate\\Container\\BoundMethod.php(36): Illuminate\\Database\\Console\\Seeds\\SeedCommand->handle()
#24 C:\\laragon\\www\\kantin-DTEDI\\vendor\\laravel\\framework\\src\\Illuminate\\Container\\Util.php(41): Illuminate\\Container\\BoundMethod::Illuminate\\Container\\{closure}()
#25 C:\\laragon\\www\\kantin-DTEDI\\vendor\\laravel\\framework\\src\\Illuminate\\Container\\BoundMethod.php(93): Illuminate\\Container\\Util::unwrapIfClosure(Object(Closure))
#26 C:\\laragon\\www\\kantin-DTEDI\\vendor\\laravel\\framework\\src\\Illuminate\\Container\\BoundMethod.php(37): Illuminate\\Container\\BoundMethod::callBoundMethod(Object(Illuminate\\Foundation\\Application), Array, Object(Closure))
#27 C:\\laragon\\www\\kantin-DTEDI\\vendor\\laravel\\framework\\src\\Illuminate\\Container\\Container.php(662): Illuminate\\Container\\BoundMethod::call(Object(Illuminate\\Foundation\\Application), Array, Array, NULL)
#28 C:\\laragon\\www\\kantin-DTEDI\\vendor\\laravel\\framework\\src\\Illuminate\\Console\\Command.php(211): Illuminate\\Container\\Container->call(Array)
#29 C:\\laragon\\www\\kantin-DTEDI\\vendor\\symfony\\console\\Command\\Command.php(326): Illuminate\\Console\\Command->execute(Object(Symfony\\Component\\Console\\Input\\ArrayInput), Object(Illuminate\\Console\\OutputStyle))
#30 C:\\laragon\\www\\kantin-DTEDI\\vendor\\laravel\\framework\\src\\Illuminate\\Console\\Command.php(181): Symfony\\Component\\Console\\Command\\Command->run(Object(Symfony\\Component\\Console\\Input\\ArrayInput), Object(Illuminate\\Console\\OutputStyle))
#31 C:\\laragon\\www\\kantin-DTEDI\\vendor\\laravel\\framework\\src\\Illuminate\\Console\\Concerns\\CallsCommands.php(68): Illuminate\\Console\\Command->run(Object(Symfony\\Component\\Console\\Input\\ArrayInput), Object(Illuminate\\Console\\OutputStyle))
#32 C:\\laragon\\www\\kantin-DTEDI\\vendor\\laravel\\framework\\src\\Illuminate\\Console\\Concerns\\CallsCommands.php(28): Illuminate\\Console\\Command->runCommand('db:seed', Array, Object(Illuminate\\Console\\OutputStyle))
#33 C:\\laragon\\www\\kantin-DTEDI\\vendor\\laravel\\framework\\src\\Illuminate\\Database\\Console\\Migrations\\RefreshCommand.php(136): Illuminate\\Console\\Command->call('db:seed', Array)
#34 C:\\laragon\\www\\kantin-DTEDI\\vendor\\laravel\\framework\\src\\Illuminate\\Database\\Console\\Migrations\\RefreshCommand.php(75): Illuminate\\Database\\Console\\Migrations\\RefreshCommand->runSeeder(NULL)
#35 C:\\laragon\\www\\kantin-DTEDI\\vendor\\laravel\\framework\\src\\Illuminate\\Container\\BoundMethod.php(36): Illuminate\\Database\\Console\\Migrations\\RefreshCommand->handle()
#36 C:\\laragon\\www\\kantin-DTEDI\\vendor\\laravel\\framework\\src\\Illuminate\\Container\\Util.php(41): Illuminate\\Container\\BoundMethod::Illuminate\\Container\\{closure}()
#37 C:\\laragon\\www\\kantin-DTEDI\\vendor\\laravel\\framework\\src\\Illuminate\\Container\\BoundMethod.php(93): Illuminate\\Container\\Util::unwrapIfClosure(Object(Closure))
#38 C:\\laragon\\www\\kantin-DTEDI\\vendor\\laravel\\framework\\src\\Illuminate\\Container\\BoundMethod.php(37): Illuminate\\Container\\BoundMethod::callBoundMethod(Object(Illuminate\\Foundation\\Application), Array, Object(Closure))
#39 C:\\laragon\\www\\kantin-DTEDI\\vendor\\laravel\\framework\\src\\Illuminate\\Container\\Container.php(662): Illuminate\\Container\\BoundMethod::call(Object(Illuminate\\Foundation\\Application), Array, Array, NULL)
#40 C:\\laragon\\www\\kantin-DTEDI\\vendor\\laravel\\framework\\src\\Illuminate\\Console\\Command.php(211): Illuminate\\Container\\Container->call(Array)
#41 C:\\laragon\\www\\kantin-DTEDI\\vendor\\symfony\\console\\Command\\Command.php(326): Illuminate\\Console\\Command->execute(Object(Symfony\\Component\\Console\\Input\\ArgvInput), Object(Illuminate\\Console\\OutputStyle))
#42 C:\\laragon\\www\\kantin-DTEDI\\vendor\\laravel\\framework\\src\\Illuminate\\Console\\Command.php(181): Symfony\\Component\\Console\\Command\\Command->run(Object(Symfony\\Component\\Console\\Input\\ArgvInput), Object(Illuminate\\Console\\OutputStyle))
#43 C:\\laragon\\www\\kantin-DTEDI\\vendor\\symfony\\console\\Application.php(1096): Illuminate\\Console\\Command->run(Object(Symfony\\Component\\Console\\Input\\ArgvInput), Object(Symfony\\Component\\Console\\Output\\ConsoleOutput))
#44 C:\\laragon\\www\\kantin-DTEDI\\vendor\\symfony\\console\\Application.php(324): Symfony\\Component\\Console\\Application->doRunCommand(Object(Illuminate\\Database\\Console\\Migrations\\RefreshCommand), Object(Symfony\\Component\\Console\\Input\\ArgvInput), Object(Symfony\\Component\\Console\\Output\\ConsoleOutput))
#45 C:\\laragon\\www\\kantin-DTEDI\\vendor\\symfony\\console\\Application.php(175): Symfony\\Component\\Console\\Application->doRun(Object(Symfony\\Component\\Console\\Input\\ArgvInput), Object(Symfony\\Component\\Console\\Output\\ConsoleOutput))
#46 C:\\laragon\\www\\kantin-DTEDI\\vendor\\laravel\\framework\\src\\Illuminate\\Foundation\\Console\\Kernel.php(201): Symfony\\Component\\Console\\Application->run(Object(Symfony\\Component\\Console\\Input\\ArgvInput), Object(Symfony\\Component\\Console\\Output\\ConsoleOutput))
#47 C:\\laragon\\www\\kantin-DTEDI\\artisan(37): Illuminate\\Foundation\\Console\\Kernel->handle(Object(Symfony\\Component\\Console\\Input\\ArgvInput), Object(Symfony\\Component\\Console\\Output\\ConsoleOutput))
#48 {main}

[previous exception] [object] (PDOException(code: 42S22): SQLSTATE[42S22]: Column not found: 1054 Unknown column 'type' in 'field list' at C:\\laragon\\www\\kantin-DTEDI\\vendor\\laravel\\framework\\src\\Illuminate\\Database\\MySqlConnection.php:39)
[stacktrace]
#0 C:\\laragon\\www\\kantin-DTEDI\\vendor\\laravel\\framework\\src\\Illuminate\\Database\\MySqlConnection.php(39): PDO->prepare('insert into `re...')
#1 C:\\laragon\\www\\kantin-DTEDI\\vendor\\laravel\\framework\\src\\Illuminate\\Database\\Connection.php(816): Illuminate\\Database\\MySqlConnection->Illuminate\\Database\\{closure}('insert into `re...', Array)
#2 C:\\laragon\\www\\kantin-DTEDI\\vendor\\laravel\\framework\\src\\Illuminate\\Database\\Connection.php(783): Illuminate\\Database\\Connection->runQueryCallback('insert into `re...', Array, Object(Closure))
#3 C:\\laragon\\www\\kantin-DTEDI\\vendor\\laravel\\framework\\src\\Illuminate\\Database\\MySqlConnection.php(50): Illuminate\\Database\\Connection->run('insert into `re...', Array, Object(Closure))
#4 C:\\laragon\\www\\kantin-DTEDI\\vendor\\laravel\\framework\\src\\Illuminate\\Database\\Query\\Builder.php(3500): Illuminate\\Database\\MySqlConnection->insert('insert into `re...', Array)
#5 C:\\laragon\\www\\kantin-DTEDI\\database\\seeders\\ReceiptsSeeder.php(17): Illuminate\\Database\\Query\\Builder->insert(Array)
#6 C:\\laragon\\www\\kantin-DTEDI\\vendor\\laravel\\framework\\src\\Illuminate\\Container\\BoundMethod.php(36): Database\\Seeders\\ReceiptsSeeder->run()
#7 C:\\laragon\\www\\kantin-DTEDI\\vendor\\laravel\\framework\\src\\Illuminate\\Container\\Util.php(41): Illuminate\\Container\\BoundMethod::Illuminate\\Container\\{closure}()
#8 C:\\laragon\\www\\kantin-DTEDI\\vendor\\laravel\\framework\\src\\Illuminate\\Container\\BoundMethod.php(93): Illuminate\\Container\\Util::unwrapIfClosure(Object(Closure))
#9 C:\\laragon\\www\\kantin-DTEDI\\vendor\\laravel\\framework\\src\\Illuminate\\Container\\BoundMethod.php(37): Illuminate\\Container\\BoundMethod::callBoundMethod(Object(Illuminate\\Foundation\\Application), Array, Object(Closure))
#10 C:\\laragon\\www\\kantin-DTEDI\\vendor\\laravel\\framework\\src\\Illuminate\\Container\\Container.php(662): Illuminate\\Container\\BoundMethod::call(Object(Illuminate\\Foundation\\Application), Array, Array, NULL)
#11 C:\\laragon\\www\\kantin-DTEDI\\vendor\\laravel\\framework\\src\\Illuminate\\Database\\Seeder.php(184): Illuminate\\Container\\Container->call(Array, Array)
#12 C:\\laragon\\www\\kantin-DTEDI\\vendor\\laravel\\framework\\src\\Illuminate\\Database\\Seeder.php(193): Illuminate\\Database\\Seeder->Illuminate\\Database\\{closure}()
#13 C:\\laragon\\www\\kantin-DTEDI\\vendor\\laravel\\framework\\src\\Illuminate\\Database\\Seeder.php(61): Illuminate\\Database\\Seeder->__invoke(Array)
#14 C:\\laragon\\www\\kantin-DTEDI\\database\\seeders\\DatabaseSeeder.php(16): Illuminate\\Database\\Seeder->call('Database\\\\Seeder...')
#15 C:\\laragon\\www\\kantin-DTEDI\\vendor\\laravel\\framework\\src\\Illuminate\\Container\\BoundMethod.php(36): Database\\Seeders\\DatabaseSeeder->run()
#16 C:\\laragon\\www\\kantin-DTEDI\\vendor\\laravel\\framework\\src\\Illuminate\\Container\\Util.php(41): Illuminate\\Container\\BoundMethod::Illuminate\\Container\\{closure}()
#17 C:\\laragon\\www\\kantin-DTEDI\\vendor\\laravel\\framework\\src\\Illuminate\\Container\\BoundMethod.php(93): Illuminate\\Container\\Util::unwrapIfClosure(Object(Closure))
#18 C:\\laragon\\www\\kantin-DTEDI\\vendor\\laravel\\framework\\src\\Illuminate\\Container\\BoundMethod.php(37): Illuminate\\Container\\BoundMethod::callBoundMethod(Object(Illuminate\\Foundation\\Application), Array, Object(Closure))
#19 C:\\laragon\\www\\kantin-DTEDI\\vendor\\laravel\\framework\\src\\Illuminate\\Container\\Container.php(662): Illuminate\\Container\\BoundMethod::call(Object(Illuminate\\Foundation\\Application), Array, Array, NULL)
#20 C:\\laragon\\www\\kantin-DTEDI\\vendor\\laravel\\framework\\src\\Illuminate\\Database\\Seeder.php(184): Illuminate\\Container\\Container->call(Array, Array)
#21 C:\\laragon\\www\\kantin-DTEDI\\vendor\\laravel\\framework\\src\\Illuminate\\Database\\Seeder.php(193): Illuminate\\Database\\Seeder->Illuminate\\Database\\{closure}()
#22 C:\\laragon\\www\\kantin-DTEDI\\vendor\\laravel\\framework\\src\\Illuminate\\Database\\Console\\Seeds\\SeedCommand.php(70): Illuminate\\Database\\Seeder->__invoke()
#23 C:\\laragon\\www\\kantin-DTEDI\\vendor\\laravel\\framework\\src\\Illuminate\\Database\\Eloquent\\Concerns\\GuardsAttributes.php(155): Illuminate\\Database\\Console\\Seeds\\SeedCommand->Illuminate\\Database\\Console\\Seeds\\{closure}()
#24 C:\\laragon\\www\\kantin-DTEDI\\vendor\\laravel\\framework\\src\\Illuminate\\Database\\Console\\Seeds\\SeedCommand.php(71): Illuminate\\Database\\Eloquent\\Model::unguarded(Object(Closure))
#25 C:\\laragon\\www\\kantin-DTEDI\\vendor\\laravel\\framework\\src\\Illuminate\\Container\\BoundMethod.php(36): Illuminate\\Database\\Console\\Seeds\\SeedCommand->handle()
#26 C:\\laragon\\www\\kantin-DTEDI\\vendor\\laravel\\framework\\src\\Illuminate\\Container\\Util.php(41): Illuminate\\Container\\BoundMethod::Illuminate\\Container\\{closure}()
#27 C:\\laragon\\www\\kantin-DTEDI\\vendor\\laravel\\framework\\src\\Illuminate\\Container\\BoundMethod.php(93): Illuminate\\Container\\Util::unwrapIfClosure(Object(Closure))
#28 C:\\laragon\\www\\kantin-DTEDI\\vendor\\laravel\\framework\\src\\Illuminate\\Container\\BoundMethod.php(37): Illuminate\\Container\\BoundMethod::callBoundMethod(Object(Illuminate\\Foundation\\Application), Array, Object(Closure))
#29 C:\\laragon\\www\\kantin-DTEDI\\vendor\\laravel\\framework\\src\\Illuminate\\Container\\Container.php(662): Illuminate\\Container\\BoundMethod::call(Object(Illuminate\\Foundation\\Application), Array, Array, NULL)
#30 C:\\laragon\\www\\kantin-DTEDI\\vendor\\laravel\\framework\\src\\Illuminate\\Console\\Command.php(211): Illuminate\\Container\\Container->call(Array)
#31 C:\\laragon\\www\\kantin-DTEDI\\vendor\\symfony\\console\\Command\\Command.php(326): Illuminate\\Console\\Command->execute(Object(Symfony\\Component\\Console\\Input\\ArrayInput), Object(Illuminate\\Console\\OutputStyle))
#32 C:\\laragon\\www\\kantin-DTEDI\\vendor\\laravel\\framework\\src\\Illuminate\\Console\\Command.php(181): Symfony\\Component\\Console\\Command\\Command->run(Object(Symfony\\Component\\Console\\Input\\ArrayInput), Object(Illuminate\\Console\\OutputStyle))
#33 C:\\laragon\\www\\kantin-DTEDI\\vendor\\laravel\\framework\\src\\Illuminate\\Console\\Concerns\\CallsCommands.php(68): Illuminate\\Console\\Command->run(Object(Symfony\\Component\\Console\\Input\\ArrayInput), Object(Illuminate\\Console\\OutputStyle))
#34 C:\\laragon\\www\\kantin-DTEDI\\vendor\\laravel\\framework\\src\\Illuminate\\Console\\Concerns\\CallsCommands.php(28): Illuminate\\Console\\Command->runCommand('db:seed', Array, Object(Illuminate\\Console\\OutputStyle))
#35 C:\\laragon\\www\\kantin-DTEDI\\vendor\\laravel\\framework\\src\\Illuminate\\Database\\Console\\Migrations\\RefreshCommand.php(136): Illuminate\\Console\\Command->call('db:seed', Array)
#36 C:\\laragon\\www\\kantin-DTEDI\\vendor\\laravel\\framework\\src\\Illuminate\\Database\\Console\\Migrations\\RefreshCommand.php(75): Illuminate\\Database\\Console\\Migrations\\RefreshCommand->runSeeder(NULL)
#37 C:\\laragon\\www\\kantin-DTEDI\\vendor\\laravel\\framework\\src\\Illuminate\\Container\\BoundMethod.php(36): Illuminate\\Database\\Console\\Migrations\\RefreshCommand->handle()
#38 C:\\laragon\\www\\kantin-DTEDI\\vendor\\laravel\\framework\\src\\Illuminate\\Container\\Util.php(41): Illuminate\\Container\\BoundMethod::Illuminate\\Container\\{closure}()
#39 C:\\laragon\\www\\kantin-DTEDI\\vendor\\laravel\\framework\\src\\Illuminate\\Container\\BoundMethod.php(93): Illuminate\\Container\\Util::unwrapIfClosure(Object(Closure))
#40 C:\\laragon\\www\\kantin-DTEDI\\vendor\\laravel\\framework\\src\\Illuminate\\Container\\BoundMethod.php(37): Illuminate\\Container\\BoundMethod::callBoundMethod(Object(Illuminate\\Foundation\\Application), Array, Object(Closure))
#41 C:\\laragon\\www\\kantin-DTEDI\\vendor\\laravel\\framework\\src\\Illuminate\\Container\\Container.php(662): Illuminate\\Container\\BoundMethod::call(Object(Illuminate\\Foundation\\Application), Array, Array, NULL)
#42 C:\\laragon\\www\\kantin-DTEDI\\vendor\\laravel\\framework\\src\\Illuminate\\Console\\Command.php(211): Illuminate\\Container\\Container->call(Array)
#43 C:\\laragon\\www\\kantin-DTEDI\\vendor\\symfony\\console\\Command\\Command.php(326): Illuminate\\Console\\Command->execute(Object(Symfony\\Component\\Console\\Input\\ArgvInput), Object(Illuminate\\Console\\OutputStyle))
#44 C:\\laragon\\www\\kantin-DTEDI\\vendor\\laravel\\framework\\src\\Illuminate\\Console\\Command.php(181): Symfony\\Component\\Console\\Command\\Command->run(Object(Symfony\\Component\\Console\\Input\\ArgvInput), Object(Illuminate\\Console\\OutputStyle))
#45 C:\\laragon\\www\\kantin-DTEDI\\vendor\\symfony\\console\\Application.php(1096): Illuminate\\Console\\Command->run(Object(Symfony\\Component\\Console\\Input\\ArgvInput), Object(Symfony\\Component\\Console\\Output\\ConsoleOutput))
#46 C:\\laragon\\www\\kantin-DTEDI\\vendor\\symfony\\console\\Application.php(324): Symfony\\Component\\Console\\Application->doRunCommand(Object(Illuminate\\Database\\Console\\Migrations\\RefreshCommand), Object(Symfony\\Component\\Console\\Input\\ArgvInput), Object(Symfony\\Component\\Console\\Output\\ConsoleOutput))
#47 C:\\laragon\\www\\kantin-DTEDI\\vendor\\symfony\\console\\Application.php(175): Symfony\\Component\\Console\\Application->doRun(Object(Symfony\\Component\\Console\\Input\\ArgvInput), Object(Symfony\\Component\\Console\\Output\\ConsoleOutput))
#48 C:\\laragon\\www\\kantin-DTEDI\\vendor\\laravel\\framework\\src\\Illuminate\\Foundation\\Console\\Kernel.php(201): Symfony\\Component\\Console\\Application->run(Object(Symfony\\Component\\Console\\Input\\ArgvInput), Object(Symfony\\Component\\Console\\Output\\ConsoleOutput))
#49 C:\\laragon\\www\\kantin-DTEDI\\artisan(37): Illuminate\\Foundation\\Console\\Kernel->handle(Object(Symfony\\Component\\Console\\Input\\ArgvInput), Object(Symfony\\Component\\Console\\Output\\ConsoleOutput))
#50 {main}
"} 
[2024-11-26 06:40:14] local.ERROR: SQLSTATE[42S22]: Column not found: 1054 Unknown column 'total_price' in 'field list' (Connection: mysql, SQL: insert into `orders` (`amount`, `menu_id`, `price`, `receipts_id`, `total_price`) values (2, 1, 1000, 1, 2000), (3, 2, 5000, 2, 15000)) {"exception":"[object] (Illuminate\\Database\\QueryException(code: 42S22): SQLSTATE[42S22]: Column not found: 1054 Unknown column 'total_price' in 'field list' (Connection: mysql, SQL: insert into `orders` (`amount`, `menu_id`, `price`, `receipts_id`, `total_price`) values (2, 1, 1000, 1, 2000), (3, 2, 5000, 2, 15000)) at C:\\laragon\\www\\kantin-DTEDI\\vendor\\laravel\\framework\\src\\Illuminate\\Database\\Connection.php:829)
[stacktrace]
#0 C:\\laragon\\www\\kantin-DTEDI\\vendor\\laravel\\framework\\src\\Illuminate\\Database\\Connection.php(783): Illuminate\\Database\\Connection->runQueryCallback('insert into `or...', Array, Object(Closure))
#1 C:\\laragon\\www\\kantin-DTEDI\\vendor\\laravel\\framework\\src\\Illuminate\\Database\\MySqlConnection.php(50): Illuminate\\Database\\Connection->run('insert into `or...', Array, Object(Closure))
#2 C:\\laragon\\www\\kantin-DTEDI\\vendor\\laravel\\framework\\src\\Illuminate\\Database\\Query\\Builder.php(3500): Illuminate\\Database\\MySqlConnection->insert('insert into `or...', Array)
#3 C:\\laragon\\www\\kantin-DTEDI\\database\\seeders\\OrdersSeeder.php(17): Illuminate\\Database\\Query\\Builder->insert(Array)
#4 C:\\laragon\\www\\kantin-DTEDI\\vendor\\laravel\\framework\\src\\Illuminate\\Container\\BoundMethod.php(36): Database\\Seeders\\OrdersSeeder->run()
#5 C:\\laragon\\www\\kantin-DTEDI\\vendor\\laravel\\framework\\src\\Illuminate\\Container\\Util.php(41): Illuminate\\Container\\BoundMethod::Illuminate\\Container\\{closure}()
#6 C:\\laragon\\www\\kantin-DTEDI\\vendor\\laravel\\framework\\src\\Illuminate\\Container\\BoundMethod.php(93): Illuminate\\Container\\Util::unwrapIfClosure(Object(Closure))
#7 C:\\laragon\\www\\kantin-DTEDI\\vendor\\laravel\\framework\\src\\Illuminate\\Container\\BoundMethod.php(37): Illuminate\\Container\\BoundMethod::callBoundMethod(Object(Illuminate\\Foundation\\Application), Array, Object(Closure))
#8 C:\\laragon\\www\\kantin-DTEDI\\vendor\\laravel\\framework\\src\\Illuminate\\Container\\Container.php(662): Illuminate\\Container\\BoundMethod::call(Object(Illuminate\\Foundation\\Application), Array, Array, NULL)
#9 C:\\laragon\\www\\kantin-DTEDI\\vendor\\laravel\\framework\\src\\Illuminate\\Database\\Seeder.php(184): Illuminate\\Container\\Container->call(Array, Array)
#10 C:\\laragon\\www\\kantin-DTEDI\\vendor\\laravel\\framework\\src\\Illuminate\\Database\\Seeder.php(193): Illuminate\\Database\\Seeder->Illuminate\\Database\\{closure}()
#11 C:\\laragon\\www\\kantin-DTEDI\\vendor\\laravel\\framework\\src\\Illuminate\\Database\\Seeder.php(61): Illuminate\\Database\\Seeder->__invoke(Array)
#12 C:\\laragon\\www\\kantin-DTEDI\\database\\seeders\\DatabaseSeeder.php(16): Illuminate\\Database\\Seeder->call('Database\\\\Seeder...')
#13 C:\\laragon\\www\\kantin-DTEDI\\vendor\\laravel\\framework\\src\\Illuminate\\Container\\BoundMethod.php(36): Database\\Seeders\\DatabaseSeeder->run()
#14 C:\\laragon\\www\\kantin-DTEDI\\vendor\\laravel\\framework\\src\\Illuminate\\Container\\Util.php(41): Illuminate\\Container\\BoundMethod::Illuminate\\Container\\{closure}()
#15 C:\\laragon\\www\\kantin-DTEDI\\vendor\\laravel\\framework\\src\\Illuminate\\Container\\BoundMethod.php(93): Illuminate\\Container\\Util::unwrapIfClosure(Object(Closure))
#16 C:\\laragon\\www\\kantin-DTEDI\\vendor\\laravel\\framework\\src\\Illuminate\\Container\\BoundMethod.php(37): Illuminate\\Container\\BoundMethod::callBoundMethod(Object(Illuminate\\Foundation\\Application), Array, Object(Closure))
#17 C:\\laragon\\www\\kantin-DTEDI\\vendor\\laravel\\framework\\src\\Illuminate\\Container\\Container.php(662): Illuminate\\Container\\BoundMethod::call(Object(Illuminate\\Foundation\\Application), Array, Array, NULL)
#18 C:\\laragon\\www\\kantin-DTEDI\\vendor\\laravel\\framework\\src\\Illuminate\\Database\\Seeder.php(184): Illuminate\\Container\\Container->call(Array, Array)
#19 C:\\laragon\\www\\kantin-DTEDI\\vendor\\laravel\\framework\\src\\Illuminate\\Database\\Seeder.php(193): Illuminate\\Database\\Seeder->Illuminate\\Database\\{closure}()
#20 C:\\laragon\\www\\kantin-DTEDI\\vendor\\laravel\\framework\\src\\Illuminate\\Database\\Console\\Seeds\\SeedCommand.php(70): Illuminate\\Database\\Seeder->__invoke()
#21 C:\\laragon\\www\\kantin-DTEDI\\vendor\\laravel\\framework\\src\\Illuminate\\Database\\Eloquent\\Concerns\\GuardsAttributes.php(155): Illuminate\\Database\\Console\\Seeds\\SeedCommand->Illuminate\\Database\\Console\\Seeds\\{closure}()
#22 C:\\laragon\\www\\kantin-DTEDI\\vendor\\laravel\\framework\\src\\Illuminate\\Database\\Console\\Seeds\\SeedCommand.php(71): Illuminate\\Database\\Eloquent\\Model::unguarded(Object(Closure))
#23 C:\\laragon\\www\\kantin-DTEDI\\vendor\\laravel\\framework\\src\\Illuminate\\Container\\BoundMethod.php(36): Illuminate\\Database\\Console\\Seeds\\SeedCommand->handle()
#24 C:\\laragon\\www\\kantin-DTEDI\\vendor\\laravel\\framework\\src\\Illuminate\\Container\\Util.php(41): Illuminate\\Container\\BoundMethod::Illuminate\\Container\\{closure}()
#25 C:\\laragon\\www\\kantin-DTEDI\\vendor\\laravel\\framework\\src\\Illuminate\\Container\\BoundMethod.php(93): Illuminate\\Container\\Util::unwrapIfClosure(Object(Closure))
#26 C:\\laragon\\www\\kantin-DTEDI\\vendor\\laravel\\framework\\src\\Illuminate\\Container\\BoundMethod.php(37): Illuminate\\Container\\BoundMethod::callBoundMethod(Object(Illuminate\\Foundation\\Application), Array, Object(Closure))
#27 C:\\laragon\\www\\kantin-DTEDI\\vendor\\laravel\\framework\\src\\Illuminate\\Container\\Container.php(662): Illuminate\\Container\\BoundMethod::call(Object(Illuminate\\Foundation\\Application), Array, Array, NULL)
#28 C:\\laragon\\www\\kantin-DTEDI\\vendor\\laravel\\framework\\src\\Illuminate\\Console\\Command.php(211): Illuminate\\Container\\Container->call(Array)
#29 C:\\laragon\\www\\kantin-DTEDI\\vendor\\symfony\\console\\Command\\Command.php(326): Illuminate\\Console\\Command->execute(Object(Symfony\\Component\\Console\\Input\\ArrayInput), Object(Illuminate\\Console\\OutputStyle))
#30 C:\\laragon\\www\\kantin-DTEDI\\vendor\\laravel\\framework\\src\\Illuminate\\Console\\Command.php(181): Symfony\\Component\\Console\\Command\\Command->run(Object(Symfony\\Component\\Console\\Input\\ArrayInput), Object(Illuminate\\Console\\OutputStyle))
#31 C:\\laragon\\www\\kantin-DTEDI\\vendor\\laravel\\framework\\src\\Illuminate\\Console\\Concerns\\CallsCommands.php(68): Illuminate\\Console\\Command->run(Object(Symfony\\Component\\Console\\Input\\ArrayInput), Object(Illuminate\\Console\\OutputStyle))
#32 C:\\laragon\\www\\kantin-DTEDI\\vendor\\laravel\\framework\\src\\Illuminate\\Console\\Concerns\\CallsCommands.php(28): Illuminate\\Console\\Command->runCommand('db:seed', Array, Object(Illuminate\\Console\\OutputStyle))
#33 C:\\laragon\\www\\kantin-DTEDI\\vendor\\laravel\\framework\\src\\Illuminate\\Database\\Console\\Migrations\\RefreshCommand.php(136): Illuminate\\Console\\Command->call('db:seed', Array)
#34 C:\\laragon\\www\\kantin-DTEDI\\vendor\\laravel\\framework\\src\\Illuminate\\Database\\Console\\Migrations\\RefreshCommand.php(75): Illuminate\\Database\\Console\\Migrations\\RefreshCommand->runSeeder(NULL)
#35 C:\\laragon\\www\\kantin-DTEDI\\vendor\\laravel\\framework\\src\\Illuminate\\Container\\BoundMethod.php(36): Illuminate\\Database\\Console\\Migrations\\RefreshCommand->handle()
#36 C:\\laragon\\www\\kantin-DTEDI\\vendor\\laravel\\framework\\src\\Illuminate\\Container\\Util.php(41): Illuminate\\Container\\BoundMethod::Illuminate\\Container\\{closure}()
#37 C:\\laragon\\www\\kantin-DTEDI\\vendor\\laravel\\framework\\src\\Illuminate\\Container\\BoundMethod.php(93): Illuminate\\Container\\Util::unwrapIfClosure(Object(Closure))
#38 C:\\laragon\\www\\kantin-DTEDI\\vendor\\laravel\\framework\\src\\Illuminate\\Container\\BoundMethod.php(37): Illuminate\\Container\\BoundMethod::callBoundMethod(Object(Illuminate\\Foundation\\Application), Array, Object(Closure))
#39 C:\\laragon\\www\\kantin-DTEDI\\vendor\\laravel\\framework\\src\\Illuminate\\Container\\Container.php(662): Illuminate\\Container\\BoundMethod::call(Object(Illuminate\\Foundation\\Application), Array, Array, NULL)
#40 C:\\laragon\\www\\kantin-DTEDI\\vendor\\laravel\\framework\\src\\Illuminate\\Console\\Command.php(211): Illuminate\\Container\\Container->call(Array)
#41 C:\\laragon\\www\\kantin-DTEDI\\vendor\\symfony\\console\\Command\\Command.php(326): Illuminate\\Console\\Command->execute(Object(Symfony\\Component\\Console\\Input\\ArgvInput), Object(Illuminate\\Console\\OutputStyle))
#42 C:\\laragon\\www\\kantin-DTEDI\\vendor\\laravel\\framework\\src\\Illuminate\\Console\\Command.php(181): Symfony\\Component\\Console\\Command\\Command->run(Object(Symfony\\Component\\Console\\Input\\ArgvInput), Object(Illuminate\\Console\\OutputStyle))
#43 C:\\laragon\\www\\kantin-DTEDI\\vendor\\symfony\\console\\Application.php(1096): Illuminate\\Console\\Command->run(Object(Symfony\\Component\\Console\\Input\\ArgvInput), Object(Symfony\\Component\\Console\\Output\\ConsoleOutput))
#44 C:\\laragon\\www\\kantin-DTEDI\\vendor\\symfony\\console\\Application.php(324): Symfony\\Component\\Console\\Application->doRunCommand(Object(Illuminate\\Database\\Console\\Migrations\\RefreshCommand), Object(Symfony\\Component\\Console\\Input\\ArgvInput), Object(Symfony\\Component\\Console\\Output\\ConsoleOutput))
#45 C:\\laragon\\www\\kantin-DTEDI\\vendor\\symfony\\console\\Application.php(175): Symfony\\Component\\Console\\Application->doRun(Object(Symfony\\Component\\Console\\Input\\ArgvInput), Object(Symfony\\Component\\Console\\Output\\ConsoleOutput))
#46 C:\\laragon\\www\\kantin-DTEDI\\vendor\\laravel\\framework\\src\\Illuminate\\Foundation\\Console\\Kernel.php(201): Symfony\\Component\\Console\\Application->run(Object(Symfony\\Component\\Console\\Input\\ArgvInput), Object(Symfony\\Component\\Console\\Output\\ConsoleOutput))
#47 C:\\laragon\\www\\kantin-DTEDI\\artisan(37): Illuminate\\Foundation\\Console\\Kernel->handle(Object(Symfony\\Component\\Console\\Input\\ArgvInput), Object(Symfony\\Component\\Console\\Output\\ConsoleOutput))
#48 {main}

[previous exception] [object] (PDOException(code: 42S22): SQLSTATE[42S22]: Column not found: 1054 Unknown column 'total_price' in 'field list' at C:\\laragon\\www\\kantin-DTEDI\\vendor\\laravel\\framework\\src\\Illuminate\\Database\\MySqlConnection.php:39)
[stacktrace]
#0 C:\\laragon\\www\\kantin-DTEDI\\vendor\\laravel\\framework\\src\\Illuminate\\Database\\MySqlConnection.php(39): PDO->prepare('insert into `or...')
#1 C:\\laragon\\www\\kantin-DTEDI\\vendor\\laravel\\framework\\src\\Illuminate\\Database\\Connection.php(816): Illuminate\\Database\\MySqlConnection->Illuminate\\Database\\{closure}('insert into `or...', Array)
#2 C:\\laragon\\www\\kantin-DTEDI\\vendor\\laravel\\framework\\src\\Illuminate\\Database\\Connection.php(783): Illuminate\\Database\\Connection->runQueryCallback('insert into `or...', Array, Object(Closure))
#3 C:\\laragon\\www\\kantin-DTEDI\\vendor\\laravel\\framework\\src\\Illuminate\\Database\\MySqlConnection.php(50): Illuminate\\Database\\Connection->run('insert into `or...', Array, Object(Closure))
#4 C:\\laragon\\www\\kantin-DTEDI\\vendor\\laravel\\framework\\src\\Illuminate\\Database\\Query\\Builder.php(3500): Illuminate\\Database\\MySqlConnection->insert('insert into `or...', Array)
#5 C:\\laragon\\www\\kantin-DTEDI\\database\\seeders\\OrdersSeeder.php(17): Illuminate\\Database\\Query\\Builder->insert(Array)
#6 C:\\laragon\\www\\kantin-DTEDI\\vendor\\laravel\\framework\\src\\Illuminate\\Container\\BoundMethod.php(36): Database\\Seeders\\OrdersSeeder->run()
#7 C:\\laragon\\www\\kantin-DTEDI\\vendor\\laravel\\framework\\src\\Illuminate\\Container\\Util.php(41): Illuminate\\Container\\BoundMethod::Illuminate\\Container\\{closure}()
#8 C:\\laragon\\www\\kantin-DTEDI\\vendor\\laravel\\framework\\src\\Illuminate\\Container\\BoundMethod.php(93): Illuminate\\Container\\Util::unwrapIfClosure(Object(Closure))
#9 C:\\laragon\\www\\kantin-DTEDI\\vendor\\laravel\\framework\\src\\Illuminate\\Container\\BoundMethod.php(37): Illuminate\\Container\\BoundMethod::callBoundMethod(Object(Illuminate\\Foundation\\Application), Array, Object(Closure))
#10 C:\\laragon\\www\\kantin-DTEDI\\vendor\\laravel\\framework\\src\\Illuminate\\Container\\Container.php(662): Illuminate\\Container\\BoundMethod::call(Object(Illuminate\\Foundation\\Application), Array, Array, NULL)
#11 C:\\laragon\\www\\kantin-DTEDI\\vendor\\laravel\\framework\\src\\Illuminate\\Database\\Seeder.php(184): Illuminate\\Container\\Container->call(Array, Array)
#12 C:\\laragon\\www\\kantin-DTEDI\\vendor\\laravel\\framework\\src\\Illuminate\\Database\\Seeder.php(193): Illuminate\\Database\\Seeder->Illuminate\\Database\\{closure}()
#13 C:\\laragon\\www\\kantin-DTEDI\\vendor\\laravel\\framework\\src\\Illuminate\\Database\\Seeder.php(61): Illuminate\\Database\\Seeder->__invoke(Array)
#14 C:\\laragon\\www\\kantin-DTEDI\\database\\seeders\\DatabaseSeeder.php(16): Illuminate\\Database\\Seeder->call('Database\\\\Seeder...')
#15 C:\\laragon\\www\\kantin-DTEDI\\vendor\\laravel\\framework\\src\\Illuminate\\Container\\BoundMethod.php(36): Database\\Seeders\\DatabaseSeeder->run()
#16 C:\\laragon\\www\\kantin-DTEDI\\vendor\\laravel\\framework\\src\\Illuminate\\Container\\Util.php(41): Illuminate\\Container\\BoundMethod::Illuminate\\Container\\{closure}()
#17 C:\\laragon\\www\\kantin-DTEDI\\vendor\\laravel\\framework\\src\\Illuminate\\Container\\BoundMethod.php(93): Illuminate\\Container\\Util::unwrapIfClosure(Object(Closure))
#18 C:\\laragon\\www\\kantin-DTEDI\\vendor\\laravel\\framework\\src\\Illuminate\\Container\\BoundMethod.php(37): Illuminate\\Container\\BoundMethod::callBoundMethod(Object(Illuminate\\Foundation\\Application), Array, Object(Closure))
#19 C:\\laragon\\www\\kantin-DTEDI\\vendor\\laravel\\framework\\src\\Illuminate\\Container\\Container.php(662): Illuminate\\Container\\BoundMethod::call(Object(Illuminate\\Foundation\\Application), Array, Array, NULL)
#20 C:\\laragon\\www\\kantin-DTEDI\\vendor\\laravel\\framework\\src\\Illuminate\\Database\\Seeder.php(184): Illuminate\\Container\\Container->call(Array, Array)
#21 C:\\laragon\\www\\kantin-DTEDI\\vendor\\laravel\\framework\\src\\Illuminate\\Database\\Seeder.php(193): Illuminate\\Database\\Seeder->Illuminate\\Database\\{closure}()
#22 C:\\laragon\\www\\kantin-DTEDI\\vendor\\laravel\\framework\\src\\Illuminate\\Database\\Console\\Seeds\\SeedCommand.php(70): Illuminate\\Database\\Seeder->__invoke()
#23 C:\\laragon\\www\\kantin-DTEDI\\vendor\\laravel\\framework\\src\\Illuminate\\Database\\Eloquent\\Concerns\\GuardsAttributes.php(155): Illuminate\\Database\\Console\\Seeds\\SeedCommand->Illuminate\\Database\\Console\\Seeds\\{closure}()
#24 C:\\laragon\\www\\kantin-DTEDI\\vendor\\laravel\\framework\\src\\Illuminate\\Database\\Console\\Seeds\\SeedCommand.php(71): Illuminate\\Database\\Eloquent\\Model::unguarded(Object(Closure))
#25 C:\\laragon\\www\\kantin-DTEDI\\vendor\\laravel\\framework\\src\\Illuminate\\Container\\BoundMethod.php(36): Illuminate\\Database\\Console\\Seeds\\SeedCommand->handle()
#26 C:\\laragon\\www\\kantin-DTEDI\\vendor\\laravel\\framework\\src\\Illuminate\\Container\\Util.php(41): Illuminate\\Container\\BoundMethod::Illuminate\\Container\\{closure}()
#27 C:\\laragon\\www\\kantin-DTEDI\\vendor\\laravel\\framework\\src\\Illuminate\\Container\\BoundMethod.php(93): Illuminate\\Container\\Util::unwrapIfClosure(Object(Closure))
#28 C:\\laragon\\www\\kantin-DTEDI\\vendor\\laravel\\framework\\src\\Illuminate\\Container\\BoundMethod.php(37): Illuminate\\Container\\BoundMethod::callBoundMethod(Object(Illuminate\\Foundation\\Application), Array, Object(Closure))
#29 C:\\laragon\\www\\kantin-DTEDI\\vendor\\laravel\\framework\\src\\Illuminate\\Container\\Container.php(662): Illuminate\\Container\\BoundMethod::call(Object(Illuminate\\Foundation\\Application), Array, Array, NULL)
#30 C:\\laragon\\www\\kantin-DTEDI\\vendor\\laravel\\framework\\src\\Illuminate\\Console\\Command.php(211): Illuminate\\Container\\Container->call(Array)
#31 C:\\laragon\\www\\kantin-DTEDI\\vendor\\symfony\\console\\Command\\Command.php(326): Illuminate\\Console\\Command->execute(Object(Symfony\\Component\\Console\\Input\\ArrayInput), Object(Illuminate\\Console\\OutputStyle))
#32 C:\\laragon\\www\\kantin-DTEDI\\vendor\\laravel\\framework\\src\\Illuminate\\Console\\Command.php(181): Symfony\\Component\\Console\\Command\\Command->run(Object(Symfony\\Component\\Console\\Input\\ArrayInput), Object(Illuminate\\Console\\OutputStyle))
#33 C:\\laragon\\www\\kantin-DTEDI\\vendor\\laravel\\framework\\src\\Illuminate\\Console\\Concerns\\CallsCommands.php(68): Illuminate\\Console\\Command->run(Object(Symfony\\Component\\Console\\Input\\ArrayInput), Object(Illuminate\\Console\\OutputStyle))
#34 C:\\laragon\\www\\kantin-DTEDI\\vendor\\laravel\\framework\\src\\Illuminate\\Console\\Concerns\\CallsCommands.php(28): Illuminate\\Console\\Command->runCommand('db:seed', Array, Object(Illuminate\\Console\\OutputStyle))
#35 C:\\laragon\\www\\kantin-DTEDI\\vendor\\laravel\\framework\\src\\Illuminate\\Database\\Console\\Migrations\\RefreshCommand.php(136): Illuminate\\Console\\Command->call('db:seed', Array)
#36 C:\\laragon\\www\\kantin-DTEDI\\vendor\\laravel\\framework\\src\\Illuminate\\Database\\Console\\Migrations\\RefreshCommand.php(75): Illuminate\\Database\\Console\\Migrations\\RefreshCommand->runSeeder(NULL)
#37 C:\\laragon\\www\\kantin-DTEDI\\vendor\\laravel\\framework\\src\\Illuminate\\Container\\BoundMethod.php(36): Illuminate\\Database\\Console\\Migrations\\RefreshCommand->handle()
#38 C:\\laragon\\www\\kantin-DTEDI\\vendor\\laravel\\framework\\src\\Illuminate\\Container\\Util.php(41): Illuminate\\Container\\BoundMethod::Illuminate\\Container\\{closure}()
#39 C:\\laragon\\www\\kantin-DTEDI\\vendor\\laravel\\framework\\src\\Illuminate\\Container\\BoundMethod.php(93): Illuminate\\Container\\Util::unwrapIfClosure(Object(Closure))
#40 C:\\laragon\\www\\kantin-DTEDI\\vendor\\laravel\\framework\\src\\Illuminate\\Container\\BoundMethod.php(37): Illuminate\\Container\\BoundMethod::callBoundMethod(Object(Illuminate\\Foundation\\Application), Array, Object(Closure))
#41 C:\\laragon\\www\\kantin-DTEDI\\vendor\\laravel\\framework\\src\\Illuminate\\Container\\Container.php(662): Illuminate\\Container\\BoundMethod::call(Object(Illuminate\\Foundation\\Application), Array, Array, NULL)
#42 C:\\laragon\\www\\kantin-DTEDI\\vendor\\laravel\\framework\\src\\Illuminate\\Console\\Command.php(211): Illuminate\\Container\\Container->call(Array)
#43 C:\\laragon\\www\\kantin-DTEDI\\vendor\\symfony\\console\\Command\\Command.php(326): Illuminate\\Console\\Command->execute(Object(Symfony\\Component\\Console\\Input\\ArgvInput), Object(Illuminate\\Console\\OutputStyle))
#44 C:\\laragon\\www\\kantin-DTEDI\\vendor\\laravel\\framework\\src\\Illuminate\\Console\\Command.php(181): Symfony\\Component\\Console\\Command\\Command->run(Object(Symfony\\Component\\Console\\Input\\ArgvInput), Object(Illuminate\\Console\\OutputStyle))
#45 C:\\laragon\\www\\kantin-DTEDI\\vendor\\symfony\\console\\Application.php(1096): Illuminate\\Console\\Command->run(Object(Symfony\\Component\\Console\\Input\\ArgvInput), Object(Symfony\\Component\\Console\\Output\\ConsoleOutput))
#46 C:\\laragon\\www\\kantin-DTEDI\\vendor\\symfony\\console\\Application.php(324): Symfony\\Component\\Console\\Application->doRunCommand(Object(Illuminate\\Database\\Console\\Migrations\\RefreshCommand), Object(Symfony\\Component\\Console\\Input\\ArgvInput), Object(Symfony\\Component\\Console\\Output\\ConsoleOutput))
#47 C:\\laragon\\www\\kantin-DTEDI\\vendor\\symfony\\console\\Application.php(175): Symfony\\Component\\Console\\Application->doRun(Object(Symfony\\Component\\Console\\Input\\ArgvInput), Object(Symfony\\Component\\Console\\Output\\ConsoleOutput))
#48 C:\\laragon\\www\\kantin-DTEDI\\vendor\\laravel\\framework\\src\\Illuminate\\Foundation\\Console\\Kernel.php(201): Symfony\\Component\\Console\\Application->run(Object(Symfony\\Component\\Console\\Input\\ArgvInput), Object(Symfony\\Component\\Console\\Output\\ConsoleOutput))
#49 C:\\laragon\\www\\kantin-DTEDI\\artisan(37): Illuminate\\Foundation\\Console\\Kernel->handle(Object(Symfony\\Component\\Console\\Input\\ArgvInput), Object(Symfony\\Component\\Console\\Output\\ConsoleOutput))
#50 {main}
"} 
[2024-11-26 06:40:32] local.ERROR: SQLSTATE[42S22]: Column not found: 1054 Unknown column 'date' in 'field list' (Connection: mysql, SQL: insert into `stock` (`cashier_id`, `date`, `end_stock`, `menu_id`, `previous_stock`) values (1, 2024-11-26 06:40:32, 80, 1, 100), (2, 2024-11-26 06:40:32, 40, 2, 50)) {"exception":"[object] (Illuminate\\Database\\QueryException(code: 42S22): SQLSTATE[42S22]: Column not found: 1054 Unknown column 'date' in 'field list' (Connection: mysql, SQL: insert into `stock` (`cashier_id`, `date`, `end_stock`, `menu_id`, `previous_stock`) values (1, 2024-11-26 06:40:32, 80, 1, 100), (2, 2024-11-26 06:40:32, 40, 2, 50)) at C:\\laragon\\www\\kantin-DTEDI\\vendor\\laravel\\framework\\src\\Illuminate\\Database\\Connection.php:829)
[stacktrace]
#0 C:\\laragon\\www\\kantin-DTEDI\\vendor\\laravel\\framework\\src\\Illuminate\\Database\\Connection.php(783): Illuminate\\Database\\Connection->runQueryCallback('insert into `st...', Array, Object(Closure))
#1 C:\\laragon\\www\\kantin-DTEDI\\vendor\\laravel\\framework\\src\\Illuminate\\Database\\MySqlConnection.php(50): Illuminate\\Database\\Connection->run('insert into `st...', Array, Object(Closure))
#2 C:\\laragon\\www\\kantin-DTEDI\\vendor\\laravel\\framework\\src\\Illuminate\\Database\\Query\\Builder.php(3500): Illuminate\\Database\\MySqlConnection->insert('insert into `st...', Array)
#3 C:\\laragon\\www\\kantin-DTEDI\\database\\seeders\\StockSeeder.php(18): Illuminate\\Database\\Query\\Builder->insert(Array)
#4 C:\\laragon\\www\\kantin-DTEDI\\vendor\\laravel\\framework\\src\\Illuminate\\Container\\BoundMethod.php(36): Database\\Seeders\\StockSeeder->run()
#5 C:\\laragon\\www\\kantin-DTEDI\\vendor\\laravel\\framework\\src\\Illuminate\\Container\\Util.php(41): Illuminate\\Container\\BoundMethod::Illuminate\\Container\\{closure}()
#6 C:\\laragon\\www\\kantin-DTEDI\\vendor\\laravel\\framework\\src\\Illuminate\\Container\\BoundMethod.php(93): Illuminate\\Container\\Util::unwrapIfClosure(Object(Closure))
#7 C:\\laragon\\www\\kantin-DTEDI\\vendor\\laravel\\framework\\src\\Illuminate\\Container\\BoundMethod.php(37): Illuminate\\Container\\BoundMethod::callBoundMethod(Object(Illuminate\\Foundation\\Application), Array, Object(Closure))
#8 C:\\laragon\\www\\kantin-DTEDI\\vendor\\laravel\\framework\\src\\Illuminate\\Container\\Container.php(662): Illuminate\\Container\\BoundMethod::call(Object(Illuminate\\Foundation\\Application), Array, Array, NULL)
#9 C:\\laragon\\www\\kantin-DTEDI\\vendor\\laravel\\framework\\src\\Illuminate\\Database\\Seeder.php(184): Illuminate\\Container\\Container->call(Array, Array)
#10 C:\\laragon\\www\\kantin-DTEDI\\vendor\\laravel\\framework\\src\\Illuminate\\Database\\Seeder.php(193): Illuminate\\Database\\Seeder->Illuminate\\Database\\{closure}()
#11 C:\\laragon\\www\\kantin-DTEDI\\vendor\\laravel\\framework\\src\\Illuminate\\Database\\Seeder.php(61): Illuminate\\Database\\Seeder->__invoke(Array)
#12 C:\\laragon\\www\\kantin-DTEDI\\database\\seeders\\DatabaseSeeder.php(16): Illuminate\\Database\\Seeder->call('Database\\\\Seeder...')
#13 C:\\laragon\\www\\kantin-DTEDI\\vendor\\laravel\\framework\\src\\Illuminate\\Container\\BoundMethod.php(36): Database\\Seeders\\DatabaseSeeder->run()
#14 C:\\laragon\\www\\kantin-DTEDI\\vendor\\laravel\\framework\\src\\Illuminate\\Container\\Util.php(41): Illuminate\\Container\\BoundMethod::Illuminate\\Container\\{closure}()
#15 C:\\laragon\\www\\kantin-DTEDI\\vendor\\laravel\\framework\\src\\Illuminate\\Container\\BoundMethod.php(93): Illuminate\\Container\\Util::unwrapIfClosure(Object(Closure))
#16 C:\\laragon\\www\\kantin-DTEDI\\vendor\\laravel\\framework\\src\\Illuminate\\Container\\BoundMethod.php(37): Illuminate\\Container\\BoundMethod::callBoundMethod(Object(Illuminate\\Foundation\\Application), Array, Object(Closure))
#17 C:\\laragon\\www\\kantin-DTEDI\\vendor\\laravel\\framework\\src\\Illuminate\\Container\\Container.php(662): Illuminate\\Container\\BoundMethod::call(Object(Illuminate\\Foundation\\Application), Array, Array, NULL)
#18 C:\\laragon\\www\\kantin-DTEDI\\vendor\\laravel\\framework\\src\\Illuminate\\Database\\Seeder.php(184): Illuminate\\Container\\Container->call(Array, Array)
#19 C:\\laragon\\www\\kantin-DTEDI\\vendor\\laravel\\framework\\src\\Illuminate\\Database\\Seeder.php(193): Illuminate\\Database\\Seeder->Illuminate\\Database\\{closure}()
#20 C:\\laragon\\www\\kantin-DTEDI\\vendor\\laravel\\framework\\src\\Illuminate\\Database\\Console\\Seeds\\SeedCommand.php(70): Illuminate\\Database\\Seeder->__invoke()
#21 C:\\laragon\\www\\kantin-DTEDI\\vendor\\laravel\\framework\\src\\Illuminate\\Database\\Eloquent\\Concerns\\GuardsAttributes.php(155): Illuminate\\Database\\Console\\Seeds\\SeedCommand->Illuminate\\Database\\Console\\Seeds\\{closure}()
#22 C:\\laragon\\www\\kantin-DTEDI\\vendor\\laravel\\framework\\src\\Illuminate\\Database\\Console\\Seeds\\SeedCommand.php(71): Illuminate\\Database\\Eloquent\\Model::unguarded(Object(Closure))
#23 C:\\laragon\\www\\kantin-DTEDI\\vendor\\laravel\\framework\\src\\Illuminate\\Container\\BoundMethod.php(36): Illuminate\\Database\\Console\\Seeds\\SeedCommand->handle()
#24 C:\\laragon\\www\\kantin-DTEDI\\vendor\\laravel\\framework\\src\\Illuminate\\Container\\Util.php(41): Illuminate\\Container\\BoundMethod::Illuminate\\Container\\{closure}()
#25 C:\\laragon\\www\\kantin-DTEDI\\vendor\\laravel\\framework\\src\\Illuminate\\Container\\BoundMethod.php(93): Illuminate\\Container\\Util::unwrapIfClosure(Object(Closure))
#26 C:\\laragon\\www\\kantin-DTEDI\\vendor\\laravel\\framework\\src\\Illuminate\\Container\\BoundMethod.php(37): Illuminate\\Container\\BoundMethod::callBoundMethod(Object(Illuminate\\Foundation\\Application), Array, Object(Closure))
#27 C:\\laragon\\www\\kantin-DTEDI\\vendor\\laravel\\framework\\src\\Illuminate\\Container\\Container.php(662): Illuminate\\Container\\BoundMethod::call(Object(Illuminate\\Foundation\\Application), Array, Array, NULL)
#28 C:\\laragon\\www\\kantin-DTEDI\\vendor\\laravel\\framework\\src\\Illuminate\\Console\\Command.php(211): Illuminate\\Container\\Container->call(Array)
#29 C:\\laragon\\www\\kantin-DTEDI\\vendor\\symfony\\console\\Command\\Command.php(326): Illuminate\\Console\\Command->execute(Object(Symfony\\Component\\Console\\Input\\ArrayInput), Object(Illuminate\\Console\\OutputStyle))
#30 C:\\laragon\\www\\kantin-DTEDI\\vendor\\laravel\\framework\\src\\Illuminate\\Console\\Command.php(181): Symfony\\Component\\Console\\Command\\Command->run(Object(Symfony\\Component\\Console\\Input\\ArrayInput), Object(Illuminate\\Console\\OutputStyle))
#31 C:\\laragon\\www\\kantin-DTEDI\\vendor\\laravel\\framework\\src\\Illuminate\\Console\\Concerns\\CallsCommands.php(68): Illuminate\\Console\\Command->run(Object(Symfony\\Component\\Console\\Input\\ArrayInput), Object(Illuminate\\Console\\OutputStyle))
#32 C:\\laragon\\www\\kantin-DTEDI\\vendor\\laravel\\framework\\src\\Illuminate\\Console\\Concerns\\CallsCommands.php(28): Illuminate\\Console\\Command->runCommand('db:seed', Array, Object(Illuminate\\Console\\OutputStyle))
#33 C:\\laragon\\www\\kantin-DTEDI\\vendor\\laravel\\framework\\src\\Illuminate\\Database\\Console\\Migrations\\RefreshCommand.php(136): Illuminate\\Console\\Command->call('db:seed', Array)
#34 C:\\laragon\\www\\kantin-DTEDI\\vendor\\laravel\\framework\\src\\Illuminate\\Database\\Console\\Migrations\\RefreshCommand.php(75): Illuminate\\Database\\Console\\Migrations\\RefreshCommand->runSeeder(NULL)
#35 C:\\laragon\\www\\kantin-DTEDI\\vendor\\laravel\\framework\\src\\Illuminate\\Container\\BoundMethod.php(36): Illuminate\\Database\\Console\\Migrations\\RefreshCommand->handle()
#36 C:\\laragon\\www\\kantin-DTEDI\\vendor\\laravel\\framework\\src\\Illuminate\\Container\\Util.php(41): Illuminate\\Container\\BoundMethod::Illuminate\\Container\\{closure}()
#37 C:\\laragon\\www\\kantin-DTEDI\\vendor\\laravel\\framework\\src\\Illuminate\\Container\\BoundMethod.php(93): Illuminate\\Container\\Util::unwrapIfClosure(Object(Closure))
#38 C:\\laragon\\www\\kantin-DTEDI\\vendor\\laravel\\framework\\src\\Illuminate\\Container\\BoundMethod.php(37): Illuminate\\Container\\BoundMethod::callBoundMethod(Object(Illuminate\\Foundation\\Application), Array, Object(Closure))
#39 C:\\laragon\\www\\kantin-DTEDI\\vendor\\laravel\\framework\\src\\Illuminate\\Container\\Container.php(662): Illuminate\\Container\\BoundMethod::call(Object(Illuminate\\Foundation\\Application), Array, Array, NULL)
#40 C:\\laragon\\www\\kantin-DTEDI\\vendor\\laravel\\framework\\src\\Illuminate\\Console\\Command.php(211): Illuminate\\Container\\Container->call(Array)
#41 C:\\laragon\\www\\kantin-DTEDI\\vendor\\symfony\\console\\Command\\Command.php(326): Illuminate\\Console\\Command->execute(Object(Symfony\\Component\\Console\\Input\\ArgvInput), Object(Illuminate\\Console\\OutputStyle))
#42 C:\\laragon\\www\\kantin-DTEDI\\vendor\\laravel\\framework\\src\\Illuminate\\Console\\Command.php(181): Symfony\\Component\\Console\\Command\\Command->run(Object(Symfony\\Component\\Console\\Input\\ArgvInput), Object(Illuminate\\Console\\OutputStyle))
#43 C:\\laragon\\www\\kantin-DTEDI\\vendor\\symfony\\console\\Application.php(1096): Illuminate\\Console\\Command->run(Object(Symfony\\Component\\Console\\Input\\ArgvInput), Object(Symfony\\Component\\Console\\Output\\ConsoleOutput))
#44 C:\\laragon\\www\\kantin-DTEDI\\vendor\\symfony\\console\\Application.php(324): Symfony\\Component\\Console\\Application->doRunCommand(Object(Illuminate\\Database\\Console\\Migrations\\RefreshCommand), Object(Symfony\\Component\\Console\\Input\\ArgvInput), Object(Symfony\\Component\\Console\\Output\\ConsoleOutput))
#45 C:\\laragon\\www\\kantin-DTEDI\\vendor\\symfony\\console\\Application.php(175): Symfony\\Component\\Console\\Application->doRun(Object(Symfony\\Component\\Console\\Input\\ArgvInput), Object(Symfony\\Component\\Console\\Output\\ConsoleOutput))
#46 C:\\laragon\\www\\kantin-DTEDI\\vendor\\laravel\\framework\\src\\Illuminate\\Foundation\\Console\\Kernel.php(201): Symfony\\Component\\Console\\Application->run(Object(Symfony\\Component\\Console\\Input\\ArgvInput), Object(Symfony\\Component\\Console\\Output\\ConsoleOutput))
#47 C:\\laragon\\www\\kantin-DTEDI\\artisan(37): Illuminate\\Foundation\\Console\\Kernel->handle(Object(Symfony\\Component\\Console\\Input\\ArgvInput), Object(Symfony\\Component\\Console\\Output\\ConsoleOutput))
#48 {main}

[previous exception] [object] (PDOException(code: 42S22): SQLSTATE[42S22]: Column not found: 1054 Unknown column 'date' in 'field list' at C:\\laragon\\www\\kantin-DTEDI\\vendor\\laravel\\framework\\src\\Illuminate\\Database\\MySqlConnection.php:39)
[stacktrace]
#0 C:\\laragon\\www\\kantin-DTEDI\\vendor\\laravel\\framework\\src\\Illuminate\\Database\\MySqlConnection.php(39): PDO->prepare('insert into `st...')
#1 C:\\laragon\\www\\kantin-DTEDI\\vendor\\laravel\\framework\\src\\Illuminate\\Database\\Connection.php(816): Illuminate\\Database\\MySqlConnection->Illuminate\\Database\\{closure}('insert into `st...', Array)
#2 C:\\laragon\\www\\kantin-DTEDI\\vendor\\laravel\\framework\\src\\Illuminate\\Database\\Connection.php(783): Illuminate\\Database\\Connection->runQueryCallback('insert into `st...', Array, Object(Closure))
#3 C:\\laragon\\www\\kantin-DTEDI\\vendor\\laravel\\framework\\src\\Illuminate\\Database\\MySqlConnection.php(50): Illuminate\\Database\\Connection->run('insert into `st...', Array, Object(Closure))
#4 C:\\laragon\\www\\kantin-DTEDI\\vendor\\laravel\\framework\\src\\Illuminate\\Database\\Query\\Builder.php(3500): Illuminate\\Database\\MySqlConnection->insert('insert into `st...', Array)
#5 C:\\laragon\\www\\kantin-DTEDI\\database\\seeders\\StockSeeder.php(18): Illuminate\\Database\\Query\\Builder->insert(Array)
#6 C:\\laragon\\www\\kantin-DTEDI\\vendor\\laravel\\framework\\src\\Illuminate\\Container\\BoundMethod.php(36): Database\\Seeders\\StockSeeder->run()
#7 C:\\laragon\\www\\kantin-DTEDI\\vendor\\laravel\\framework\\src\\Illuminate\\Container\\Util.php(41): Illuminate\\Container\\BoundMethod::Illuminate\\Container\\{closure}()
#8 C:\\laragon\\www\\kantin-DTEDI\\vendor\\laravel\\framework\\src\\Illuminate\\Container\\BoundMethod.php(93): Illuminate\\Container\\Util::unwrapIfClosure(Object(Closure))
#9 C:\\laragon\\www\\kantin-DTEDI\\vendor\\laravel\\framework\\src\\Illuminate\\Container\\BoundMethod.php(37): Illuminate\\Container\\BoundMethod::callBoundMethod(Object(Illuminate\\Foundation\\Application), Array, Object(Closure))
#10 C:\\laragon\\www\\kantin-DTEDI\\vendor\\laravel\\framework\\src\\Illuminate\\Container\\Container.php(662): Illuminate\\Container\\BoundMethod::call(Object(Illuminate\\Foundation\\Application), Array, Array, NULL)
#11 C:\\laragon\\www\\kantin-DTEDI\\vendor\\laravel\\framework\\src\\Illuminate\\Database\\Seeder.php(184): Illuminate\\Container\\Container->call(Array, Array)
#12 C:\\laragon\\www\\kantin-DTEDI\\vendor\\laravel\\framework\\src\\Illuminate\\Database\\Seeder.php(193): Illuminate\\Database\\Seeder->Illuminate\\Database\\{closure}()
#13 C:\\laragon\\www\\kantin-DTEDI\\vendor\\laravel\\framework\\src\\Illuminate\\Database\\Seeder.php(61): Illuminate\\Database\\Seeder->__invoke(Array)
#14 C:\\laragon\\www\\kantin-DTEDI\\database\\seeders\\DatabaseSeeder.php(16): Illuminate\\Database\\Seeder->call('Database\\\\Seeder...')
#15 C:\\laragon\\www\\kantin-DTEDI\\vendor\\laravel\\framework\\src\\Illuminate\\Container\\BoundMethod.php(36): Database\\Seeders\\DatabaseSeeder->run()
#16 C:\\laragon\\www\\kantin-DTEDI\\vendor\\laravel\\framework\\src\\Illuminate\\Container\\Util.php(41): Illuminate\\Container\\BoundMethod::Illuminate\\Container\\{closure}()
#17 C:\\laragon\\www\\kantin-DTEDI\\vendor\\laravel\\framework\\src\\Illuminate\\Container\\BoundMethod.php(93): Illuminate\\Container\\Util::unwrapIfClosure(Object(Closure))
#18 C:\\laragon\\www\\kantin-DTEDI\\vendor\\laravel\\framework\\src\\Illuminate\\Container\\BoundMethod.php(37): Illuminate\\Container\\BoundMethod::callBoundMethod(Object(Illuminate\\Foundation\\Application), Array, Object(Closure))
#19 C:\\laragon\\www\\kantin-DTEDI\\vendor\\laravel\\framework\\src\\Illuminate\\Container\\Container.php(662): Illuminate\\Container\\BoundMethod::call(Object(Illuminate\\Foundation\\Application), Array, Array, NULL)
#20 C:\\laragon\\www\\kantin-DTEDI\\vendor\\laravel\\framework\\src\\Illuminate\\Database\\Seeder.php(184): Illuminate\\Container\\Container->call(Array, Array)
#21 C:\\laragon\\www\\kantin-DTEDI\\vendor\\laravel\\framework\\src\\Illuminate\\Database\\Seeder.php(193): Illuminate\\Database\\Seeder->Illuminate\\Database\\{closure}()
#22 C:\\laragon\\www\\kantin-DTEDI\\vendor\\laravel\\framework\\src\\Illuminate\\Database\\Console\\Seeds\\SeedCommand.php(70): Illuminate\\Database\\Seeder->__invoke()
#23 C:\\laragon\\www\\kantin-DTEDI\\vendor\\laravel\\framework\\src\\Illuminate\\Database\\Eloquent\\Concerns\\GuardsAttributes.php(155): Illuminate\\Database\\Console\\Seeds\\SeedCommand->Illuminate\\Database\\Console\\Seeds\\{closure}()
#24 C:\\laragon\\www\\kantin-DTEDI\\vendor\\laravel\\framework\\src\\Illuminate\\Database\\Console\\Seeds\\SeedCommand.php(71): Illuminate\\Database\\Eloquent\\Model::unguarded(Object(Closure))
#25 C:\\laragon\\www\\kantin-DTEDI\\vendor\\laravel\\framework\\src\\Illuminate\\Container\\BoundMethod.php(36): Illuminate\\Database\\Console\\Seeds\\SeedCommand->handle()
#26 C:\\laragon\\www\\kantin-DTEDI\\vendor\\laravel\\framework\\src\\Illuminate\\Container\\Util.php(41): Illuminate\\Container\\BoundMethod::Illuminate\\Container\\{closure}()
#27 C:\\laragon\\www\\kantin-DTEDI\\vendor\\laravel\\framework\\src\\Illuminate\\Container\\BoundMethod.php(93): Illuminate\\Container\\Util::unwrapIfClosure(Object(Closure))
#28 C:\\laragon\\www\\kantin-DTEDI\\vendor\\laravel\\framework\\src\\Illuminate\\Container\\BoundMethod.php(37): Illuminate\\Container\\BoundMethod::callBoundMethod(Object(Illuminate\\Foundation\\Application), Array, Object(Closure))
#29 C:\\laragon\\www\\kantin-DTEDI\\vendor\\laravel\\framework\\src\\Illuminate\\Container\\Container.php(662): Illuminate\\Container\\BoundMethod::call(Object(Illuminate\\Foundation\\Application), Array, Array, NULL)
#30 C:\\laragon\\www\\kantin-DTEDI\\vendor\\laravel\\framework\\src\\Illuminate\\Console\\Command.php(211): Illuminate\\Container\\Container->call(Array)
#31 C:\\laragon\\www\\kantin-DTEDI\\vendor\\symfony\\console\\Command\\Command.php(326): Illuminate\\Console\\Command->execute(Object(Symfony\\Component\\Console\\Input\\ArrayInput), Object(Illuminate\\Console\\OutputStyle))
#32 C:\\laragon\\www\\kantin-DTEDI\\vendor\\laravel\\framework\\src\\Illuminate\\Console\\Command.php(181): Symfony\\Component\\Console\\Command\\Command->run(Object(Symfony\\Component\\Console\\Input\\ArrayInput), Object(Illuminate\\Console\\OutputStyle))
#33 C:\\laragon\\www\\kantin-DTEDI\\vendor\\laravel\\framework\\src\\Illuminate\\Console\\Concerns\\CallsCommands.php(68): Illuminate\\Console\\Command->run(Object(Symfony\\Component\\Console\\Input\\ArrayInput), Object(Illuminate\\Console\\OutputStyle))
#34 C:\\laragon\\www\\kantin-DTEDI\\vendor\\laravel\\framework\\src\\Illuminate\\Console\\Concerns\\CallsCommands.php(28): Illuminate\\Console\\Command->runCommand('db:seed', Array, Object(Illuminate\\Console\\OutputStyle))
#35 C:\\laragon\\www\\kantin-DTEDI\\vendor\\laravel\\framework\\src\\Illuminate\\Database\\Console\\Migrations\\RefreshCommand.php(136): Illuminate\\Console\\Command->call('db:seed', Array)
#36 C:\\laragon\\www\\kantin-DTEDI\\vendor\\laravel\\framework\\src\\Illuminate\\Database\\Console\\Migrations\\RefreshCommand.php(75): Illuminate\\Database\\Console\\Migrations\\RefreshCommand->runSeeder(NULL)
#37 C:\\laragon\\www\\kantin-DTEDI\\vendor\\laravel\\framework\\src\\Illuminate\\Container\\BoundMethod.php(36): Illuminate\\Database\\Console\\Migrations\\RefreshCommand->handle()
#38 C:\\laragon\\www\\kantin-DTEDI\\vendor\\laravel\\framework\\src\\Illuminate\\Container\\Util.php(41): Illuminate\\Container\\BoundMethod::Illuminate\\Container\\{closure}()
#39 C:\\laragon\\www\\kantin-DTEDI\\vendor\\laravel\\framework\\src\\Illuminate\\Container\\BoundMethod.php(93): Illuminate\\Container\\Util::unwrapIfClosure(Object(Closure))
#40 C:\\laragon\\www\\kantin-DTEDI\\vendor\\laravel\\framework\\src\\Illuminate\\Container\\BoundMethod.php(37): Illuminate\\Container\\BoundMethod::callBoundMethod(Object(Illuminate\\Foundation\\Application), Array, Object(Closure))
#41 C:\\laragon\\www\\kantin-DTEDI\\vendor\\laravel\\framework\\src\\Illuminate\\Container\\Container.php(662): Illuminate\\Container\\BoundMethod::call(Object(Illuminate\\Foundation\\Application), Array, Array, NULL)
#42 C:\\laragon\\www\\kantin-DTEDI\\vendor\\laravel\\framework\\src\\Illuminate\\Console\\Command.php(211): Illuminate\\Container\\Container->call(Array)
#43 C:\\laragon\\www\\kantin-DTEDI\\vendor\\symfony\\console\\Command\\Command.php(326): Illuminate\\Console\\Command->execute(Object(Symfony\\Component\\Console\\Input\\ArgvInput), Object(Illuminate\\Console\\OutputStyle))
#44 C:\\laragon\\www\\kantin-DTEDI\\vendor\\laravel\\framework\\src\\Illuminate\\Console\\Command.php(181): Symfony\\Component\\Console\\Command\\Command->run(Object(Symfony\\Component\\Console\\Input\\ArgvInput), Object(Illuminate\\Console\\OutputStyle))
#45 C:\\laragon\\www\\kantin-DTEDI\\vendor\\symfony\\console\\Application.php(1096): Illuminate\\Console\\Command->run(Object(Symfony\\Component\\Console\\Input\\ArgvInput), Object(Symfony\\Component\\Console\\Output\\ConsoleOutput))
#46 C:\\laragon\\www\\kantin-DTEDI\\vendor\\symfony\\console\\Application.php(324): Symfony\\Component\\Console\\Application->doRunCommand(Object(Illuminate\\Database\\Console\\Migrations\\RefreshCommand), Object(Symfony\\Component\\Console\\Input\\ArgvInput), Object(Symfony\\Component\\Console\\Output\\ConsoleOutput))
#47 C:\\laragon\\www\\kantin-DTEDI\\vendor\\symfony\\console\\Application.php(175): Symfony\\Component\\Console\\Application->doRun(Object(Symfony\\Component\\Console\\Input\\ArgvInput), Object(Symfony\\Component\\Console\\Output\\ConsoleOutput))
#48 C:\\laragon\\www\\kantin-DTEDI\\vendor\\laravel\\framework\\src\\Illuminate\\Foundation\\Console\\Kernel.php(201): Symfony\\Component\\Console\\Application->run(Object(Symfony\\Component\\Console\\Input\\ArgvInput), Object(Symfony\\Component\\Console\\Output\\ConsoleOutput))
#49 C:\\laragon\\www\\kantin-DTEDI\\artisan(37): Illuminate\\Foundation\\Console\\Kernel->handle(Object(Symfony\\Component\\Console\\Input\\ArgvInput), Object(Symfony\\Component\\Console\\Output\\ConsoleOutput))
#50 {main}
"} 
[2024-11-26 06:40:49] local.ERROR: SQLSTATE[42S22]: Column not found: 1054 Unknown column 'picture' in 'field list' (Connection: mysql, SQL: insert into `menu` (`name`, `picture`, `price`, `stok`, `supplier_id`, `type_id`) values (Burger, ?, 1000, 50, 1, food), (Coke, ?, 500, 100, 1, drink)) {"exception":"[object] (Illuminate\\Database\\QueryException(code: 42S22): SQLSTATE[42S22]: Column not found: 1054 Unknown column 'picture' in 'field list' (Connection: mysql, SQL: insert into `menu` (`name`, `picture`, `price`, `stok`, `supplier_id`, `type_id`) values (Burger, ?, 1000, 50, 1, food), (Coke, ?, 500, 100, 1, drink)) at C:\\laragon\\www\\kantin-DTEDI\\vendor\\laravel\\framework\\src\\Illuminate\\Database\\Connection.php:829)
[stacktrace]
#0 C:\\laragon\\www\\kantin-DTEDI\\vendor\\laravel\\framework\\src\\Illuminate\\Database\\Connection.php(783): Illuminate\\Database\\Connection->runQueryCallback('insert into `me...', Array, Object(Closure))
#1 C:\\laragon\\www\\kantin-DTEDI\\vendor\\laravel\\framework\\src\\Illuminate\\Database\\MySqlConnection.php(50): Illuminate\\Database\\Connection->run('insert into `me...', Array, Object(Closure))
#2 C:\\laragon\\www\\kantin-DTEDI\\vendor\\laravel\\framework\\src\\Illuminate\\Database\\Query\\Builder.php(3500): Illuminate\\Database\\MySqlConnection->insert('insert into `me...', Array)
#3 C:\\laragon\\www\\kantin-DTEDI\\database\\seeders\\MenuSeeder.php(17): Illuminate\\Database\\Query\\Builder->insert(Array)
#4 C:\\laragon\\www\\kantin-DTEDI\\vendor\\laravel\\framework\\src\\Illuminate\\Container\\BoundMethod.php(36): Database\\Seeders\\MenuSeeder->run()
#5 C:\\laragon\\www\\kantin-DTEDI\\vendor\\laravel\\framework\\src\\Illuminate\\Container\\Util.php(41): Illuminate\\Container\\BoundMethod::Illuminate\\Container\\{closure}()
#6 C:\\laragon\\www\\kantin-DTEDI\\vendor\\laravel\\framework\\src\\Illuminate\\Container\\BoundMethod.php(93): Illuminate\\Container\\Util::unwrapIfClosure(Object(Closure))
#7 C:\\laragon\\www\\kantin-DTEDI\\vendor\\laravel\\framework\\src\\Illuminate\\Container\\BoundMethod.php(37): Illuminate\\Container\\BoundMethod::callBoundMethod(Object(Illuminate\\Foundation\\Application), Array, Object(Closure))
#8 C:\\laragon\\www\\kantin-DTEDI\\vendor\\laravel\\framework\\src\\Illuminate\\Container\\Container.php(662): Illuminate\\Container\\BoundMethod::call(Object(Illuminate\\Foundation\\Application), Array, Array, NULL)
#9 C:\\laragon\\www\\kantin-DTEDI\\vendor\\laravel\\framework\\src\\Illuminate\\Database\\Seeder.php(184): Illuminate\\Container\\Container->call(Array, Array)
#10 C:\\laragon\\www\\kantin-DTEDI\\vendor\\laravel\\framework\\src\\Illuminate\\Database\\Seeder.php(193): Illuminate\\Database\\Seeder->Illuminate\\Database\\{closure}()
#11 C:\\laragon\\www\\kantin-DTEDI\\vendor\\laravel\\framework\\src\\Illuminate\\Database\\Seeder.php(61): Illuminate\\Database\\Seeder->__invoke(Array)
#12 C:\\laragon\\www\\kantin-DTEDI\\database\\seeders\\DatabaseSeeder.php(16): Illuminate\\Database\\Seeder->call('Database\\\\Seeder...')
#13 C:\\laragon\\www\\kantin-DTEDI\\vendor\\laravel\\framework\\src\\Illuminate\\Container\\BoundMethod.php(36): Database\\Seeders\\DatabaseSeeder->run()
#14 C:\\laragon\\www\\kantin-DTEDI\\vendor\\laravel\\framework\\src\\Illuminate\\Container\\Util.php(41): Illuminate\\Container\\BoundMethod::Illuminate\\Container\\{closure}()
#15 C:\\laragon\\www\\kantin-DTEDI\\vendor\\laravel\\framework\\src\\Illuminate\\Container\\BoundMethod.php(93): Illuminate\\Container\\Util::unwrapIfClosure(Object(Closure))
#16 C:\\laragon\\www\\kantin-DTEDI\\vendor\\laravel\\framework\\src\\Illuminate\\Container\\BoundMethod.php(37): Illuminate\\Container\\BoundMethod::callBoundMethod(Object(Illuminate\\Foundation\\Application), Array, Object(Closure))
#17 C:\\laragon\\www\\kantin-DTEDI\\vendor\\laravel\\framework\\src\\Illuminate\\Container\\Container.php(662): Illuminate\\Container\\BoundMethod::call(Object(Illuminate\\Foundation\\Application), Array, Array, NULL)
#18 C:\\laragon\\www\\kantin-DTEDI\\vendor\\laravel\\framework\\src\\Illuminate\\Database\\Seeder.php(184): Illuminate\\Container\\Container->call(Array, Array)
#19 C:\\laragon\\www\\kantin-DTEDI\\vendor\\laravel\\framework\\src\\Illuminate\\Database\\Seeder.php(193): Illuminate\\Database\\Seeder->Illuminate\\Database\\{closure}()
#20 C:\\laragon\\www\\kantin-DTEDI\\vendor\\laravel\\framework\\src\\Illuminate\\Database\\Console\\Seeds\\SeedCommand.php(70): Illuminate\\Database\\Seeder->__invoke()
#21 C:\\laragon\\www\\kantin-DTEDI\\vendor\\laravel\\framework\\src\\Illuminate\\Database\\Eloquent\\Concerns\\GuardsAttributes.php(155): Illuminate\\Database\\Console\\Seeds\\SeedCommand->Illuminate\\Database\\Console\\Seeds\\{closure}()
#22 C:\\laragon\\www\\kantin-DTEDI\\vendor\\laravel\\framework\\src\\Illuminate\\Database\\Console\\Seeds\\SeedCommand.php(71): Illuminate\\Database\\Eloquent\\Model::unguarded(Object(Closure))
#23 C:\\laragon\\www\\kantin-DTEDI\\vendor\\laravel\\framework\\src\\Illuminate\\Container\\BoundMethod.php(36): Illuminate\\Database\\Console\\Seeds\\SeedCommand->handle()
#24 C:\\laragon\\www\\kantin-DTEDI\\vendor\\laravel\\framework\\src\\Illuminate\\Container\\Util.php(41): Illuminate\\Container\\BoundMethod::Illuminate\\Container\\{closure}()
#25 C:\\laragon\\www\\kantin-DTEDI\\vendor\\laravel\\framework\\src\\Illuminate\\Container\\BoundMethod.php(93): Illuminate\\Container\\Util::unwrapIfClosure(Object(Closure))
#26 C:\\laragon\\www\\kantin-DTEDI\\vendor\\laravel\\framework\\src\\Illuminate\\Container\\BoundMethod.php(37): Illuminate\\Container\\BoundMethod::callBoundMethod(Object(Illuminate\\Foundation\\Application), Array, Object(Closure))
#27 C:\\laragon\\www\\kantin-DTEDI\\vendor\\laravel\\framework\\src\\Illuminate\\Container\\Container.php(662): Illuminate\\Container\\BoundMethod::call(Object(Illuminate\\Foundation\\Application), Array, Array, NULL)
#28 C:\\laragon\\www\\kantin-DTEDI\\vendor\\laravel\\framework\\src\\Illuminate\\Console\\Command.php(211): Illuminate\\Container\\Container->call(Array)
#29 C:\\laragon\\www\\kantin-DTEDI\\vendor\\symfony\\console\\Command\\Command.php(326): Illuminate\\Console\\Command->execute(Object(Symfony\\Component\\Console\\Input\\ArrayInput), Object(Illuminate\\Console\\OutputStyle))
#30 C:\\laragon\\www\\kantin-DTEDI\\vendor\\laravel\\framework\\src\\Illuminate\\Console\\Command.php(181): Symfony\\Component\\Console\\Command\\Command->run(Object(Symfony\\Component\\Console\\Input\\ArrayInput), Object(Illuminate\\Console\\OutputStyle))
#31 C:\\laragon\\www\\kantin-DTEDI\\vendor\\laravel\\framework\\src\\Illuminate\\Console\\Concerns\\CallsCommands.php(68): Illuminate\\Console\\Command->run(Object(Symfony\\Component\\Console\\Input\\ArrayInput), Object(Illuminate\\Console\\OutputStyle))
#32 C:\\laragon\\www\\kantin-DTEDI\\vendor\\laravel\\framework\\src\\Illuminate\\Console\\Concerns\\CallsCommands.php(28): Illuminate\\Console\\Command->runCommand('db:seed', Array, Object(Illuminate\\Console\\OutputStyle))
#33 C:\\laragon\\www\\kantin-DTEDI\\vendor\\laravel\\framework\\src\\Illuminate\\Database\\Console\\Migrations\\RefreshCommand.php(136): Illuminate\\Console\\Command->call('db:seed', Array)
#34 C:\\laragon\\www\\kantin-DTEDI\\vendor\\laravel\\framework\\src\\Illuminate\\Database\\Console\\Migrations\\RefreshCommand.php(75): Illuminate\\Database\\Console\\Migrations\\RefreshCommand->runSeeder(NULL)
#35 C:\\laragon\\www\\kantin-DTEDI\\vendor\\laravel\\framework\\src\\Illuminate\\Container\\BoundMethod.php(36): Illuminate\\Database\\Console\\Migrations\\RefreshCommand->handle()
#36 C:\\laragon\\www\\kantin-DTEDI\\vendor\\laravel\\framework\\src\\Illuminate\\Container\\Util.php(41): Illuminate\\Container\\BoundMethod::Illuminate\\Container\\{closure}()
#37 C:\\laragon\\www\\kantin-DTEDI\\vendor\\laravel\\framework\\src\\Illuminate\\Container\\BoundMethod.php(93): Illuminate\\Container\\Util::unwrapIfClosure(Object(Closure))
#38 C:\\laragon\\www\\kantin-DTEDI\\vendor\\laravel\\framework\\src\\Illuminate\\Container\\BoundMethod.php(37): Illuminate\\Container\\BoundMethod::callBoundMethod(Object(Illuminate\\Foundation\\Application), Array, Object(Closure))
#39 C:\\laragon\\www\\kantin-DTEDI\\vendor\\laravel\\framework\\src\\Illuminate\\Container\\Container.php(662): Illuminate\\Container\\BoundMethod::call(Object(Illuminate\\Foundation\\Application), Array, Array, NULL)
#40 C:\\laragon\\www\\kantin-DTEDI\\vendor\\laravel\\framework\\src\\Illuminate\\Console\\Command.php(211): Illuminate\\Container\\Container->call(Array)
#41 C:\\laragon\\www\\kantin-DTEDI\\vendor\\symfony\\console\\Command\\Command.php(326): Illuminate\\Console\\Command->execute(Object(Symfony\\Component\\Console\\Input\\ArgvInput), Object(Illuminate\\Console\\OutputStyle))
#42 C:\\laragon\\www\\kantin-DTEDI\\vendor\\laravel\\framework\\src\\Illuminate\\Console\\Command.php(181): Symfony\\Component\\Console\\Command\\Command->run(Object(Symfony\\Component\\Console\\Input\\ArgvInput), Object(Illuminate\\Console\\OutputStyle))
#43 C:\\laragon\\www\\kantin-DTEDI\\vendor\\symfony\\console\\Application.php(1096): Illuminate\\Console\\Command->run(Object(Symfony\\Component\\Console\\Input\\ArgvInput), Object(Symfony\\Component\\Console\\Output\\ConsoleOutput))
#44 C:\\laragon\\www\\kantin-DTEDI\\vendor\\symfony\\console\\Application.php(324): Symfony\\Component\\Console\\Application->doRunCommand(Object(Illuminate\\Database\\Console\\Migrations\\RefreshCommand), Object(Symfony\\Component\\Console\\Input\\ArgvInput), Object(Symfony\\Component\\Console\\Output\\ConsoleOutput))
#45 C:\\laragon\\www\\kantin-DTEDI\\vendor\\symfony\\console\\Application.php(175): Symfony\\Component\\Console\\Application->doRun(Object(Symfony\\Component\\Console\\Input\\ArgvInput), Object(Symfony\\Component\\Console\\Output\\ConsoleOutput))
#46 C:\\laragon\\www\\kantin-DTEDI\\vendor\\laravel\\framework\\src\\Illuminate\\Foundation\\Console\\Kernel.php(201): Symfony\\Component\\Console\\Application->run(Object(Symfony\\Component\\Console\\Input\\ArgvInput), Object(Symfony\\Component\\Console\\Output\\ConsoleOutput))
#47 C:\\laragon\\www\\kantin-DTEDI\\artisan(37): Illuminate\\Foundation\\Console\\Kernel->handle(Object(Symfony\\Component\\Console\\Input\\ArgvInput), Object(Symfony\\Component\\Console\\Output\\ConsoleOutput))
#48 {main}

[previous exception] [object] (PDOException(code: 42S22): SQLSTATE[42S22]: Column not found: 1054 Unknown column 'picture' in 'field list' at C:\\laragon\\www\\kantin-DTEDI\\vendor\\laravel\\framework\\src\\Illuminate\\Database\\MySqlConnection.php:39)
[stacktrace]
#0 C:\\laragon\\www\\kantin-DTEDI\\vendor\\laravel\\framework\\src\\Illuminate\\Database\\MySqlConnection.php(39): PDO->prepare('insert into `me...')
#1 C:\\laragon\\www\\kantin-DTEDI\\vendor\\laravel\\framework\\src\\Illuminate\\Database\\Connection.php(816): Illuminate\\Database\\MySqlConnection->Illuminate\\Database\\{closure}('insert into `me...', Array)
#2 C:\\laragon\\www\\kantin-DTEDI\\vendor\\laravel\\framework\\src\\Illuminate\\Database\\Connection.php(783): Illuminate\\Database\\Connection->runQueryCallback('insert into `me...', Array, Object(Closure))
#3 C:\\laragon\\www\\kantin-DTEDI\\vendor\\laravel\\framework\\src\\Illuminate\\Database\\MySqlConnection.php(50): Illuminate\\Database\\Connection->run('insert into `me...', Array, Object(Closure))
#4 C:\\laragon\\www\\kantin-DTEDI\\vendor\\laravel\\framework\\src\\Illuminate\\Database\\Query\\Builder.php(3500): Illuminate\\Database\\MySqlConnection->insert('insert into `me...', Array)
#5 C:\\laragon\\www\\kantin-DTEDI\\database\\seeders\\MenuSeeder.php(17): Illuminate\\Database\\Query\\Builder->insert(Array)
#6 C:\\laragon\\www\\kantin-DTEDI\\vendor\\laravel\\framework\\src\\Illuminate\\Container\\BoundMethod.php(36): Database\\Seeders\\MenuSeeder->run()
#7 C:\\laragon\\www\\kantin-DTEDI\\vendor\\laravel\\framework\\src\\Illuminate\\Container\\Util.php(41): Illuminate\\Container\\BoundMethod::Illuminate\\Container\\{closure}()
#8 C:\\laragon\\www\\kantin-DTEDI\\vendor\\laravel\\framework\\src\\Illuminate\\Container\\BoundMethod.php(93): Illuminate\\Container\\Util::unwrapIfClosure(Object(Closure))
#9 C:\\laragon\\www\\kantin-DTEDI\\vendor\\laravel\\framework\\src\\Illuminate\\Container\\BoundMethod.php(37): Illuminate\\Container\\BoundMethod::callBoundMethod(Object(Illuminate\\Foundation\\Application), Array, Object(Closure))
#10 C:\\laragon\\www\\kantin-DTEDI\\vendor\\laravel\\framework\\src\\Illuminate\\Container\\Container.php(662): Illuminate\\Container\\BoundMethod::call(Object(Illuminate\\Foundation\\Application), Array, Array, NULL)
#11 C:\\laragon\\www\\kantin-DTEDI\\vendor\\laravel\\framework\\src\\Illuminate\\Database\\Seeder.php(184): Illuminate\\Container\\Container->call(Array, Array)
#12 C:\\laragon\\www\\kantin-DTEDI\\vendor\\laravel\\framework\\src\\Illuminate\\Database\\Seeder.php(193): Illuminate\\Database\\Seeder->Illuminate\\Database\\{closure}()
#13 C:\\laragon\\www\\kantin-DTEDI\\vendor\\laravel\\framework\\src\\Illuminate\\Database\\Seeder.php(61): Illuminate\\Database\\Seeder->__invoke(Array)
#14 C:\\laragon\\www\\kantin-DTEDI\\database\\seeders\\DatabaseSeeder.php(16): Illuminate\\Database\\Seeder->call('Database\\\\Seeder...')
#15 C:\\laragon\\www\\kantin-DTEDI\\vendor\\laravel\\framework\\src\\Illuminate\\Container\\BoundMethod.php(36): Database\\Seeders\\DatabaseSeeder->run()
#16 C:\\laragon\\www\\kantin-DTEDI\\vendor\\laravel\\framework\\src\\Illuminate\\Container\\Util.php(41): Illuminate\\Container\\BoundMethod::Illuminate\\Container\\{closure}()
#17 C:\\laragon\\www\\kantin-DTEDI\\vendor\\laravel\\framework\\src\\Illuminate\\Container\\BoundMethod.php(93): Illuminate\\Container\\Util::unwrapIfClosure(Object(Closure))
#18 C:\\laragon\\www\\kantin-DTEDI\\vendor\\laravel\\framework\\src\\Illuminate\\Container\\BoundMethod.php(37): Illuminate\\Container\\BoundMethod::callBoundMethod(Object(Illuminate\\Foundation\\Application), Array, Object(Closure))
#19 C:\\laragon\\www\\kantin-DTEDI\\vendor\\laravel\\framework\\src\\Illuminate\\Container\\Container.php(662): Illuminate\\Container\\BoundMethod::call(Object(Illuminate\\Foundation\\Application), Array, Array, NULL)
#20 C:\\laragon\\www\\kantin-DTEDI\\vendor\\laravel\\framework\\src\\Illuminate\\Database\\Seeder.php(184): Illuminate\\Container\\Container->call(Array, Array)
#21 C:\\laragon\\www\\kantin-DTEDI\\vendor\\laravel\\framework\\src\\Illuminate\\Database\\Seeder.php(193): Illuminate\\Database\\Seeder->Illuminate\\Database\\{closure}()
#22 C:\\laragon\\www\\kantin-DTEDI\\vendor\\laravel\\framework\\src\\Illuminate\\Database\\Console\\Seeds\\SeedCommand.php(70): Illuminate\\Database\\Seeder->__invoke()
#23 C:\\laragon\\www\\kantin-DTEDI\\vendor\\laravel\\framework\\src\\Illuminate\\Database\\Eloquent\\Concerns\\GuardsAttributes.php(155): Illuminate\\Database\\Console\\Seeds\\SeedCommand->Illuminate\\Database\\Console\\Seeds\\{closure}()
#24 C:\\laragon\\www\\kantin-DTEDI\\vendor\\laravel\\framework\\src\\Illuminate\\Database\\Console\\Seeds\\SeedCommand.php(71): Illuminate\\Database\\Eloquent\\Model::unguarded(Object(Closure))
#25 C:\\laragon\\www\\kantin-DTEDI\\vendor\\laravel\\framework\\src\\Illuminate\\Container\\BoundMethod.php(36): Illuminate\\Database\\Console\\Seeds\\SeedCommand->handle()
#26 C:\\laragon\\www\\kantin-DTEDI\\vendor\\laravel\\framework\\src\\Illuminate\\Container\\Util.php(41): Illuminate\\Container\\BoundMethod::Illuminate\\Container\\{closure}()
#27 C:\\laragon\\www\\kantin-DTEDI\\vendor\\laravel\\framework\\src\\Illuminate\\Container\\BoundMethod.php(93): Illuminate\\Container\\Util::unwrapIfClosure(Object(Closure))
#28 C:\\laragon\\www\\kantin-DTEDI\\vendor\\laravel\\framework\\src\\Illuminate\\Container\\BoundMethod.php(37): Illuminate\\Container\\BoundMethod::callBoundMethod(Object(Illuminate\\Foundation\\Application), Array, Object(Closure))
#29 C:\\laragon\\www\\kantin-DTEDI\\vendor\\laravel\\framework\\src\\Illuminate\\Container\\Container.php(662): Illuminate\\Container\\BoundMethod::call(Object(Illuminate\\Foundation\\Application), Array, Array, NULL)
#30 C:\\laragon\\www\\kantin-DTEDI\\vendor\\laravel\\framework\\src\\Illuminate\\Console\\Command.php(211): Illuminate\\Container\\Container->call(Array)
#31 C:\\laragon\\www\\kantin-DTEDI\\vendor\\symfony\\console\\Command\\Command.php(326): Illuminate\\Console\\Command->execute(Object(Symfony\\Component\\Console\\Input\\ArrayInput), Object(Illuminate\\Console\\OutputStyle))
#32 C:\\laragon\\www\\kantin-DTEDI\\vendor\\laravel\\framework\\src\\Illuminate\\Console\\Command.php(181): Symfony\\Component\\Console\\Command\\Command->run(Object(Symfony\\Component\\Console\\Input\\ArrayInput), Object(Illuminate\\Console\\OutputStyle))
#33 C:\\laragon\\www\\kantin-DTEDI\\vendor\\laravel\\framework\\src\\Illuminate\\Console\\Concerns\\CallsCommands.php(68): Illuminate\\Console\\Command->run(Object(Symfony\\Component\\Console\\Input\\ArrayInput), Object(Illuminate\\Console\\OutputStyle))
#34 C:\\laragon\\www\\kantin-DTEDI\\vendor\\laravel\\framework\\src\\Illuminate\\Console\\Concerns\\CallsCommands.php(28): Illuminate\\Console\\Command->runCommand('db:seed', Array, Object(Illuminate\\Console\\OutputStyle))
#35 C:\\laragon\\www\\kantin-DTEDI\\vendor\\laravel\\framework\\src\\Illuminate\\Database\\Console\\Migrations\\RefreshCommand.php(136): Illuminate\\Console\\Command->call('db:seed', Array)
#36 C:\\laragon\\www\\kantin-DTEDI\\vendor\\laravel\\framework\\src\\Illuminate\\Database\\Console\\Migrations\\RefreshCommand.php(75): Illuminate\\Database\\Console\\Migrations\\RefreshCommand->runSeeder(NULL)
#37 C:\\laragon\\www\\kantin-DTEDI\\vendor\\laravel\\framework\\src\\Illuminate\\Container\\BoundMethod.php(36): Illuminate\\Database\\Console\\Migrations\\RefreshCommand->handle()
#38 C:\\laragon\\www\\kantin-DTEDI\\vendor\\laravel\\framework\\src\\Illuminate\\Container\\Util.php(41): Illuminate\\Container\\BoundMethod::Illuminate\\Container\\{closure}()
#39 C:\\laragon\\www\\kantin-DTEDI\\vendor\\laravel\\framework\\src\\Illuminate\\Container\\BoundMethod.php(93): Illuminate\\Container\\Util::unwrapIfClosure(Object(Closure))
#40 C:\\laragon\\www\\kantin-DTEDI\\vendor\\laravel\\framework\\src\\Illuminate\\Container\\BoundMethod.php(37): Illuminate\\Container\\BoundMethod::callBoundMethod(Object(Illuminate\\Foundation\\Application), Array, Object(Closure))
#41 C:\\laragon\\www\\kantin-DTEDI\\vendor\\laravel\\framework\\src\\Illuminate\\Container\\Container.php(662): Illuminate\\Container\\BoundMethod::call(Object(Illuminate\\Foundation\\Application), Array, Array, NULL)
#42 C:\\laragon\\www\\kantin-DTEDI\\vendor\\laravel\\framework\\src\\Illuminate\\Console\\Command.php(211): Illuminate\\Container\\Container->call(Array)
#43 C:\\laragon\\www\\kantin-DTEDI\\vendor\\symfony\\console\\Command\\Command.php(326): Illuminate\\Console\\Command->execute(Object(Symfony\\Component\\Console\\Input\\ArgvInput), Object(Illuminate\\Console\\OutputStyle))
#44 C:\\laragon\\www\\kantin-DTEDI\\vendor\\laravel\\framework\\src\\Illuminate\\Console\\Command.php(181): Symfony\\Component\\Console\\Command\\Command->run(Object(Symfony\\Component\\Console\\Input\\ArgvInput), Object(Illuminate\\Console\\OutputStyle))
#45 C:\\laragon\\www\\kantin-DTEDI\\vendor\\symfony\\console\\Application.php(1096): Illuminate\\Console\\Command->run(Object(Symfony\\Component\\Console\\Input\\ArgvInput), Object(Symfony\\Component\\Console\\Output\\ConsoleOutput))
#46 C:\\laragon\\www\\kantin-DTEDI\\vendor\\symfony\\console\\Application.php(324): Symfony\\Component\\Console\\Application->doRunCommand(Object(Illuminate\\Database\\Console\\Migrations\\RefreshCommand), Object(Symfony\\Component\\Console\\Input\\ArgvInput), Object(Symfony\\Component\\Console\\Output\\ConsoleOutput))
#47 C:\\laragon\\www\\kantin-DTEDI\\vendor\\symfony\\console\\Application.php(175): Symfony\\Component\\Console\\Application->doRun(Object(Symfony\\Component\\Console\\Input\\ArgvInput), Object(Symfony\\Component\\Console\\Output\\ConsoleOutput))
#48 C:\\laragon\\www\\kantin-DTEDI\\vendor\\laravel\\framework\\src\\Illuminate\\Foundation\\Console\\Kernel.php(201): Symfony\\Component\\Console\\Application->run(Object(Symfony\\Component\\Console\\Input\\ArgvInput), Object(Symfony\\Component\\Console\\Output\\ConsoleOutput))
#49 C:\\laragon\\www\\kantin-DTEDI\\artisan(37): Illuminate\\Foundation\\Console\\Kernel->handle(Object(Symfony\\Component\\Console\\Input\\ArgvInput), Object(Symfony\\Component\\Console\\Output\\ConsoleOutput))
#50 {main}
"} 
[2024-11-26 06:42:07] local.ERROR: SQLSTATE[42S22]: Column not found: 1054 Unknown column 'stok' in 'field list' (Connection: mysql, SQL: insert into `menu` (`menu_picture`, `name`, `price`, `stok`, `supplier_id`, `type_id`) values (path, Burger, 1000, 50, 1, food), (path, Coke, 500, 100, 1, drink)) {"exception":"[object] (Illuminate\\Database\\QueryException(code: 42S22): SQLSTATE[42S22]: Column not found: 1054 Unknown column 'stok' in 'field list' (Connection: mysql, SQL: insert into `menu` (`menu_picture`, `name`, `price`, `stok`, `supplier_id`, `type_id`) values (path, Burger, 1000, 50, 1, food), (path, Coke, 500, 100, 1, drink)) at C:\\laragon\\www\\kantin-DTEDI\\vendor\\laravel\\framework\\src\\Illuminate\\Database\\Connection.php:829)
[stacktrace]
#0 C:\\laragon\\www\\kantin-DTEDI\\vendor\\laravel\\framework\\src\\Illuminate\\Database\\Connection.php(783): Illuminate\\Database\\Connection->runQueryCallback('insert into `me...', Array, Object(Closure))
#1 C:\\laragon\\www\\kantin-DTEDI\\vendor\\laravel\\framework\\src\\Illuminate\\Database\\MySqlConnection.php(50): Illuminate\\Database\\Connection->run('insert into `me...', Array, Object(Closure))
#2 C:\\laragon\\www\\kantin-DTEDI\\vendor\\laravel\\framework\\src\\Illuminate\\Database\\Query\\Builder.php(3500): Illuminate\\Database\\MySqlConnection->insert('insert into `me...', Array)
#3 C:\\laragon\\www\\kantin-DTEDI\\database\\seeders\\MenuSeeder.php(17): Illuminate\\Database\\Query\\Builder->insert(Array)
#4 C:\\laragon\\www\\kantin-DTEDI\\vendor\\laravel\\framework\\src\\Illuminate\\Container\\BoundMethod.php(36): Database\\Seeders\\MenuSeeder->run()
#5 C:\\laragon\\www\\kantin-DTEDI\\vendor\\laravel\\framework\\src\\Illuminate\\Container\\Util.php(41): Illuminate\\Container\\BoundMethod::Illuminate\\Container\\{closure}()
#6 C:\\laragon\\www\\kantin-DTEDI\\vendor\\laravel\\framework\\src\\Illuminate\\Container\\BoundMethod.php(93): Illuminate\\Container\\Util::unwrapIfClosure(Object(Closure))
#7 C:\\laragon\\www\\kantin-DTEDI\\vendor\\laravel\\framework\\src\\Illuminate\\Container\\BoundMethod.php(37): Illuminate\\Container\\BoundMethod::callBoundMethod(Object(Illuminate\\Foundation\\Application), Array, Object(Closure))
#8 C:\\laragon\\www\\kantin-DTEDI\\vendor\\laravel\\framework\\src\\Illuminate\\Container\\Container.php(662): Illuminate\\Container\\BoundMethod::call(Object(Illuminate\\Foundation\\Application), Array, Array, NULL)
#9 C:\\laragon\\www\\kantin-DTEDI\\vendor\\laravel\\framework\\src\\Illuminate\\Database\\Seeder.php(184): Illuminate\\Container\\Container->call(Array, Array)
#10 C:\\laragon\\www\\kantin-DTEDI\\vendor\\laravel\\framework\\src\\Illuminate\\Database\\Seeder.php(193): Illuminate\\Database\\Seeder->Illuminate\\Database\\{closure}()
#11 C:\\laragon\\www\\kantin-DTEDI\\vendor\\laravel\\framework\\src\\Illuminate\\Database\\Seeder.php(61): Illuminate\\Database\\Seeder->__invoke(Array)
#12 C:\\laragon\\www\\kantin-DTEDI\\database\\seeders\\DatabaseSeeder.php(16): Illuminate\\Database\\Seeder->call('Database\\\\Seeder...')
#13 C:\\laragon\\www\\kantin-DTEDI\\vendor\\laravel\\framework\\src\\Illuminate\\Container\\BoundMethod.php(36): Database\\Seeders\\DatabaseSeeder->run()
#14 C:\\laragon\\www\\kantin-DTEDI\\vendor\\laravel\\framework\\src\\Illuminate\\Container\\Util.php(41): Illuminate\\Container\\BoundMethod::Illuminate\\Container\\{closure}()
#15 C:\\laragon\\www\\kantin-DTEDI\\vendor\\laravel\\framework\\src\\Illuminate\\Container\\BoundMethod.php(93): Illuminate\\Container\\Util::unwrapIfClosure(Object(Closure))
#16 C:\\laragon\\www\\kantin-DTEDI\\vendor\\laravel\\framework\\src\\Illuminate\\Container\\BoundMethod.php(37): Illuminate\\Container\\BoundMethod::callBoundMethod(Object(Illuminate\\Foundation\\Application), Array, Object(Closure))
#17 C:\\laragon\\www\\kantin-DTEDI\\vendor\\laravel\\framework\\src\\Illuminate\\Container\\Container.php(662): Illuminate\\Container\\BoundMethod::call(Object(Illuminate\\Foundation\\Application), Array, Array, NULL)
#18 C:\\laragon\\www\\kantin-DTEDI\\vendor\\laravel\\framework\\src\\Illuminate\\Database\\Seeder.php(184): Illuminate\\Container\\Container->call(Array, Array)
#19 C:\\laragon\\www\\kantin-DTEDI\\vendor\\laravel\\framework\\src\\Illuminate\\Database\\Seeder.php(193): Illuminate\\Database\\Seeder->Illuminate\\Database\\{closure}()
#20 C:\\laragon\\www\\kantin-DTEDI\\vendor\\laravel\\framework\\src\\Illuminate\\Database\\Console\\Seeds\\SeedCommand.php(70): Illuminate\\Database\\Seeder->__invoke()
#21 C:\\laragon\\www\\kantin-DTEDI\\vendor\\laravel\\framework\\src\\Illuminate\\Database\\Eloquent\\Concerns\\GuardsAttributes.php(155): Illuminate\\Database\\Console\\Seeds\\SeedCommand->Illuminate\\Database\\Console\\Seeds\\{closure}()
#22 C:\\laragon\\www\\kantin-DTEDI\\vendor\\laravel\\framework\\src\\Illuminate\\Database\\Console\\Seeds\\SeedCommand.php(71): Illuminate\\Database\\Eloquent\\Model::unguarded(Object(Closure))
#23 C:\\laragon\\www\\kantin-DTEDI\\vendor\\laravel\\framework\\src\\Illuminate\\Container\\BoundMethod.php(36): Illuminate\\Database\\Console\\Seeds\\SeedCommand->handle()
#24 C:\\laragon\\www\\kantin-DTEDI\\vendor\\laravel\\framework\\src\\Illuminate\\Container\\Util.php(41): Illuminate\\Container\\BoundMethod::Illuminate\\Container\\{closure}()
#25 C:\\laragon\\www\\kantin-DTEDI\\vendor\\laravel\\framework\\src\\Illuminate\\Container\\BoundMethod.php(93): Illuminate\\Container\\Util::unwrapIfClosure(Object(Closure))
#26 C:\\laragon\\www\\kantin-DTEDI\\vendor\\laravel\\framework\\src\\Illuminate\\Container\\BoundMethod.php(37): Illuminate\\Container\\BoundMethod::callBoundMethod(Object(Illuminate\\Foundation\\Application), Array, Object(Closure))
#27 C:\\laragon\\www\\kantin-DTEDI\\vendor\\laravel\\framework\\src\\Illuminate\\Container\\Container.php(662): Illuminate\\Container\\BoundMethod::call(Object(Illuminate\\Foundation\\Application), Array, Array, NULL)
#28 C:\\laragon\\www\\kantin-DTEDI\\vendor\\laravel\\framework\\src\\Illuminate\\Console\\Command.php(211): Illuminate\\Container\\Container->call(Array)
#29 C:\\laragon\\www\\kantin-DTEDI\\vendor\\symfony\\console\\Command\\Command.php(326): Illuminate\\Console\\Command->execute(Object(Symfony\\Component\\Console\\Input\\ArrayInput), Object(Illuminate\\Console\\OutputStyle))
#30 C:\\laragon\\www\\kantin-DTEDI\\vendor\\laravel\\framework\\src\\Illuminate\\Console\\Command.php(181): Symfony\\Component\\Console\\Command\\Command->run(Object(Symfony\\Component\\Console\\Input\\ArrayInput), Object(Illuminate\\Console\\OutputStyle))
#31 C:\\laragon\\www\\kantin-DTEDI\\vendor\\laravel\\framework\\src\\Illuminate\\Console\\Concerns\\CallsCommands.php(68): Illuminate\\Console\\Command->run(Object(Symfony\\Component\\Console\\Input\\ArrayInput), Object(Illuminate\\Console\\OutputStyle))
#32 C:\\laragon\\www\\kantin-DTEDI\\vendor\\laravel\\framework\\src\\Illuminate\\Console\\Concerns\\CallsCommands.php(28): Illuminate\\Console\\Command->runCommand('db:seed', Array, Object(Illuminate\\Console\\OutputStyle))
#33 C:\\laragon\\www\\kantin-DTEDI\\vendor\\laravel\\framework\\src\\Illuminate\\Database\\Console\\Migrations\\RefreshCommand.php(136): Illuminate\\Console\\Command->call('db:seed', Array)
#34 C:\\laragon\\www\\kantin-DTEDI\\vendor\\laravel\\framework\\src\\Illuminate\\Database\\Console\\Migrations\\RefreshCommand.php(75): Illuminate\\Database\\Console\\Migrations\\RefreshCommand->runSeeder(NULL)
#35 C:\\laragon\\www\\kantin-DTEDI\\vendor\\laravel\\framework\\src\\Illuminate\\Container\\BoundMethod.php(36): Illuminate\\Database\\Console\\Migrations\\RefreshCommand->handle()
#36 C:\\laragon\\www\\kantin-DTEDI\\vendor\\laravel\\framework\\src\\Illuminate\\Container\\Util.php(41): Illuminate\\Container\\BoundMethod::Illuminate\\Container\\{closure}()
#37 C:\\laragon\\www\\kantin-DTEDI\\vendor\\laravel\\framework\\src\\Illuminate\\Container\\BoundMethod.php(93): Illuminate\\Container\\Util::unwrapIfClosure(Object(Closure))
#38 C:\\laragon\\www\\kantin-DTEDI\\vendor\\laravel\\framework\\src\\Illuminate\\Container\\BoundMethod.php(37): Illuminate\\Container\\BoundMethod::callBoundMethod(Object(Illuminate\\Foundation\\Application), Array, Object(Closure))
#39 C:\\laragon\\www\\kantin-DTEDI\\vendor\\laravel\\framework\\src\\Illuminate\\Container\\Container.php(662): Illuminate\\Container\\BoundMethod::call(Object(Illuminate\\Foundation\\Application), Array, Array, NULL)
#40 C:\\laragon\\www\\kantin-DTEDI\\vendor\\laravel\\framework\\src\\Illuminate\\Console\\Command.php(211): Illuminate\\Container\\Container->call(Array)
#41 C:\\laragon\\www\\kantin-DTEDI\\vendor\\symfony\\console\\Command\\Command.php(326): Illuminate\\Console\\Command->execute(Object(Symfony\\Component\\Console\\Input\\ArgvInput), Object(Illuminate\\Console\\OutputStyle))
#42 C:\\laragon\\www\\kantin-DTEDI\\vendor\\laravel\\framework\\src\\Illuminate\\Console\\Command.php(181): Symfony\\Component\\Console\\Command\\Command->run(Object(Symfony\\Component\\Console\\Input\\ArgvInput), Object(Illuminate\\Console\\OutputStyle))
#43 C:\\laragon\\www\\kantin-DTEDI\\vendor\\symfony\\console\\Application.php(1096): Illuminate\\Console\\Command->run(Object(Symfony\\Component\\Console\\Input\\ArgvInput), Object(Symfony\\Component\\Console\\Output\\ConsoleOutput))
#44 C:\\laragon\\www\\kantin-DTEDI\\vendor\\symfony\\console\\Application.php(324): Symfony\\Component\\Console\\Application->doRunCommand(Object(Illuminate\\Database\\Console\\Migrations\\RefreshCommand), Object(Symfony\\Component\\Console\\Input\\ArgvInput), Object(Symfony\\Component\\Console\\Output\\ConsoleOutput))
#45 C:\\laragon\\www\\kantin-DTEDI\\vendor\\symfony\\console\\Application.php(175): Symfony\\Component\\Console\\Application->doRun(Object(Symfony\\Component\\Console\\Input\\ArgvInput), Object(Symfony\\Component\\Console\\Output\\ConsoleOutput))
#46 C:\\laragon\\www\\kantin-DTEDI\\vendor\\laravel\\framework\\src\\Illuminate\\Foundation\\Console\\Kernel.php(201): Symfony\\Component\\Console\\Application->run(Object(Symfony\\Component\\Console\\Input\\ArgvInput), Object(Symfony\\Component\\Console\\Output\\ConsoleOutput))
#47 C:\\laragon\\www\\kantin-DTEDI\\artisan(37): Illuminate\\Foundation\\Console\\Kernel->handle(Object(Symfony\\Component\\Console\\Input\\ArgvInput), Object(Symfony\\Component\\Console\\Output\\ConsoleOutput))
#48 {main}

[previous exception] [object] (PDOException(code: 42S22): SQLSTATE[42S22]: Column not found: 1054 Unknown column 'stok' in 'field list' at C:\\laragon\\www\\kantin-DTEDI\\vendor\\laravel\\framework\\src\\Illuminate\\Database\\MySqlConnection.php:39)
[stacktrace]
#0 C:\\laragon\\www\\kantin-DTEDI\\vendor\\laravel\\framework\\src\\Illuminate\\Database\\MySqlConnection.php(39): PDO->prepare('insert into `me...')
#1 C:\\laragon\\www\\kantin-DTEDI\\vendor\\laravel\\framework\\src\\Illuminate\\Database\\Connection.php(816): Illuminate\\Database\\MySqlConnection->Illuminate\\Database\\{closure}('insert into `me...', Array)
#2 C:\\laragon\\www\\kantin-DTEDI\\vendor\\laravel\\framework\\src\\Illuminate\\Database\\Connection.php(783): Illuminate\\Database\\Connection->runQueryCallback('insert into `me...', Array, Object(Closure))
#3 C:\\laragon\\www\\kantin-DTEDI\\vendor\\laravel\\framework\\src\\Illuminate\\Database\\MySqlConnection.php(50): Illuminate\\Database\\Connection->run('insert into `me...', Array, Object(Closure))
#4 C:\\laragon\\www\\kantin-DTEDI\\vendor\\laravel\\framework\\src\\Illuminate\\Database\\Query\\Builder.php(3500): Illuminate\\Database\\MySqlConnection->insert('insert into `me...', Array)
#5 C:\\laragon\\www\\kantin-DTEDI\\database\\seeders\\MenuSeeder.php(17): Illuminate\\Database\\Query\\Builder->insert(Array)
#6 C:\\laragon\\www\\kantin-DTEDI\\vendor\\laravel\\framework\\src\\Illuminate\\Container\\BoundMethod.php(36): Database\\Seeders\\MenuSeeder->run()
#7 C:\\laragon\\www\\kantin-DTEDI\\vendor\\laravel\\framework\\src\\Illuminate\\Container\\Util.php(41): Illuminate\\Container\\BoundMethod::Illuminate\\Container\\{closure}()
#8 C:\\laragon\\www\\kantin-DTEDI\\vendor\\laravel\\framework\\src\\Illuminate\\Container\\BoundMethod.php(93): Illuminate\\Container\\Util::unwrapIfClosure(Object(Closure))
#9 C:\\laragon\\www\\kantin-DTEDI\\vendor\\laravel\\framework\\src\\Illuminate\\Container\\BoundMethod.php(37): Illuminate\\Container\\BoundMethod::callBoundMethod(Object(Illuminate\\Foundation\\Application), Array, Object(Closure))
#10 C:\\laragon\\www\\kantin-DTEDI\\vendor\\laravel\\framework\\src\\Illuminate\\Container\\Container.php(662): Illuminate\\Container\\BoundMethod::call(Object(Illuminate\\Foundation\\Application), Array, Array, NULL)
#11 C:\\laragon\\www\\kantin-DTEDI\\vendor\\laravel\\framework\\src\\Illuminate\\Database\\Seeder.php(184): Illuminate\\Container\\Container->call(Array, Array)
#12 C:\\laragon\\www\\kantin-DTEDI\\vendor\\laravel\\framework\\src\\Illuminate\\Database\\Seeder.php(193): Illuminate\\Database\\Seeder->Illuminate\\Database\\{closure}()
#13 C:\\laragon\\www\\kantin-DTEDI\\vendor\\laravel\\framework\\src\\Illuminate\\Database\\Seeder.php(61): Illuminate\\Database\\Seeder->__invoke(Array)
#14 C:\\laragon\\www\\kantin-DTEDI\\database\\seeders\\DatabaseSeeder.php(16): Illuminate\\Database\\Seeder->call('Database\\\\Seeder...')
#15 C:\\laragon\\www\\kantin-DTEDI\\vendor\\laravel\\framework\\src\\Illuminate\\Container\\BoundMethod.php(36): Database\\Seeders\\DatabaseSeeder->run()
#16 C:\\laragon\\www\\kantin-DTEDI\\vendor\\laravel\\framework\\src\\Illuminate\\Container\\Util.php(41): Illuminate\\Container\\BoundMethod::Illuminate\\Container\\{closure}()
#17 C:\\laragon\\www\\kantin-DTEDI\\vendor\\laravel\\framework\\src\\Illuminate\\Container\\BoundMethod.php(93): Illuminate\\Container\\Util::unwrapIfClosure(Object(Closure))
#18 C:\\laragon\\www\\kantin-DTEDI\\vendor\\laravel\\framework\\src\\Illuminate\\Container\\BoundMethod.php(37): Illuminate\\Container\\BoundMethod::callBoundMethod(Object(Illuminate\\Foundation\\Application), Array, Object(Closure))
#19 C:\\laragon\\www\\kantin-DTEDI\\vendor\\laravel\\framework\\src\\Illuminate\\Container\\Container.php(662): Illuminate\\Container\\BoundMethod::call(Object(Illuminate\\Foundation\\Application), Array, Array, NULL)
#20 C:\\laragon\\www\\kantin-DTEDI\\vendor\\laravel\\framework\\src\\Illuminate\\Database\\Seeder.php(184): Illuminate\\Container\\Container->call(Array, Array)
#21 C:\\laragon\\www\\kantin-DTEDI\\vendor\\laravel\\framework\\src\\Illuminate\\Database\\Seeder.php(193): Illuminate\\Database\\Seeder->Illuminate\\Database\\{closure}()
#22 C:\\laragon\\www\\kantin-DTEDI\\vendor\\laravel\\framework\\src\\Illuminate\\Database\\Console\\Seeds\\SeedCommand.php(70): Illuminate\\Database\\Seeder->__invoke()
#23 C:\\laragon\\www\\kantin-DTEDI\\vendor\\laravel\\framework\\src\\Illuminate\\Database\\Eloquent\\Concerns\\GuardsAttributes.php(155): Illuminate\\Database\\Console\\Seeds\\SeedCommand->Illuminate\\Database\\Console\\Seeds\\{closure}()
#24 C:\\laragon\\www\\kantin-DTEDI\\vendor\\laravel\\framework\\src\\Illuminate\\Database\\Console\\Seeds\\SeedCommand.php(71): Illuminate\\Database\\Eloquent\\Model::unguarded(Object(Closure))
#25 C:\\laragon\\www\\kantin-DTEDI\\vendor\\laravel\\framework\\src\\Illuminate\\Container\\BoundMethod.php(36): Illuminate\\Database\\Console\\Seeds\\SeedCommand->handle()
#26 C:\\laragon\\www\\kantin-DTEDI\\vendor\\laravel\\framework\\src\\Illuminate\\Container\\Util.php(41): Illuminate\\Container\\BoundMethod::Illuminate\\Container\\{closure}()
#27 C:\\laragon\\www\\kantin-DTEDI\\vendor\\laravel\\framework\\src\\Illuminate\\Container\\BoundMethod.php(93): Illuminate\\Container\\Util::unwrapIfClosure(Object(Closure))
#28 C:\\laragon\\www\\kantin-DTEDI\\vendor\\laravel\\framework\\src\\Illuminate\\Container\\BoundMethod.php(37): Illuminate\\Container\\BoundMethod::callBoundMethod(Object(Illuminate\\Foundation\\Application), Array, Object(Closure))
#29 C:\\laragon\\www\\kantin-DTEDI\\vendor\\laravel\\framework\\src\\Illuminate\\Container\\Container.php(662): Illuminate\\Container\\BoundMethod::call(Object(Illuminate\\Foundation\\Application), Array, Array, NULL)
#30 C:\\laragon\\www\\kantin-DTEDI\\vendor\\laravel\\framework\\src\\Illuminate\\Console\\Command.php(211): Illuminate\\Container\\Container->call(Array)
#31 C:\\laragon\\www\\kantin-DTEDI\\vendor\\symfony\\console\\Command\\Command.php(326): Illuminate\\Console\\Command->execute(Object(Symfony\\Component\\Console\\Input\\ArrayInput), Object(Illuminate\\Console\\OutputStyle))
#32 C:\\laragon\\www\\kantin-DTEDI\\vendor\\laravel\\framework\\src\\Illuminate\\Console\\Command.php(181): Symfony\\Component\\Console\\Command\\Command->run(Object(Symfony\\Component\\Console\\Input\\ArrayInput), Object(Illuminate\\Console\\OutputStyle))
#33 C:\\laragon\\www\\kantin-DTEDI\\vendor\\laravel\\framework\\src\\Illuminate\\Console\\Concerns\\CallsCommands.php(68): Illuminate\\Console\\Command->run(Object(Symfony\\Component\\Console\\Input\\ArrayInput), Object(Illuminate\\Console\\OutputStyle))
#34 C:\\laragon\\www\\kantin-DTEDI\\vendor\\laravel\\framework\\src\\Illuminate\\Console\\Concerns\\CallsCommands.php(28): Illuminate\\Console\\Command->runCommand('db:seed', Array, Object(Illuminate\\Console\\OutputStyle))
#35 C:\\laragon\\www\\kantin-DTEDI\\vendor\\laravel\\framework\\src\\Illuminate\\Database\\Console\\Migrations\\RefreshCommand.php(136): Illuminate\\Console\\Command->call('db:seed', Array)
#36 C:\\laragon\\www\\kantin-DTEDI\\vendor\\laravel\\framework\\src\\Illuminate\\Database\\Console\\Migrations\\RefreshCommand.php(75): Illuminate\\Database\\Console\\Migrations\\RefreshCommand->runSeeder(NULL)
#37 C:\\laragon\\www\\kantin-DTEDI\\vendor\\laravel\\framework\\src\\Illuminate\\Container\\BoundMethod.php(36): Illuminate\\Database\\Console\\Migrations\\RefreshCommand->handle()
#38 C:\\laragon\\www\\kantin-DTEDI\\vendor\\laravel\\framework\\src\\Illuminate\\Container\\Util.php(41): Illuminate\\Container\\BoundMethod::Illuminate\\Container\\{closure}()
#39 C:\\laragon\\www\\kantin-DTEDI\\vendor\\laravel\\framework\\src\\Illuminate\\Container\\BoundMethod.php(93): Illuminate\\Container\\Util::unwrapIfClosure(Object(Closure))
#40 C:\\laragon\\www\\kantin-DTEDI\\vendor\\laravel\\framework\\src\\Illuminate\\Container\\BoundMethod.php(37): Illuminate\\Container\\BoundMethod::callBoundMethod(Object(Illuminate\\Foundation\\Application), Array, Object(Closure))
#41 C:\\laragon\\www\\kantin-DTEDI\\vendor\\laravel\\framework\\src\\Illuminate\\Container\\Container.php(662): Illuminate\\Container\\BoundMethod::call(Object(Illuminate\\Foundation\\Application), Array, Array, NULL)
#42 C:\\laragon\\www\\kantin-DTEDI\\vendor\\laravel\\framework\\src\\Illuminate\\Console\\Command.php(211): Illuminate\\Container\\Container->call(Array)
#43 C:\\laragon\\www\\kantin-DTEDI\\vendor\\symfony\\console\\Command\\Command.php(326): Illuminate\\Console\\Command->execute(Object(Symfony\\Component\\Console\\Input\\ArgvInput), Object(Illuminate\\Console\\OutputStyle))
#44 C:\\laragon\\www\\kantin-DTEDI\\vendor\\laravel\\framework\\src\\Illuminate\\Console\\Command.php(181): Symfony\\Component\\Console\\Command\\Command->run(Object(Symfony\\Component\\Console\\Input\\ArgvInput), Object(Illuminate\\Console\\OutputStyle))
#45 C:\\laragon\\www\\kantin-DTEDI\\vendor\\symfony\\console\\Application.php(1096): Illuminate\\Console\\Command->run(Object(Symfony\\Component\\Console\\Input\\ArgvInput), Object(Symfony\\Component\\Console\\Output\\ConsoleOutput))
#46 C:\\laragon\\www\\kantin-DTEDI\\vendor\\symfony\\console\\Application.php(324): Symfony\\Component\\Console\\Application->doRunCommand(Object(Illuminate\\Database\\Console\\Migrations\\RefreshCommand), Object(Symfony\\Component\\Console\\Input\\ArgvInput), Object(Symfony\\Component\\Console\\Output\\ConsoleOutput))
#47 C:\\laragon\\www\\kantin-DTEDI\\vendor\\symfony\\console\\Application.php(175): Symfony\\Component\\Console\\Application->doRun(Object(Symfony\\Component\\Console\\Input\\ArgvInput), Object(Symfony\\Component\\Console\\Output\\ConsoleOutput))
#48 C:\\laragon\\www\\kantin-DTEDI\\vendor\\laravel\\framework\\src\\Illuminate\\Foundation\\Console\\Kernel.php(201): Symfony\\Component\\Console\\Application->run(Object(Symfony\\Component\\Console\\Input\\ArgvInput), Object(Symfony\\Component\\Console\\Output\\ConsoleOutput))
#49 C:\\laragon\\www\\kantin-DTEDI\\artisan(37): Illuminate\\Foundation\\Console\\Kernel->handle(Object(Symfony\\Component\\Console\\Input\\ArgvInput), Object(Symfony\\Component\\Console\\Output\\ConsoleOutput))
#50 {main}
"} 
[2024-11-26 06:42:40] local.ERROR: SQLSTATE[42S22]: Column not found: 1054 Unknown column 'type_id' in 'field list' (Connection: mysql, SQL: insert into `menu` (`menu_picture`, `name`, `price`, `stock`, `supplier_id`, `type_id`) values (path, Burger, 1000, 50, 1, food), (path, Coke, 500, 100, 1, drink)) {"exception":"[object] (Illuminate\\Database\\QueryException(code: 42S22): SQLSTATE[42S22]: Column not found: 1054 Unknown column 'type_id' in 'field list' (Connection: mysql, SQL: insert into `menu` (`menu_picture`, `name`, `price`, `stock`, `supplier_id`, `type_id`) values (path, Burger, 1000, 50, 1, food), (path, Coke, 500, 100, 1, drink)) at C:\\laragon\\www\\kantin-DTEDI\\vendor\\laravel\\framework\\src\\Illuminate\\Database\\Connection.php:829)
[stacktrace]
#0 C:\\laragon\\www\\kantin-DTEDI\\vendor\\laravel\\framework\\src\\Illuminate\\Database\\Connection.php(783): Illuminate\\Database\\Connection->runQueryCallback('insert into `me...', Array, Object(Closure))
#1 C:\\laragon\\www\\kantin-DTEDI\\vendor\\laravel\\framework\\src\\Illuminate\\Database\\MySqlConnection.php(50): Illuminate\\Database\\Connection->run('insert into `me...', Array, Object(Closure))
#2 C:\\laragon\\www\\kantin-DTEDI\\vendor\\laravel\\framework\\src\\Illuminate\\Database\\Query\\Builder.php(3500): Illuminate\\Database\\MySqlConnection->insert('insert into `me...', Array)
#3 C:\\laragon\\www\\kantin-DTEDI\\database\\seeders\\MenuSeeder.php(17): Illuminate\\Database\\Query\\Builder->insert(Array)
#4 C:\\laragon\\www\\kantin-DTEDI\\vendor\\laravel\\framework\\src\\Illuminate\\Container\\BoundMethod.php(36): Database\\Seeders\\MenuSeeder->run()
#5 C:\\laragon\\www\\kantin-DTEDI\\vendor\\laravel\\framework\\src\\Illuminate\\Container\\Util.php(41): Illuminate\\Container\\BoundMethod::Illuminate\\Container\\{closure}()
#6 C:\\laragon\\www\\kantin-DTEDI\\vendor\\laravel\\framework\\src\\Illuminate\\Container\\BoundMethod.php(93): Illuminate\\Container\\Util::unwrapIfClosure(Object(Closure))
#7 C:\\laragon\\www\\kantin-DTEDI\\vendor\\laravel\\framework\\src\\Illuminate\\Container\\BoundMethod.php(37): Illuminate\\Container\\BoundMethod::callBoundMethod(Object(Illuminate\\Foundation\\Application), Array, Object(Closure))
#8 C:\\laragon\\www\\kantin-DTEDI\\vendor\\laravel\\framework\\src\\Illuminate\\Container\\Container.php(662): Illuminate\\Container\\BoundMethod::call(Object(Illuminate\\Foundation\\Application), Array, Array, NULL)
#9 C:\\laragon\\www\\kantin-DTEDI\\vendor\\laravel\\framework\\src\\Illuminate\\Database\\Seeder.php(184): Illuminate\\Container\\Container->call(Array, Array)
#10 C:\\laragon\\www\\kantin-DTEDI\\vendor\\laravel\\framework\\src\\Illuminate\\Database\\Seeder.php(193): Illuminate\\Database\\Seeder->Illuminate\\Database\\{closure}()
#11 C:\\laragon\\www\\kantin-DTEDI\\vendor\\laravel\\framework\\src\\Illuminate\\Database\\Seeder.php(61): Illuminate\\Database\\Seeder->__invoke(Array)
#12 C:\\laragon\\www\\kantin-DTEDI\\database\\seeders\\DatabaseSeeder.php(16): Illuminate\\Database\\Seeder->call('Database\\\\Seeder...')
#13 C:\\laragon\\www\\kantin-DTEDI\\vendor\\laravel\\framework\\src\\Illuminate\\Container\\BoundMethod.php(36): Database\\Seeders\\DatabaseSeeder->run()
#14 C:\\laragon\\www\\kantin-DTEDI\\vendor\\laravel\\framework\\src\\Illuminate\\Container\\Util.php(41): Illuminate\\Container\\BoundMethod::Illuminate\\Container\\{closure}()
#15 C:\\laragon\\www\\kantin-DTEDI\\vendor\\laravel\\framework\\src\\Illuminate\\Container\\BoundMethod.php(93): Illuminate\\Container\\Util::unwrapIfClosure(Object(Closure))
#16 C:\\laragon\\www\\kantin-DTEDI\\vendor\\laravel\\framework\\src\\Illuminate\\Container\\BoundMethod.php(37): Illuminate\\Container\\BoundMethod::callBoundMethod(Object(Illuminate\\Foundation\\Application), Array, Object(Closure))
#17 C:\\laragon\\www\\kantin-DTEDI\\vendor\\laravel\\framework\\src\\Illuminate\\Container\\Container.php(662): Illuminate\\Container\\BoundMethod::call(Object(Illuminate\\Foundation\\Application), Array, Array, NULL)
#18 C:\\laragon\\www\\kantin-DTEDI\\vendor\\laravel\\framework\\src\\Illuminate\\Database\\Seeder.php(184): Illuminate\\Container\\Container->call(Array, Array)
#19 C:\\laragon\\www\\kantin-DTEDI\\vendor\\laravel\\framework\\src\\Illuminate\\Database\\Seeder.php(193): Illuminate\\Database\\Seeder->Illuminate\\Database\\{closure}()
#20 C:\\laragon\\www\\kantin-DTEDI\\vendor\\laravel\\framework\\src\\Illuminate\\Database\\Console\\Seeds\\SeedCommand.php(70): Illuminate\\Database\\Seeder->__invoke()
#21 C:\\laragon\\www\\kantin-DTEDI\\vendor\\laravel\\framework\\src\\Illuminate\\Database\\Eloquent\\Concerns\\GuardsAttributes.php(155): Illuminate\\Database\\Console\\Seeds\\SeedCommand->Illuminate\\Database\\Console\\Seeds\\{closure}()
#22 C:\\laragon\\www\\kantin-DTEDI\\vendor\\laravel\\framework\\src\\Illuminate\\Database\\Console\\Seeds\\SeedCommand.php(71): Illuminate\\Database\\Eloquent\\Model::unguarded(Object(Closure))
#23 C:\\laragon\\www\\kantin-DTEDI\\vendor\\laravel\\framework\\src\\Illuminate\\Container\\BoundMethod.php(36): Illuminate\\Database\\Console\\Seeds\\SeedCommand->handle()
#24 C:\\laragon\\www\\kantin-DTEDI\\vendor\\laravel\\framework\\src\\Illuminate\\Container\\Util.php(41): Illuminate\\Container\\BoundMethod::Illuminate\\Container\\{closure}()
#25 C:\\laragon\\www\\kantin-DTEDI\\vendor\\laravel\\framework\\src\\Illuminate\\Container\\BoundMethod.php(93): Illuminate\\Container\\Util::unwrapIfClosure(Object(Closure))
#26 C:\\laragon\\www\\kantin-DTEDI\\vendor\\laravel\\framework\\src\\Illuminate\\Container\\BoundMethod.php(37): Illuminate\\Container\\BoundMethod::callBoundMethod(Object(Illuminate\\Foundation\\Application), Array, Object(Closure))
#27 C:\\laragon\\www\\kantin-DTEDI\\vendor\\laravel\\framework\\src\\Illuminate\\Container\\Container.php(662): Illuminate\\Container\\BoundMethod::call(Object(Illuminate\\Foundation\\Application), Array, Array, NULL)
#28 C:\\laragon\\www\\kantin-DTEDI\\vendor\\laravel\\framework\\src\\Illuminate\\Console\\Command.php(211): Illuminate\\Container\\Container->call(Array)
#29 C:\\laragon\\www\\kantin-DTEDI\\vendor\\symfony\\console\\Command\\Command.php(326): Illuminate\\Console\\Command->execute(Object(Symfony\\Component\\Console\\Input\\ArrayInput), Object(Illuminate\\Console\\OutputStyle))
#30 C:\\laragon\\www\\kantin-DTEDI\\vendor\\laravel\\framework\\src\\Illuminate\\Console\\Command.php(181): Symfony\\Component\\Console\\Command\\Command->run(Object(Symfony\\Component\\Console\\Input\\ArrayInput), Object(Illuminate\\Console\\OutputStyle))
#31 C:\\laragon\\www\\kantin-DTEDI\\vendor\\laravel\\framework\\src\\Illuminate\\Console\\Concerns\\CallsCommands.php(68): Illuminate\\Console\\Command->run(Object(Symfony\\Component\\Console\\Input\\ArrayInput), Object(Illuminate\\Console\\OutputStyle))
#32 C:\\laragon\\www\\kantin-DTEDI\\vendor\\laravel\\framework\\src\\Illuminate\\Console\\Concerns\\CallsCommands.php(28): Illuminate\\Console\\Command->runCommand('db:seed', Array, Object(Illuminate\\Console\\OutputStyle))
#33 C:\\laragon\\www\\kantin-DTEDI\\vendor\\laravel\\framework\\src\\Illuminate\\Database\\Console\\Migrations\\RefreshCommand.php(136): Illuminate\\Console\\Command->call('db:seed', Array)
#34 C:\\laragon\\www\\kantin-DTEDI\\vendor\\laravel\\framework\\src\\Illuminate\\Database\\Console\\Migrations\\RefreshCommand.php(75): Illuminate\\Database\\Console\\Migrations\\RefreshCommand->runSeeder(NULL)
#35 C:\\laragon\\www\\kantin-DTEDI\\vendor\\laravel\\framework\\src\\Illuminate\\Container\\BoundMethod.php(36): Illuminate\\Database\\Console\\Migrations\\RefreshCommand->handle()
#36 C:\\laragon\\www\\kantin-DTEDI\\vendor\\laravel\\framework\\src\\Illuminate\\Container\\Util.php(41): Illuminate\\Container\\BoundMethod::Illuminate\\Container\\{closure}()
#37 C:\\laragon\\www\\kantin-DTEDI\\vendor\\laravel\\framework\\src\\Illuminate\\Container\\BoundMethod.php(93): Illuminate\\Container\\Util::unwrapIfClosure(Object(Closure))
#38 C:\\laragon\\www\\kantin-DTEDI\\vendor\\laravel\\framework\\src\\Illuminate\\Container\\BoundMethod.php(37): Illuminate\\Container\\BoundMethod::callBoundMethod(Object(Illuminate\\Foundation\\Application), Array, Object(Closure))
#39 C:\\laragon\\www\\kantin-DTEDI\\vendor\\laravel\\framework\\src\\Illuminate\\Container\\Container.php(662): Illuminate\\Container\\BoundMethod::call(Object(Illuminate\\Foundation\\Application), Array, Array, NULL)
#40 C:\\laragon\\www\\kantin-DTEDI\\vendor\\laravel\\framework\\src\\Illuminate\\Console\\Command.php(211): Illuminate\\Container\\Container->call(Array)
#41 C:\\laragon\\www\\kantin-DTEDI\\vendor\\symfony\\console\\Command\\Command.php(326): Illuminate\\Console\\Command->execute(Object(Symfony\\Component\\Console\\Input\\ArgvInput), Object(Illuminate\\Console\\OutputStyle))
#42 C:\\laragon\\www\\kantin-DTEDI\\vendor\\laravel\\framework\\src\\Illuminate\\Console\\Command.php(181): Symfony\\Component\\Console\\Command\\Command->run(Object(Symfony\\Component\\Console\\Input\\ArgvInput), Object(Illuminate\\Console\\OutputStyle))
#43 C:\\laragon\\www\\kantin-DTEDI\\vendor\\symfony\\console\\Application.php(1096): Illuminate\\Console\\Command->run(Object(Symfony\\Component\\Console\\Input\\ArgvInput), Object(Symfony\\Component\\Console\\Output\\ConsoleOutput))
#44 C:\\laragon\\www\\kantin-DTEDI\\vendor\\symfony\\console\\Application.php(324): Symfony\\Component\\Console\\Application->doRunCommand(Object(Illuminate\\Database\\Console\\Migrations\\RefreshCommand), Object(Symfony\\Component\\Console\\Input\\ArgvInput), Object(Symfony\\Component\\Console\\Output\\ConsoleOutput))
#45 C:\\laragon\\www\\kantin-DTEDI\\vendor\\symfony\\console\\Application.php(175): Symfony\\Component\\Console\\Application->doRun(Object(Symfony\\Component\\Console\\Input\\ArgvInput), Object(Symfony\\Component\\Console\\Output\\ConsoleOutput))
#46 C:\\laragon\\www\\kantin-DTEDI\\vendor\\laravel\\framework\\src\\Illuminate\\Foundation\\Console\\Kernel.php(201): Symfony\\Component\\Console\\Application->run(Object(Symfony\\Component\\Console\\Input\\ArgvInput), Object(Symfony\\Component\\Console\\Output\\ConsoleOutput))
#47 C:\\laragon\\www\\kantin-DTEDI\\artisan(37): Illuminate\\Foundation\\Console\\Kernel->handle(Object(Symfony\\Component\\Console\\Input\\ArgvInput), Object(Symfony\\Component\\Console\\Output\\ConsoleOutput))
#48 {main}

[previous exception] [object] (PDOException(code: 42S22): SQLSTATE[42S22]: Column not found: 1054 Unknown column 'type_id' in 'field list' at C:\\laragon\\www\\kantin-DTEDI\\vendor\\laravel\\framework\\src\\Illuminate\\Database\\MySqlConnection.php:39)
[stacktrace]
#0 C:\\laragon\\www\\kantin-DTEDI\\vendor\\laravel\\framework\\src\\Illuminate\\Database\\MySqlConnection.php(39): PDO->prepare('insert into `me...')
#1 C:\\laragon\\www\\kantin-DTEDI\\vendor\\laravel\\framework\\src\\Illuminate\\Database\\Connection.php(816): Illuminate\\Database\\MySqlConnection->Illuminate\\Database\\{closure}('insert into `me...', Array)
#2 C:\\laragon\\www\\kantin-DTEDI\\vendor\\laravel\\framework\\src\\Illuminate\\Database\\Connection.php(783): Illuminate\\Database\\Connection->runQueryCallback('insert into `me...', Array, Object(Closure))
#3 C:\\laragon\\www\\kantin-DTEDI\\vendor\\laravel\\framework\\src\\Illuminate\\Database\\MySqlConnection.php(50): Illuminate\\Database\\Connection->run('insert into `me...', Array, Object(Closure))
#4 C:\\laragon\\www\\kantin-DTEDI\\vendor\\laravel\\framework\\src\\Illuminate\\Database\\Query\\Builder.php(3500): Illuminate\\Database\\MySqlConnection->insert('insert into `me...', Array)
#5 C:\\laragon\\www\\kantin-DTEDI\\database\\seeders\\MenuSeeder.php(17): Illuminate\\Database\\Query\\Builder->insert(Array)
#6 C:\\laragon\\www\\kantin-DTEDI\\vendor\\laravel\\framework\\src\\Illuminate\\Container\\BoundMethod.php(36): Database\\Seeders\\MenuSeeder->run()
#7 C:\\laragon\\www\\kantin-DTEDI\\vendor\\laravel\\framework\\src\\Illuminate\\Container\\Util.php(41): Illuminate\\Container\\BoundMethod::Illuminate\\Container\\{closure}()
#8 C:\\laragon\\www\\kantin-DTEDI\\vendor\\laravel\\framework\\src\\Illuminate\\Container\\BoundMethod.php(93): Illuminate\\Container\\Util::unwrapIfClosure(Object(Closure))
#9 C:\\laragon\\www\\kantin-DTEDI\\vendor\\laravel\\framework\\src\\Illuminate\\Container\\BoundMethod.php(37): Illuminate\\Container\\BoundMethod::callBoundMethod(Object(Illuminate\\Foundation\\Application), Array, Object(Closure))
#10 C:\\laragon\\www\\kantin-DTEDI\\vendor\\laravel\\framework\\src\\Illuminate\\Container\\Container.php(662): Illuminate\\Container\\BoundMethod::call(Object(Illuminate\\Foundation\\Application), Array, Array, NULL)
#11 C:\\laragon\\www\\kantin-DTEDI\\vendor\\laravel\\framework\\src\\Illuminate\\Database\\Seeder.php(184): Illuminate\\Container\\Container->call(Array, Array)
#12 C:\\laragon\\www\\kantin-DTEDI\\vendor\\laravel\\framework\\src\\Illuminate\\Database\\Seeder.php(193): Illuminate\\Database\\Seeder->Illuminate\\Database\\{closure}()
#13 C:\\laragon\\www\\kantin-DTEDI\\vendor\\laravel\\framework\\src\\Illuminate\\Database\\Seeder.php(61): Illuminate\\Database\\Seeder->__invoke(Array)
#14 C:\\laragon\\www\\kantin-DTEDI\\database\\seeders\\DatabaseSeeder.php(16): Illuminate\\Database\\Seeder->call('Database\\\\Seeder...')
#15 C:\\laragon\\www\\kantin-DTEDI\\vendor\\laravel\\framework\\src\\Illuminate\\Container\\BoundMethod.php(36): Database\\Seeders\\DatabaseSeeder->run()
#16 C:\\laragon\\www\\kantin-DTEDI\\vendor\\laravel\\framework\\src\\Illuminate\\Container\\Util.php(41): Illuminate\\Container\\BoundMethod::Illuminate\\Container\\{closure}()
#17 C:\\laragon\\www\\kantin-DTEDI\\vendor\\laravel\\framework\\src\\Illuminate\\Container\\BoundMethod.php(93): Illuminate\\Container\\Util::unwrapIfClosure(Object(Closure))
#18 C:\\laragon\\www\\kantin-DTEDI\\vendor\\laravel\\framework\\src\\Illuminate\\Container\\BoundMethod.php(37): Illuminate\\Container\\BoundMethod::callBoundMethod(Object(Illuminate\\Foundation\\Application), Array, Object(Closure))
#19 C:\\laragon\\www\\kantin-DTEDI\\vendor\\laravel\\framework\\src\\Illuminate\\Container\\Container.php(662): Illuminate\\Container\\BoundMethod::call(Object(Illuminate\\Foundation\\Application), Array, Array, NULL)
#20 C:\\laragon\\www\\kantin-DTEDI\\vendor\\laravel\\framework\\src\\Illuminate\\Database\\Seeder.php(184): Illuminate\\Container\\Container->call(Array, Array)
#21 C:\\laragon\\www\\kantin-DTEDI\\vendor\\laravel\\framework\\src\\Illuminate\\Database\\Seeder.php(193): Illuminate\\Database\\Seeder->Illuminate\\Database\\{closure}()
#22 C:\\laragon\\www\\kantin-DTEDI\\vendor\\laravel\\framework\\src\\Illuminate\\Database\\Console\\Seeds\\SeedCommand.php(70): Illuminate\\Database\\Seeder->__invoke()
#23 C:\\laragon\\www\\kantin-DTEDI\\vendor\\laravel\\framework\\src\\Illuminate\\Database\\Eloquent\\Concerns\\GuardsAttributes.php(155): Illuminate\\Database\\Console\\Seeds\\SeedCommand->Illuminate\\Database\\Console\\Seeds\\{closure}()
#24 C:\\laragon\\www\\kantin-DTEDI\\vendor\\laravel\\framework\\src\\Illuminate\\Database\\Console\\Seeds\\SeedCommand.php(71): Illuminate\\Database\\Eloquent\\Model::unguarded(Object(Closure))
#25 C:\\laragon\\www\\kantin-DTEDI\\vendor\\laravel\\framework\\src\\Illuminate\\Container\\BoundMethod.php(36): Illuminate\\Database\\Console\\Seeds\\SeedCommand->handle()
#26 C:\\laragon\\www\\kantin-DTEDI\\vendor\\laravel\\framework\\src\\Illuminate\\Container\\Util.php(41): Illuminate\\Container\\BoundMethod::Illuminate\\Container\\{closure}()
#27 C:\\laragon\\www\\kantin-DTEDI\\vendor\\laravel\\framework\\src\\Illuminate\\Container\\BoundMethod.php(93): Illuminate\\Container\\Util::unwrapIfClosure(Object(Closure))
#28 C:\\laragon\\www\\kantin-DTEDI\\vendor\\laravel\\framework\\src\\Illuminate\\Container\\BoundMethod.php(37): Illuminate\\Container\\BoundMethod::callBoundMethod(Object(Illuminate\\Foundation\\Application), Array, Object(Closure))
#29 C:\\laragon\\www\\kantin-DTEDI\\vendor\\laravel\\framework\\src\\Illuminate\\Container\\Container.php(662): Illuminate\\Container\\BoundMethod::call(Object(Illuminate\\Foundation\\Application), Array, Array, NULL)
#30 C:\\laragon\\www\\kantin-DTEDI\\vendor\\laravel\\framework\\src\\Illuminate\\Console\\Command.php(211): Illuminate\\Container\\Container->call(Array)
#31 C:\\laragon\\www\\kantin-DTEDI\\vendor\\symfony\\console\\Command\\Command.php(326): Illuminate\\Console\\Command->execute(Object(Symfony\\Component\\Console\\Input\\ArrayInput), Object(Illuminate\\Console\\OutputStyle))
#32 C:\\laragon\\www\\kantin-DTEDI\\vendor\\laravel\\framework\\src\\Illuminate\\Console\\Command.php(181): Symfony\\Component\\Console\\Command\\Command->run(Object(Symfony\\Component\\Console\\Input\\ArrayInput), Object(Illuminate\\Console\\OutputStyle))
#33 C:\\laragon\\www\\kantin-DTEDI\\vendor\\laravel\\framework\\src\\Illuminate\\Console\\Concerns\\CallsCommands.php(68): Illuminate\\Console\\Command->run(Object(Symfony\\Component\\Console\\Input\\ArrayInput), Object(Illuminate\\Console\\OutputStyle))
#34 C:\\laragon\\www\\kantin-DTEDI\\vendor\\laravel\\framework\\src\\Illuminate\\Console\\Concerns\\CallsCommands.php(28): Illuminate\\Console\\Command->runCommand('db:seed', Array, Object(Illuminate\\Console\\OutputStyle))
#35 C:\\laragon\\www\\kantin-DTEDI\\vendor\\laravel\\framework\\src\\Illuminate\\Database\\Console\\Migrations\\RefreshCommand.php(136): Illuminate\\Console\\Command->call('db:seed', Array)
#36 C:\\laragon\\www\\kantin-DTEDI\\vendor\\laravel\\framework\\src\\Illuminate\\Database\\Console\\Migrations\\RefreshCommand.php(75): Illuminate\\Database\\Console\\Migrations\\RefreshCommand->runSeeder(NULL)
#37 C:\\laragon\\www\\kantin-DTEDI\\vendor\\laravel\\framework\\src\\Illuminate\\Container\\BoundMethod.php(36): Illuminate\\Database\\Console\\Migrations\\RefreshCommand->handle()
#38 C:\\laragon\\www\\kantin-DTEDI\\vendor\\laravel\\framework\\src\\Illuminate\\Container\\Util.php(41): Illuminate\\Container\\BoundMethod::Illuminate\\Container\\{closure}()
#39 C:\\laragon\\www\\kantin-DTEDI\\vendor\\laravel\\framework\\src\\Illuminate\\Container\\BoundMethod.php(93): Illuminate\\Container\\Util::unwrapIfClosure(Object(Closure))
#40 C:\\laragon\\www\\kantin-DTEDI\\vendor\\laravel\\framework\\src\\Illuminate\\Container\\BoundMethod.php(37): Illuminate\\Container\\BoundMethod::callBoundMethod(Object(Illuminate\\Foundation\\Application), Array, Object(Closure))
#41 C:\\laragon\\www\\kantin-DTEDI\\vendor\\laravel\\framework\\src\\Illuminate\\Container\\Container.php(662): Illuminate\\Container\\BoundMethod::call(Object(Illuminate\\Foundation\\Application), Array, Array, NULL)
#42 C:\\laragon\\www\\kantin-DTEDI\\vendor\\laravel\\framework\\src\\Illuminate\\Console\\Command.php(211): Illuminate\\Container\\Container->call(Array)
#43 C:\\laragon\\www\\kantin-DTEDI\\vendor\\symfony\\console\\Command\\Command.php(326): Illuminate\\Console\\Command->execute(Object(Symfony\\Component\\Console\\Input\\ArgvInput), Object(Illuminate\\Console\\OutputStyle))
#44 C:\\laragon\\www\\kantin-DTEDI\\vendor\\laravel\\framework\\src\\Illuminate\\Console\\Command.php(181): Symfony\\Component\\Console\\Command\\Command->run(Object(Symfony\\Component\\Console\\Input\\ArgvInput), Object(Illuminate\\Console\\OutputStyle))
#45 C:\\laragon\\www\\kantin-DTEDI\\vendor\\symfony\\console\\Application.php(1096): Illuminate\\Console\\Command->run(Object(Symfony\\Component\\Console\\Input\\ArgvInput), Object(Symfony\\Component\\Console\\Output\\ConsoleOutput))
#46 C:\\laragon\\www\\kantin-DTEDI\\vendor\\symfony\\console\\Application.php(324): Symfony\\Component\\Console\\Application->doRunCommand(Object(Illuminate\\Database\\Console\\Migrations\\RefreshCommand), Object(Symfony\\Component\\Console\\Input\\ArgvInput), Object(Symfony\\Component\\Console\\Output\\ConsoleOutput))
#47 C:\\laragon\\www\\kantin-DTEDI\\vendor\\symfony\\console\\Application.php(175): Symfony\\Component\\Console\\Application->doRun(Object(Symfony\\Component\\Console\\Input\\ArgvInput), Object(Symfony\\Component\\Console\\Output\\ConsoleOutput))
#48 C:\\laragon\\www\\kantin-DTEDI\\vendor\\laravel\\framework\\src\\Illuminate\\Foundation\\Console\\Kernel.php(201): Symfony\\Component\\Console\\Application->run(Object(Symfony\\Component\\Console\\Input\\ArgvInput), Object(Symfony\\Component\\Console\\Output\\ConsoleOutput))
#49 C:\\laragon\\www\\kantin-DTEDI\\artisan(37): Illuminate\\Foundation\\Console\\Kernel->handle(Object(Symfony\\Component\\Console\\Input\\ArgvInput), Object(Symfony\\Component\\Console\\Output\\ConsoleOutput))
#50 {main}
"} 
[2024-11-26 06:43:13] local.ERROR: SQLSTATE[23000]: Integrity constraint violation: 1048 Column 'profile_picture' cannot be null (Connection: mysql, SQL: insert into `supplier` (`income`, `name`, `no_telp`, `profile_picture`, `status`, `username`) values (100000, Supplier A, 123456789, ?, active, supplier_a)) {"exception":"[object] (Illuminate\\Database\\QueryException(code: 23000): SQLSTATE[23000]: Integrity constraint violation: 1048 Column 'profile_picture' cannot be null (Connection: mysql, SQL: insert into `supplier` (`income`, `name`, `no_telp`, `profile_picture`, `status`, `username`) values (100000, Supplier A, 123456789, ?, active, supplier_a)) at C:\\laragon\\www\\kantin-DTEDI\\vendor\\laravel\\framework\\src\\Illuminate\\Database\\Connection.php:829)
[stacktrace]
#0 C:\\laragon\\www\\kantin-DTEDI\\vendor\\laravel\\framework\\src\\Illuminate\\Database\\Connection.php(783): Illuminate\\Database\\Connection->runQueryCallback('insert into `su...', Array, Object(Closure))
#1 C:\\laragon\\www\\kantin-DTEDI\\vendor\\laravel\\framework\\src\\Illuminate\\Database\\MySqlConnection.php(50): Illuminate\\Database\\Connection->run('insert into `su...', Array, Object(Closure))
#2 C:\\laragon\\www\\kantin-DTEDI\\vendor\\laravel\\framework\\src\\Illuminate\\Database\\Query\\Builder.php(3500): Illuminate\\Database\\MySqlConnection->insert('insert into `su...', Array)
#3 C:\\laragon\\www\\kantin-DTEDI\\database\\seeders\\SupplierSeeder.php(17): Illuminate\\Database\\Query\\Builder->insert(Array)
#4 C:\\laragon\\www\\kantin-DTEDI\\vendor\\laravel\\framework\\src\\Illuminate\\Container\\BoundMethod.php(36): Database\\Seeders\\SupplierSeeder->run()
#5 C:\\laragon\\www\\kantin-DTEDI\\vendor\\laravel\\framework\\src\\Illuminate\\Container\\Util.php(41): Illuminate\\Container\\BoundMethod::Illuminate\\Container\\{closure}()
#6 C:\\laragon\\www\\kantin-DTEDI\\vendor\\laravel\\framework\\src\\Illuminate\\Container\\BoundMethod.php(93): Illuminate\\Container\\Util::unwrapIfClosure(Object(Closure))
#7 C:\\laragon\\www\\kantin-DTEDI\\vendor\\laravel\\framework\\src\\Illuminate\\Container\\BoundMethod.php(37): Illuminate\\Container\\BoundMethod::callBoundMethod(Object(Illuminate\\Foundation\\Application), Array, Object(Closure))
#8 C:\\laragon\\www\\kantin-DTEDI\\vendor\\laravel\\framework\\src\\Illuminate\\Container\\Container.php(662): Illuminate\\Container\\BoundMethod::call(Object(Illuminate\\Foundation\\Application), Array, Array, NULL)
#9 C:\\laragon\\www\\kantin-DTEDI\\vendor\\laravel\\framework\\src\\Illuminate\\Database\\Seeder.php(184): Illuminate\\Container\\Container->call(Array, Array)
#10 C:\\laragon\\www\\kantin-DTEDI\\vendor\\laravel\\framework\\src\\Illuminate\\Database\\Seeder.php(193): Illuminate\\Database\\Seeder->Illuminate\\Database\\{closure}()
#11 C:\\laragon\\www\\kantin-DTEDI\\vendor\\laravel\\framework\\src\\Illuminate\\Database\\Seeder.php(61): Illuminate\\Database\\Seeder->__invoke(Array)
#12 C:\\laragon\\www\\kantin-DTEDI\\database\\seeders\\DatabaseSeeder.php(16): Illuminate\\Database\\Seeder->call('Database\\\\Seeder...')
#13 C:\\laragon\\www\\kantin-DTEDI\\vendor\\laravel\\framework\\src\\Illuminate\\Container\\BoundMethod.php(36): Database\\Seeders\\DatabaseSeeder->run()
#14 C:\\laragon\\www\\kantin-DTEDI\\vendor\\laravel\\framework\\src\\Illuminate\\Container\\Util.php(41): Illuminate\\Container\\BoundMethod::Illuminate\\Container\\{closure}()
#15 C:\\laragon\\www\\kantin-DTEDI\\vendor\\laravel\\framework\\src\\Illuminate\\Container\\BoundMethod.php(93): Illuminate\\Container\\Util::unwrapIfClosure(Object(Closure))
#16 C:\\laragon\\www\\kantin-DTEDI\\vendor\\laravel\\framework\\src\\Illuminate\\Container\\BoundMethod.php(37): Illuminate\\Container\\BoundMethod::callBoundMethod(Object(Illuminate\\Foundation\\Application), Array, Object(Closure))
#17 C:\\laragon\\www\\kantin-DTEDI\\vendor\\laravel\\framework\\src\\Illuminate\\Container\\Container.php(662): Illuminate\\Container\\BoundMethod::call(Object(Illuminate\\Foundation\\Application), Array, Array, NULL)
#18 C:\\laragon\\www\\kantin-DTEDI\\vendor\\laravel\\framework\\src\\Illuminate\\Database\\Seeder.php(184): Illuminate\\Container\\Container->call(Array, Array)
#19 C:\\laragon\\www\\kantin-DTEDI\\vendor\\laravel\\framework\\src\\Illuminate\\Database\\Seeder.php(193): Illuminate\\Database\\Seeder->Illuminate\\Database\\{closure}()
#20 C:\\laragon\\www\\kantin-DTEDI\\vendor\\laravel\\framework\\src\\Illuminate\\Database\\Console\\Seeds\\SeedCommand.php(70): Illuminate\\Database\\Seeder->__invoke()
#21 C:\\laragon\\www\\kantin-DTEDI\\vendor\\laravel\\framework\\src\\Illuminate\\Database\\Eloquent\\Concerns\\GuardsAttributes.php(155): Illuminate\\Database\\Console\\Seeds\\SeedCommand->Illuminate\\Database\\Console\\Seeds\\{closure}()
#22 C:\\laragon\\www\\kantin-DTEDI\\vendor\\laravel\\framework\\src\\Illuminate\\Database\\Console\\Seeds\\SeedCommand.php(71): Illuminate\\Database\\Eloquent\\Model::unguarded(Object(Closure))
#23 C:\\laragon\\www\\kantin-DTEDI\\vendor\\laravel\\framework\\src\\Illuminate\\Container\\BoundMethod.php(36): Illuminate\\Database\\Console\\Seeds\\SeedCommand->handle()
#24 C:\\laragon\\www\\kantin-DTEDI\\vendor\\laravel\\framework\\src\\Illuminate\\Container\\Util.php(41): Illuminate\\Container\\BoundMethod::Illuminate\\Container\\{closure}()
#25 C:\\laragon\\www\\kantin-DTEDI\\vendor\\laravel\\framework\\src\\Illuminate\\Container\\BoundMethod.php(93): Illuminate\\Container\\Util::unwrapIfClosure(Object(Closure))
#26 C:\\laragon\\www\\kantin-DTEDI\\vendor\\laravel\\framework\\src\\Illuminate\\Container\\BoundMethod.php(37): Illuminate\\Container\\BoundMethod::callBoundMethod(Object(Illuminate\\Foundation\\Application), Array, Object(Closure))
#27 C:\\laragon\\www\\kantin-DTEDI\\vendor\\laravel\\framework\\src\\Illuminate\\Container\\Container.php(662): Illuminate\\Container\\BoundMethod::call(Object(Illuminate\\Foundation\\Application), Array, Array, NULL)
#28 C:\\laragon\\www\\kantin-DTEDI\\vendor\\laravel\\framework\\src\\Illuminate\\Console\\Command.php(211): Illuminate\\Container\\Container->call(Array)
#29 C:\\laragon\\www\\kantin-DTEDI\\vendor\\symfony\\console\\Command\\Command.php(326): Illuminate\\Console\\Command->execute(Object(Symfony\\Component\\Console\\Input\\ArrayInput), Object(Illuminate\\Console\\OutputStyle))
#30 C:\\laragon\\www\\kantin-DTEDI\\vendor\\laravel\\framework\\src\\Illuminate\\Console\\Command.php(181): Symfony\\Component\\Console\\Command\\Command->run(Object(Symfony\\Component\\Console\\Input\\ArrayInput), Object(Illuminate\\Console\\OutputStyle))
#31 C:\\laragon\\www\\kantin-DTEDI\\vendor\\laravel\\framework\\src\\Illuminate\\Console\\Concerns\\CallsCommands.php(68): Illuminate\\Console\\Command->run(Object(Symfony\\Component\\Console\\Input\\ArrayInput), Object(Illuminate\\Console\\OutputStyle))
#32 C:\\laragon\\www\\kantin-DTEDI\\vendor\\laravel\\framework\\src\\Illuminate\\Console\\Concerns\\CallsCommands.php(28): Illuminate\\Console\\Command->runCommand('db:seed', Array, Object(Illuminate\\Console\\OutputStyle))
#33 C:\\laragon\\www\\kantin-DTEDI\\vendor\\laravel\\framework\\src\\Illuminate\\Database\\Console\\Migrations\\RefreshCommand.php(136): Illuminate\\Console\\Command->call('db:seed', Array)
#34 C:\\laragon\\www\\kantin-DTEDI\\vendor\\laravel\\framework\\src\\Illuminate\\Database\\Console\\Migrations\\RefreshCommand.php(75): Illuminate\\Database\\Console\\Migrations\\RefreshCommand->runSeeder(NULL)
#35 C:\\laragon\\www\\kantin-DTEDI\\vendor\\laravel\\framework\\src\\Illuminate\\Container\\BoundMethod.php(36): Illuminate\\Database\\Console\\Migrations\\RefreshCommand->handle()
#36 C:\\laragon\\www\\kantin-DTEDI\\vendor\\laravel\\framework\\src\\Illuminate\\Container\\Util.php(41): Illuminate\\Container\\BoundMethod::Illuminate\\Container\\{closure}()
#37 C:\\laragon\\www\\kantin-DTEDI\\vendor\\laravel\\framework\\src\\Illuminate\\Container\\BoundMethod.php(93): Illuminate\\Container\\Util::unwrapIfClosure(Object(Closure))
#38 C:\\laragon\\www\\kantin-DTEDI\\vendor\\laravel\\framework\\src\\Illuminate\\Container\\BoundMethod.php(37): Illuminate\\Container\\BoundMethod::callBoundMethod(Object(Illuminate\\Foundation\\Application), Array, Object(Closure))
#39 C:\\laragon\\www\\kantin-DTEDI\\vendor\\laravel\\framework\\src\\Illuminate\\Container\\Container.php(662): Illuminate\\Container\\BoundMethod::call(Object(Illuminate\\Foundation\\Application), Array, Array, NULL)
#40 C:\\laragon\\www\\kantin-DTEDI\\vendor\\laravel\\framework\\src\\Illuminate\\Console\\Command.php(211): Illuminate\\Container\\Container->call(Array)
#41 C:\\laragon\\www\\kantin-DTEDI\\vendor\\symfony\\console\\Command\\Command.php(326): Illuminate\\Console\\Command->execute(Object(Symfony\\Component\\Console\\Input\\ArgvInput), Object(Illuminate\\Console\\OutputStyle))
#42 C:\\laragon\\www\\kantin-DTEDI\\vendor\\laravel\\framework\\src\\Illuminate\\Console\\Command.php(181): Symfony\\Component\\Console\\Command\\Command->run(Object(Symfony\\Component\\Console\\Input\\ArgvInput), Object(Illuminate\\Console\\OutputStyle))
#43 C:\\laragon\\www\\kantin-DTEDI\\vendor\\symfony\\console\\Application.php(1096): Illuminate\\Console\\Command->run(Object(Symfony\\Component\\Console\\Input\\ArgvInput), Object(Symfony\\Component\\Console\\Output\\ConsoleOutput))
#44 C:\\laragon\\www\\kantin-DTEDI\\vendor\\symfony\\console\\Application.php(324): Symfony\\Component\\Console\\Application->doRunCommand(Object(Illuminate\\Database\\Console\\Migrations\\RefreshCommand), Object(Symfony\\Component\\Console\\Input\\ArgvInput), Object(Symfony\\Component\\Console\\Output\\ConsoleOutput))
#45 C:\\laragon\\www\\kantin-DTEDI\\vendor\\symfony\\console\\Application.php(175): Symfony\\Component\\Console\\Application->doRun(Object(Symfony\\Component\\Console\\Input\\ArgvInput), Object(Symfony\\Component\\Console\\Output\\ConsoleOutput))
#46 C:\\laragon\\www\\kantin-DTEDI\\vendor\\laravel\\framework\\src\\Illuminate\\Foundation\\Console\\Kernel.php(201): Symfony\\Component\\Console\\Application->run(Object(Symfony\\Component\\Console\\Input\\ArgvInput), Object(Symfony\\Component\\Console\\Output\\ConsoleOutput))
#47 C:\\laragon\\www\\kantin-DTEDI\\artisan(37): Illuminate\\Foundation\\Console\\Kernel->handle(Object(Symfony\\Component\\Console\\Input\\ArgvInput), Object(Symfony\\Component\\Console\\Output\\ConsoleOutput))
#48 {main}

[previous exception] [object] (PDOException(code: 23000): SQLSTATE[23000]: Integrity constraint violation: 1048 Column 'profile_picture' cannot be null at C:\\laragon\\www\\kantin-DTEDI\\vendor\\laravel\\framework\\src\\Illuminate\\Database\\MySqlConnection.php:45)
[stacktrace]
#0 C:\\laragon\\www\\kantin-DTEDI\\vendor\\laravel\\framework\\src\\Illuminate\\Database\\MySqlConnection.php(45): PDOStatement->execute()
#1 C:\\laragon\\www\\kantin-DTEDI\\vendor\\laravel\\framework\\src\\Illuminate\\Database\\Connection.php(816): Illuminate\\Database\\MySqlConnection->Illuminate\\Database\\{closure}('insert into `su...', Array)
#2 C:\\laragon\\www\\kantin-DTEDI\\vendor\\laravel\\framework\\src\\Illuminate\\Database\\Connection.php(783): Illuminate\\Database\\Connection->runQueryCallback('insert into `su...', Array, Object(Closure))
#3 C:\\laragon\\www\\kantin-DTEDI\\vendor\\laravel\\framework\\src\\Illuminate\\Database\\MySqlConnection.php(50): Illuminate\\Database\\Connection->run('insert into `su...', Array, Object(Closure))
#4 C:\\laragon\\www\\kantin-DTEDI\\vendor\\laravel\\framework\\src\\Illuminate\\Database\\Query\\Builder.php(3500): Illuminate\\Database\\MySqlConnection->insert('insert into `su...', Array)
#5 C:\\laragon\\www\\kantin-DTEDI\\database\\seeders\\SupplierSeeder.php(17): Illuminate\\Database\\Query\\Builder->insert(Array)
#6 C:\\laragon\\www\\kantin-DTEDI\\vendor\\laravel\\framework\\src\\Illuminate\\Container\\BoundMethod.php(36): Database\\Seeders\\SupplierSeeder->run()
#7 C:\\laragon\\www\\kantin-DTEDI\\vendor\\laravel\\framework\\src\\Illuminate\\Container\\Util.php(41): Illuminate\\Container\\BoundMethod::Illuminate\\Container\\{closure}()
#8 C:\\laragon\\www\\kantin-DTEDI\\vendor\\laravel\\framework\\src\\Illuminate\\Container\\BoundMethod.php(93): Illuminate\\Container\\Util::unwrapIfClosure(Object(Closure))
#9 C:\\laragon\\www\\kantin-DTEDI\\vendor\\laravel\\framework\\src\\Illuminate\\Container\\BoundMethod.php(37): Illuminate\\Container\\BoundMethod::callBoundMethod(Object(Illuminate\\Foundation\\Application), Array, Object(Closure))
#10 C:\\laragon\\www\\kantin-DTEDI\\vendor\\laravel\\framework\\src\\Illuminate\\Container\\Container.php(662): Illuminate\\Container\\BoundMethod::call(Object(Illuminate\\Foundation\\Application), Array, Array, NULL)
#11 C:\\laragon\\www\\kantin-DTEDI\\vendor\\laravel\\framework\\src\\Illuminate\\Database\\Seeder.php(184): Illuminate\\Container\\Container->call(Array, Array)
#12 C:\\laragon\\www\\kantin-DTEDI\\vendor\\laravel\\framework\\src\\Illuminate\\Database\\Seeder.php(193): Illuminate\\Database\\Seeder->Illuminate\\Database\\{closure}()
#13 C:\\laragon\\www\\kantin-DTEDI\\vendor\\laravel\\framework\\src\\Illuminate\\Database\\Seeder.php(61): Illuminate\\Database\\Seeder->__invoke(Array)
#14 C:\\laragon\\www\\kantin-DTEDI\\database\\seeders\\DatabaseSeeder.php(16): Illuminate\\Database\\Seeder->call('Database\\\\Seeder...')
#15 C:\\laragon\\www\\kantin-DTEDI\\vendor\\laravel\\framework\\src\\Illuminate\\Container\\BoundMethod.php(36): Database\\Seeders\\DatabaseSeeder->run()
#16 C:\\laragon\\www\\kantin-DTEDI\\vendor\\laravel\\framework\\src\\Illuminate\\Container\\Util.php(41): Illuminate\\Container\\BoundMethod::Illuminate\\Container\\{closure}()
#17 C:\\laragon\\www\\kantin-DTEDI\\vendor\\laravel\\framework\\src\\Illuminate\\Container\\BoundMethod.php(93): Illuminate\\Container\\Util::unwrapIfClosure(Object(Closure))
#18 C:\\laragon\\www\\kantin-DTEDI\\vendor\\laravel\\framework\\src\\Illuminate\\Container\\BoundMethod.php(37): Illuminate\\Container\\BoundMethod::callBoundMethod(Object(Illuminate\\Foundation\\Application), Array, Object(Closure))
#19 C:\\laragon\\www\\kantin-DTEDI\\vendor\\laravel\\framework\\src\\Illuminate\\Container\\Container.php(662): Illuminate\\Container\\BoundMethod::call(Object(Illuminate\\Foundation\\Application), Array, Array, NULL)
#20 C:\\laragon\\www\\kantin-DTEDI\\vendor\\laravel\\framework\\src\\Illuminate\\Database\\Seeder.php(184): Illuminate\\Container\\Container->call(Array, Array)
#21 C:\\laragon\\www\\kantin-DTEDI\\vendor\\laravel\\framework\\src\\Illuminate\\Database\\Seeder.php(193): Illuminate\\Database\\Seeder->Illuminate\\Database\\{closure}()
#22 C:\\laragon\\www\\kantin-DTEDI\\vendor\\laravel\\framework\\src\\Illuminate\\Database\\Console\\Seeds\\SeedCommand.php(70): Illuminate\\Database\\Seeder->__invoke()
#23 C:\\laragon\\www\\kantin-DTEDI\\vendor\\laravel\\framework\\src\\Illuminate\\Database\\Eloquent\\Concerns\\GuardsAttributes.php(155): Illuminate\\Database\\Console\\Seeds\\SeedCommand->Illuminate\\Database\\Console\\Seeds\\{closure}()
#24 C:\\laragon\\www\\kantin-DTEDI\\vendor\\laravel\\framework\\src\\Illuminate\\Database\\Console\\Seeds\\SeedCommand.php(71): Illuminate\\Database\\Eloquent\\Model::unguarded(Object(Closure))
#25 C:\\laragon\\www\\kantin-DTEDI\\vendor\\laravel\\framework\\src\\Illuminate\\Container\\BoundMethod.php(36): Illuminate\\Database\\Console\\Seeds\\SeedCommand->handle()
#26 C:\\laragon\\www\\kantin-DTEDI\\vendor\\laravel\\framework\\src\\Illuminate\\Container\\Util.php(41): Illuminate\\Container\\BoundMethod::Illuminate\\Container\\{closure}()
#27 C:\\laragon\\www\\kantin-DTEDI\\vendor\\laravel\\framework\\src\\Illuminate\\Container\\BoundMethod.php(93): Illuminate\\Container\\Util::unwrapIfClosure(Object(Closure))
#28 C:\\laragon\\www\\kantin-DTEDI\\vendor\\laravel\\framework\\src\\Illuminate\\Container\\BoundMethod.php(37): Illuminate\\Container\\BoundMethod::callBoundMethod(Object(Illuminate\\Foundation\\Application), Array, Object(Closure))
#29 C:\\laragon\\www\\kantin-DTEDI\\vendor\\laravel\\framework\\src\\Illuminate\\Container\\Container.php(662): Illuminate\\Container\\BoundMethod::call(Object(Illuminate\\Foundation\\Application), Array, Array, NULL)
#30 C:\\laragon\\www\\kantin-DTEDI\\vendor\\laravel\\framework\\src\\Illuminate\\Console\\Command.php(211): Illuminate\\Container\\Container->call(Array)
#31 C:\\laragon\\www\\kantin-DTEDI\\vendor\\symfony\\console\\Command\\Command.php(326): Illuminate\\Console\\Command->execute(Object(Symfony\\Component\\Console\\Input\\ArrayInput), Object(Illuminate\\Console\\OutputStyle))
#32 C:\\laragon\\www\\kantin-DTEDI\\vendor\\laravel\\framework\\src\\Illuminate\\Console\\Command.php(181): Symfony\\Component\\Console\\Command\\Command->run(Object(Symfony\\Component\\Console\\Input\\ArrayInput), Object(Illuminate\\Console\\OutputStyle))
#33 C:\\laragon\\www\\kantin-DTEDI\\vendor\\laravel\\framework\\src\\Illuminate\\Console\\Concerns\\CallsCommands.php(68): Illuminate\\Console\\Command->run(Object(Symfony\\Component\\Console\\Input\\ArrayInput), Object(Illuminate\\Console\\OutputStyle))
#34 C:\\laragon\\www\\kantin-DTEDI\\vendor\\laravel\\framework\\src\\Illuminate\\Console\\Concerns\\CallsCommands.php(28): Illuminate\\Console\\Command->runCommand('db:seed', Array, Object(Illuminate\\Console\\OutputStyle))
#35 C:\\laragon\\www\\kantin-DTEDI\\vendor\\laravel\\framework\\src\\Illuminate\\Database\\Console\\Migrations\\RefreshCommand.php(136): Illuminate\\Console\\Command->call('db:seed', Array)
#36 C:\\laragon\\www\\kantin-DTEDI\\vendor\\laravel\\framework\\src\\Illuminate\\Database\\Console\\Migrations\\RefreshCommand.php(75): Illuminate\\Database\\Console\\Migrations\\RefreshCommand->runSeeder(NULL)
#37 C:\\laragon\\www\\kantin-DTEDI\\vendor\\laravel\\framework\\src\\Illuminate\\Container\\BoundMethod.php(36): Illuminate\\Database\\Console\\Migrations\\RefreshCommand->handle()
#38 C:\\laragon\\www\\kantin-DTEDI\\vendor\\laravel\\framework\\src\\Illuminate\\Container\\Util.php(41): Illuminate\\Container\\BoundMethod::Illuminate\\Container\\{closure}()
#39 C:\\laragon\\www\\kantin-DTEDI\\vendor\\laravel\\framework\\src\\Illuminate\\Container\\BoundMethod.php(93): Illuminate\\Container\\Util::unwrapIfClosure(Object(Closure))
#40 C:\\laragon\\www\\kantin-DTEDI\\vendor\\laravel\\framework\\src\\Illuminate\\Container\\BoundMethod.php(37): Illuminate\\Container\\BoundMethod::callBoundMethod(Object(Illuminate\\Foundation\\Application), Array, Object(Closure))
#41 C:\\laragon\\www\\kantin-DTEDI\\vendor\\laravel\\framework\\src\\Illuminate\\Container\\Container.php(662): Illuminate\\Container\\BoundMethod::call(Object(Illuminate\\Foundation\\Application), Array, Array, NULL)
#42 C:\\laragon\\www\\kantin-DTEDI\\vendor\\laravel\\framework\\src\\Illuminate\\Console\\Command.php(211): Illuminate\\Container\\Container->call(Array)
#43 C:\\laragon\\www\\kantin-DTEDI\\vendor\\symfony\\console\\Command\\Command.php(326): Illuminate\\Console\\Command->execute(Object(Symfony\\Component\\Console\\Input\\ArgvInput), Object(Illuminate\\Console\\OutputStyle))
#44 C:\\laragon\\www\\kantin-DTEDI\\vendor\\laravel\\framework\\src\\Illuminate\\Console\\Command.php(181): Symfony\\Component\\Console\\Command\\Command->run(Object(Symfony\\Component\\Console\\Input\\ArgvInput), Object(Illuminate\\Console\\OutputStyle))
#45 C:\\laragon\\www\\kantin-DTEDI\\vendor\\symfony\\console\\Application.php(1096): Illuminate\\Console\\Command->run(Object(Symfony\\Component\\Console\\Input\\ArgvInput), Object(Symfony\\Component\\Console\\Output\\ConsoleOutput))
#46 C:\\laragon\\www\\kantin-DTEDI\\vendor\\symfony\\console\\Application.php(324): Symfony\\Component\\Console\\Application->doRunCommand(Object(Illuminate\\Database\\Console\\Migrations\\RefreshCommand), Object(Symfony\\Component\\Console\\Input\\ArgvInput), Object(Symfony\\Component\\Console\\Output\\ConsoleOutput))
#47 C:\\laragon\\www\\kantin-DTEDI\\vendor\\symfony\\console\\Application.php(175): Symfony\\Component\\Console\\Application->doRun(Object(Symfony\\Component\\Console\\Input\\ArgvInput), Object(Symfony\\Component\\Console\\Output\\ConsoleOutput))
#48 C:\\laragon\\www\\kantin-DTEDI\\vendor\\laravel\\framework\\src\\Illuminate\\Foundation\\Console\\Kernel.php(201): Symfony\\Component\\Console\\Application->run(Object(Symfony\\Component\\Console\\Input\\ArgvInput), Object(Symfony\\Component\\Console\\Output\\ConsoleOutput))
#49 C:\\laragon\\www\\kantin-DTEDI\\artisan(37): Illuminate\\Foundation\\Console\\Kernel->handle(Object(Symfony\\Component\\Console\\Input\\ArgvInput), Object(Symfony\\Component\\Console\\Output\\ConsoleOutput))
#50 {main}
"} 
[2024-11-26 06:43:31] local.ERROR: SQLSTATE[42S22]: Column not found: 1054 Unknown column 'date' in 'field list' (Connection: mysql, SQL: insert into `log` (`action`, `admin_name`, `cashier_id`, `date`) values (Login, Admin User, 1, 2024-11-26 06:43:31)) {"exception":"[object] (Illuminate\\Database\\QueryException(code: 42S22): SQLSTATE[42S22]: Column not found: 1054 Unknown column 'date' in 'field list' (Connection: mysql, SQL: insert into `log` (`action`, `admin_name`, `cashier_id`, `date`) values (Login, Admin User, 1, 2024-11-26 06:43:31)) at C:\\laragon\\www\\kantin-DTEDI\\vendor\\laravel\\framework\\src\\Illuminate\\Database\\Connection.php:829)
[stacktrace]
#0 C:\\laragon\\www\\kantin-DTEDI\\vendor\\laravel\\framework\\src\\Illuminate\\Database\\Connection.php(783): Illuminate\\Database\\Connection->runQueryCallback('insert into `lo...', Array, Object(Closure))
#1 C:\\laragon\\www\\kantin-DTEDI\\vendor\\laravel\\framework\\src\\Illuminate\\Database\\MySqlConnection.php(50): Illuminate\\Database\\Connection->run('insert into `lo...', Array, Object(Closure))
#2 C:\\laragon\\www\\kantin-DTEDI\\vendor\\laravel\\framework\\src\\Illuminate\\Database\\Query\\Builder.php(3500): Illuminate\\Database\\MySqlConnection->insert('insert into `lo...', Array)
#3 C:\\laragon\\www\\kantin-DTEDI\\database\\seeders\\LogSeeder.php(17): Illuminate\\Database\\Query\\Builder->insert(Array)
#4 C:\\laragon\\www\\kantin-DTEDI\\vendor\\laravel\\framework\\src\\Illuminate\\Container\\BoundMethod.php(36): Database\\Seeders\\LogSeeder->run()
#5 C:\\laragon\\www\\kantin-DTEDI\\vendor\\laravel\\framework\\src\\Illuminate\\Container\\Util.php(41): Illuminate\\Container\\BoundMethod::Illuminate\\Container\\{closure}()
#6 C:\\laragon\\www\\kantin-DTEDI\\vendor\\laravel\\framework\\src\\Illuminate\\Container\\BoundMethod.php(93): Illuminate\\Container\\Util::unwrapIfClosure(Object(Closure))
#7 C:\\laragon\\www\\kantin-DTEDI\\vendor\\laravel\\framework\\src\\Illuminate\\Container\\BoundMethod.php(37): Illuminate\\Container\\BoundMethod::callBoundMethod(Object(Illuminate\\Foundation\\Application), Array, Object(Closure))
#8 C:\\laragon\\www\\kantin-DTEDI\\vendor\\laravel\\framework\\src\\Illuminate\\Container\\Container.php(662): Illuminate\\Container\\BoundMethod::call(Object(Illuminate\\Foundation\\Application), Array, Array, NULL)
#9 C:\\laragon\\www\\kantin-DTEDI\\vendor\\laravel\\framework\\src\\Illuminate\\Database\\Seeder.php(184): Illuminate\\Container\\Container->call(Array, Array)
#10 C:\\laragon\\www\\kantin-DTEDI\\vendor\\laravel\\framework\\src\\Illuminate\\Database\\Seeder.php(193): Illuminate\\Database\\Seeder->Illuminate\\Database\\{closure}()
#11 C:\\laragon\\www\\kantin-DTEDI\\vendor\\laravel\\framework\\src\\Illuminate\\Database\\Seeder.php(61): Illuminate\\Database\\Seeder->__invoke(Array)
#12 C:\\laragon\\www\\kantin-DTEDI\\database\\seeders\\DatabaseSeeder.php(16): Illuminate\\Database\\Seeder->call('Database\\\\Seeder...')
#13 C:\\laragon\\www\\kantin-DTEDI\\vendor\\laravel\\framework\\src\\Illuminate\\Container\\BoundMethod.php(36): Database\\Seeders\\DatabaseSeeder->run()
#14 C:\\laragon\\www\\kantin-DTEDI\\vendor\\laravel\\framework\\src\\Illuminate\\Container\\Util.php(41): Illuminate\\Container\\BoundMethod::Illuminate\\Container\\{closure}()
#15 C:\\laragon\\www\\kantin-DTEDI\\vendor\\laravel\\framework\\src\\Illuminate\\Container\\BoundMethod.php(93): Illuminate\\Container\\Util::unwrapIfClosure(Object(Closure))
#16 C:\\laragon\\www\\kantin-DTEDI\\vendor\\laravel\\framework\\src\\Illuminate\\Container\\BoundMethod.php(37): Illuminate\\Container\\BoundMethod::callBoundMethod(Object(Illuminate\\Foundation\\Application), Array, Object(Closure))
#17 C:\\laragon\\www\\kantin-DTEDI\\vendor\\laravel\\framework\\src\\Illuminate\\Container\\Container.php(662): Illuminate\\Container\\BoundMethod::call(Object(Illuminate\\Foundation\\Application), Array, Array, NULL)
#18 C:\\laragon\\www\\kantin-DTEDI\\vendor\\laravel\\framework\\src\\Illuminate\\Database\\Seeder.php(184): Illuminate\\Container\\Container->call(Array, Array)
#19 C:\\laragon\\www\\kantin-DTEDI\\vendor\\laravel\\framework\\src\\Illuminate\\Database\\Seeder.php(193): Illuminate\\Database\\Seeder->Illuminate\\Database\\{closure}()
#20 C:\\laragon\\www\\kantin-DTEDI\\vendor\\laravel\\framework\\src\\Illuminate\\Database\\Console\\Seeds\\SeedCommand.php(70): Illuminate\\Database\\Seeder->__invoke()
#21 C:\\laragon\\www\\kantin-DTEDI\\vendor\\laravel\\framework\\src\\Illuminate\\Database\\Eloquent\\Concerns\\GuardsAttributes.php(155): Illuminate\\Database\\Console\\Seeds\\SeedCommand->Illuminate\\Database\\Console\\Seeds\\{closure}()
#22 C:\\laragon\\www\\kantin-DTEDI\\vendor\\laravel\\framework\\src\\Illuminate\\Database\\Console\\Seeds\\SeedCommand.php(71): Illuminate\\Database\\Eloquent\\Model::unguarded(Object(Closure))
#23 C:\\laragon\\www\\kantin-DTEDI\\vendor\\laravel\\framework\\src\\Illuminate\\Container\\BoundMethod.php(36): Illuminate\\Database\\Console\\Seeds\\SeedCommand->handle()
#24 C:\\laragon\\www\\kantin-DTEDI\\vendor\\laravel\\framework\\src\\Illuminate\\Container\\Util.php(41): Illuminate\\Container\\BoundMethod::Illuminate\\Container\\{closure}()
#25 C:\\laragon\\www\\kantin-DTEDI\\vendor\\laravel\\framework\\src\\Illuminate\\Container\\BoundMethod.php(93): Illuminate\\Container\\Util::unwrapIfClosure(Object(Closure))
#26 C:\\laragon\\www\\kantin-DTEDI\\vendor\\laravel\\framework\\src\\Illuminate\\Container\\BoundMethod.php(37): Illuminate\\Container\\BoundMethod::callBoundMethod(Object(Illuminate\\Foundation\\Application), Array, Object(Closure))
#27 C:\\laragon\\www\\kantin-DTEDI\\vendor\\laravel\\framework\\src\\Illuminate\\Container\\Container.php(662): Illuminate\\Container\\BoundMethod::call(Object(Illuminate\\Foundation\\Application), Array, Array, NULL)
#28 C:\\laragon\\www\\kantin-DTEDI\\vendor\\laravel\\framework\\src\\Illuminate\\Console\\Command.php(211): Illuminate\\Container\\Container->call(Array)
#29 C:\\laragon\\www\\kantin-DTEDI\\vendor\\symfony\\console\\Command\\Command.php(326): Illuminate\\Console\\Command->execute(Object(Symfony\\Component\\Console\\Input\\ArrayInput), Object(Illuminate\\Console\\OutputStyle))
#30 C:\\laragon\\www\\kantin-DTEDI\\vendor\\laravel\\framework\\src\\Illuminate\\Console\\Command.php(181): Symfony\\Component\\Console\\Command\\Command->run(Object(Symfony\\Component\\Console\\Input\\ArrayInput), Object(Illuminate\\Console\\OutputStyle))
#31 C:\\laragon\\www\\kantin-DTEDI\\vendor\\laravel\\framework\\src\\Illuminate\\Console\\Concerns\\CallsCommands.php(68): Illuminate\\Console\\Command->run(Object(Symfony\\Component\\Console\\Input\\ArrayInput), Object(Illuminate\\Console\\OutputStyle))
#32 C:\\laragon\\www\\kantin-DTEDI\\vendor\\laravel\\framework\\src\\Illuminate\\Console\\Concerns\\CallsCommands.php(28): Illuminate\\Console\\Command->runCommand('db:seed', Array, Object(Illuminate\\Console\\OutputStyle))
#33 C:\\laragon\\www\\kantin-DTEDI\\vendor\\laravel\\framework\\src\\Illuminate\\Database\\Console\\Migrations\\RefreshCommand.php(136): Illuminate\\Console\\Command->call('db:seed', Array)
#34 C:\\laragon\\www\\kantin-DTEDI\\vendor\\laravel\\framework\\src\\Illuminate\\Database\\Console\\Migrations\\RefreshCommand.php(75): Illuminate\\Database\\Console\\Migrations\\RefreshCommand->runSeeder(NULL)
#35 C:\\laragon\\www\\kantin-DTEDI\\vendor\\laravel\\framework\\src\\Illuminate\\Container\\BoundMethod.php(36): Illuminate\\Database\\Console\\Migrations\\RefreshCommand->handle()
#36 C:\\laragon\\www\\kantin-DTEDI\\vendor\\laravel\\framework\\src\\Illuminate\\Container\\Util.php(41): Illuminate\\Container\\BoundMethod::Illuminate\\Container\\{closure}()
#37 C:\\laragon\\www\\kantin-DTEDI\\vendor\\laravel\\framework\\src\\Illuminate\\Container\\BoundMethod.php(93): Illuminate\\Container\\Util::unwrapIfClosure(Object(Closure))
#38 C:\\laragon\\www\\kantin-DTEDI\\vendor\\laravel\\framework\\src\\Illuminate\\Container\\BoundMethod.php(37): Illuminate\\Container\\BoundMethod::callBoundMethod(Object(Illuminate\\Foundation\\Application), Array, Object(Closure))
#39 C:\\laragon\\www\\kantin-DTEDI\\vendor\\laravel\\framework\\src\\Illuminate\\Container\\Container.php(662): Illuminate\\Container\\BoundMethod::call(Object(Illuminate\\Foundation\\Application), Array, Array, NULL)
#40 C:\\laragon\\www\\kantin-DTEDI\\vendor\\laravel\\framework\\src\\Illuminate\\Console\\Command.php(211): Illuminate\\Container\\Container->call(Array)
#41 C:\\laragon\\www\\kantin-DTEDI\\vendor\\symfony\\console\\Command\\Command.php(326): Illuminate\\Console\\Command->execute(Object(Symfony\\Component\\Console\\Input\\ArgvInput), Object(Illuminate\\Console\\OutputStyle))
#42 C:\\laragon\\www\\kantin-DTEDI\\vendor\\laravel\\framework\\src\\Illuminate\\Console\\Command.php(181): Symfony\\Component\\Console\\Command\\Command->run(Object(Symfony\\Component\\Console\\Input\\ArgvInput), Object(Illuminate\\Console\\OutputStyle))
#43 C:\\laragon\\www\\kantin-DTEDI\\vendor\\symfony\\console\\Application.php(1096): Illuminate\\Console\\Command->run(Object(Symfony\\Component\\Console\\Input\\ArgvInput), Object(Symfony\\Component\\Console\\Output\\ConsoleOutput))
#44 C:\\laragon\\www\\kantin-DTEDI\\vendor\\symfony\\console\\Application.php(324): Symfony\\Component\\Console\\Application->doRunCommand(Object(Illuminate\\Database\\Console\\Migrations\\RefreshCommand), Object(Symfony\\Component\\Console\\Input\\ArgvInput), Object(Symfony\\Component\\Console\\Output\\ConsoleOutput))
#45 C:\\laragon\\www\\kantin-DTEDI\\vendor\\symfony\\console\\Application.php(175): Symfony\\Component\\Console\\Application->doRun(Object(Symfony\\Component\\Console\\Input\\ArgvInput), Object(Symfony\\Component\\Console\\Output\\ConsoleOutput))
#46 C:\\laragon\\www\\kantin-DTEDI\\vendor\\laravel\\framework\\src\\Illuminate\\Foundation\\Console\\Kernel.php(201): Symfony\\Component\\Console\\Application->run(Object(Symfony\\Component\\Console\\Input\\ArgvInput), Object(Symfony\\Component\\Console\\Output\\ConsoleOutput))
#47 C:\\laragon\\www\\kantin-DTEDI\\artisan(37): Illuminate\\Foundation\\Console\\Kernel->handle(Object(Symfony\\Component\\Console\\Input\\ArgvInput), Object(Symfony\\Component\\Console\\Output\\ConsoleOutput))
#48 {main}

[previous exception] [object] (PDOException(code: 42S22): SQLSTATE[42S22]: Column not found: 1054 Unknown column 'date' in 'field list' at C:\\laragon\\www\\kantin-DTEDI\\vendor\\laravel\\framework\\src\\Illuminate\\Database\\MySqlConnection.php:39)
[stacktrace]
#0 C:\\laragon\\www\\kantin-DTEDI\\vendor\\laravel\\framework\\src\\Illuminate\\Database\\MySqlConnection.php(39): PDO->prepare('insert into `lo...')
#1 C:\\laragon\\www\\kantin-DTEDI\\vendor\\laravel\\framework\\src\\Illuminate\\Database\\Connection.php(816): Illuminate\\Database\\MySqlConnection->Illuminate\\Database\\{closure}('insert into `lo...', Array)
#2 C:\\laragon\\www\\kantin-DTEDI\\vendor\\laravel\\framework\\src\\Illuminate\\Database\\Connection.php(783): Illuminate\\Database\\Connection->runQueryCallback('insert into `lo...', Array, Object(Closure))
#3 C:\\laragon\\www\\kantin-DTEDI\\vendor\\laravel\\framework\\src\\Illuminate\\Database\\MySqlConnection.php(50): Illuminate\\Database\\Connection->run('insert into `lo...', Array, Object(Closure))
#4 C:\\laragon\\www\\kantin-DTEDI\\vendor\\laravel\\framework\\src\\Illuminate\\Database\\Query\\Builder.php(3500): Illuminate\\Database\\MySqlConnection->insert('insert into `lo...', Array)
#5 C:\\laragon\\www\\kantin-DTEDI\\database\\seeders\\LogSeeder.php(17): Illuminate\\Database\\Query\\Builder->insert(Array)
#6 C:\\laragon\\www\\kantin-DTEDI\\vendor\\laravel\\framework\\src\\Illuminate\\Container\\BoundMethod.php(36): Database\\Seeders\\LogSeeder->run()
#7 C:\\laragon\\www\\kantin-DTEDI\\vendor\\laravel\\framework\\src\\Illuminate\\Container\\Util.php(41): Illuminate\\Container\\BoundMethod::Illuminate\\Container\\{closure}()
#8 C:\\laragon\\www\\kantin-DTEDI\\vendor\\laravel\\framework\\src\\Illuminate\\Container\\BoundMethod.php(93): Illuminate\\Container\\Util::unwrapIfClosure(Object(Closure))
#9 C:\\laragon\\www\\kantin-DTEDI\\vendor\\laravel\\framework\\src\\Illuminate\\Container\\BoundMethod.php(37): Illuminate\\Container\\BoundMethod::callBoundMethod(Object(Illuminate\\Foundation\\Application), Array, Object(Closure))
#10 C:\\laragon\\www\\kantin-DTEDI\\vendor\\laravel\\framework\\src\\Illuminate\\Container\\Container.php(662): Illuminate\\Container\\BoundMethod::call(Object(Illuminate\\Foundation\\Application), Array, Array, NULL)
#11 C:\\laragon\\www\\kantin-DTEDI\\vendor\\laravel\\framework\\src\\Illuminate\\Database\\Seeder.php(184): Illuminate\\Container\\Container->call(Array, Array)
#12 C:\\laragon\\www\\kantin-DTEDI\\vendor\\laravel\\framework\\src\\Illuminate\\Database\\Seeder.php(193): Illuminate\\Database\\Seeder->Illuminate\\Database\\{closure}()
#13 C:\\laragon\\www\\kantin-DTEDI\\vendor\\laravel\\framework\\src\\Illuminate\\Database\\Seeder.php(61): Illuminate\\Database\\Seeder->__invoke(Array)
#14 C:\\laragon\\www\\kantin-DTEDI\\database\\seeders\\DatabaseSeeder.php(16): Illuminate\\Database\\Seeder->call('Database\\\\Seeder...')
#15 C:\\laragon\\www\\kantin-DTEDI\\vendor\\laravel\\framework\\src\\Illuminate\\Container\\BoundMethod.php(36): Database\\Seeders\\DatabaseSeeder->run()
#16 C:\\laragon\\www\\kantin-DTEDI\\vendor\\laravel\\framework\\src\\Illuminate\\Container\\Util.php(41): Illuminate\\Container\\BoundMethod::Illuminate\\Container\\{closure}()
#17 C:\\laragon\\www\\kantin-DTEDI\\vendor\\laravel\\framework\\src\\Illuminate\\Container\\BoundMethod.php(93): Illuminate\\Container\\Util::unwrapIfClosure(Object(Closure))
#18 C:\\laragon\\www\\kantin-DTEDI\\vendor\\laravel\\framework\\src\\Illuminate\\Container\\BoundMethod.php(37): Illuminate\\Container\\BoundMethod::callBoundMethod(Object(Illuminate\\Foundation\\Application), Array, Object(Closure))
#19 C:\\laragon\\www\\kantin-DTEDI\\vendor\\laravel\\framework\\src\\Illuminate\\Container\\Container.php(662): Illuminate\\Container\\BoundMethod::call(Object(Illuminate\\Foundation\\Application), Array, Array, NULL)
#20 C:\\laragon\\www\\kantin-DTEDI\\vendor\\laravel\\framework\\src\\Illuminate\\Database\\Seeder.php(184): Illuminate\\Container\\Container->call(Array, Array)
#21 C:\\laragon\\www\\kantin-DTEDI\\vendor\\laravel\\framework\\src\\Illuminate\\Database\\Seeder.php(193): Illuminate\\Database\\Seeder->Illuminate\\Database\\{closure}()
#22 C:\\laragon\\www\\kantin-DTEDI\\vendor\\laravel\\framework\\src\\Illuminate\\Database\\Console\\Seeds\\SeedCommand.php(70): Illuminate\\Database\\Seeder->__invoke()
#23 C:\\laragon\\www\\kantin-DTEDI\\vendor\\laravel\\framework\\src\\Illuminate\\Database\\Eloquent\\Concerns\\GuardsAttributes.php(155): Illuminate\\Database\\Console\\Seeds\\SeedCommand->Illuminate\\Database\\Console\\Seeds\\{closure}()
#24 C:\\laragon\\www\\kantin-DTEDI\\vendor\\laravel\\framework\\src\\Illuminate\\Database\\Console\\Seeds\\SeedCommand.php(71): Illuminate\\Database\\Eloquent\\Model::unguarded(Object(Closure))
#25 C:\\laragon\\www\\kantin-DTEDI\\vendor\\laravel\\framework\\src\\Illuminate\\Container\\BoundMethod.php(36): Illuminate\\Database\\Console\\Seeds\\SeedCommand->handle()
#26 C:\\laragon\\www\\kantin-DTEDI\\vendor\\laravel\\framework\\src\\Illuminate\\Container\\Util.php(41): Illuminate\\Container\\BoundMethod::Illuminate\\Container\\{closure}()
#27 C:\\laragon\\www\\kantin-DTEDI\\vendor\\laravel\\framework\\src\\Illuminate\\Container\\BoundMethod.php(93): Illuminate\\Container\\Util::unwrapIfClosure(Object(Closure))
#28 C:\\laragon\\www\\kantin-DTEDI\\vendor\\laravel\\framework\\src\\Illuminate\\Container\\BoundMethod.php(37): Illuminate\\Container\\BoundMethod::callBoundMethod(Object(Illuminate\\Foundation\\Application), Array, Object(Closure))
#29 C:\\laragon\\www\\kantin-DTEDI\\vendor\\laravel\\framework\\src\\Illuminate\\Container\\Container.php(662): Illuminate\\Container\\BoundMethod::call(Object(Illuminate\\Foundation\\Application), Array, Array, NULL)
#30 C:\\laragon\\www\\kantin-DTEDI\\vendor\\laravel\\framework\\src\\Illuminate\\Console\\Command.php(211): Illuminate\\Container\\Container->call(Array)
#31 C:\\laragon\\www\\kantin-DTEDI\\vendor\\symfony\\console\\Command\\Command.php(326): Illuminate\\Console\\Command->execute(Object(Symfony\\Component\\Console\\Input\\ArrayInput), Object(Illuminate\\Console\\OutputStyle))
#32 C:\\laragon\\www\\kantin-DTEDI\\vendor\\laravel\\framework\\src\\Illuminate\\Console\\Command.php(181): Symfony\\Component\\Console\\Command\\Command->run(Object(Symfony\\Component\\Console\\Input\\ArrayInput), Object(Illuminate\\Console\\OutputStyle))
#33 C:\\laragon\\www\\kantin-DTEDI\\vendor\\laravel\\framework\\src\\Illuminate\\Console\\Concerns\\CallsCommands.php(68): Illuminate\\Console\\Command->run(Object(Symfony\\Component\\Console\\Input\\ArrayInput), Object(Illuminate\\Console\\OutputStyle))
#34 C:\\laragon\\www\\kantin-DTEDI\\vendor\\laravel\\framework\\src\\Illuminate\\Console\\Concerns\\CallsCommands.php(28): Illuminate\\Console\\Command->runCommand('db:seed', Array, Object(Illuminate\\Console\\OutputStyle))
#35 C:\\laragon\\www\\kantin-DTEDI\\vendor\\laravel\\framework\\src\\Illuminate\\Database\\Console\\Migrations\\RefreshCommand.php(136): Illuminate\\Console\\Command->call('db:seed', Array)
#36 C:\\laragon\\www\\kantin-DTEDI\\vendor\\laravel\\framework\\src\\Illuminate\\Database\\Console\\Migrations\\RefreshCommand.php(75): Illuminate\\Database\\Console\\Migrations\\RefreshCommand->runSeeder(NULL)
#37 C:\\laragon\\www\\kantin-DTEDI\\vendor\\laravel\\framework\\src\\Illuminate\\Container\\BoundMethod.php(36): Illuminate\\Database\\Console\\Migrations\\RefreshCommand->handle()
#38 C:\\laragon\\www\\kantin-DTEDI\\vendor\\laravel\\framework\\src\\Illuminate\\Container\\Util.php(41): Illuminate\\Container\\BoundMethod::Illuminate\\Container\\{closure}()
#39 C:\\laragon\\www\\kantin-DTEDI\\vendor\\laravel\\framework\\src\\Illuminate\\Container\\BoundMethod.php(93): Illuminate\\Container\\Util::unwrapIfClosure(Object(Closure))
#40 C:\\laragon\\www\\kantin-DTEDI\\vendor\\laravel\\framework\\src\\Illuminate\\Container\\BoundMethod.php(37): Illuminate\\Container\\BoundMethod::callBoundMethod(Object(Illuminate\\Foundation\\Application), Array, Object(Closure))
#41 C:\\laragon\\www\\kantin-DTEDI\\vendor\\laravel\\framework\\src\\Illuminate\\Container\\Container.php(662): Illuminate\\Container\\BoundMethod::call(Object(Illuminate\\Foundation\\Application), Array, Array, NULL)
#42 C:\\laragon\\www\\kantin-DTEDI\\vendor\\laravel\\framework\\src\\Illuminate\\Console\\Command.php(211): Illuminate\\Container\\Container->call(Array)
#43 C:\\laragon\\www\\kantin-DTEDI\\vendor\\symfony\\console\\Command\\Command.php(326): Illuminate\\Console\\Command->execute(Object(Symfony\\Component\\Console\\Input\\ArgvInput), Object(Illuminate\\Console\\OutputStyle))
#44 C:\\laragon\\www\\kantin-DTEDI\\vendor\\laravel\\framework\\src\\Illuminate\\Console\\Command.php(181): Symfony\\Component\\Console\\Command\\Command->run(Object(Symfony\\Component\\Console\\Input\\ArgvInput), Object(Illuminate\\Console\\OutputStyle))
#45 C:\\laragon\\www\\kantin-DTEDI\\vendor\\symfony\\console\\Application.php(1096): Illuminate\\Console\\Command->run(Object(Symfony\\Component\\Console\\Input\\ArgvInput), Object(Symfony\\Component\\Console\\Output\\ConsoleOutput))
#46 C:\\laragon\\www\\kantin-DTEDI\\vendor\\symfony\\console\\Application.php(324): Symfony\\Component\\Console\\Application->doRunCommand(Object(Illuminate\\Database\\Console\\Migrations\\RefreshCommand), Object(Symfony\\Component\\Console\\Input\\ArgvInput), Object(Symfony\\Component\\Console\\Output\\ConsoleOutput))
#47 C:\\laragon\\www\\kantin-DTEDI\\vendor\\symfony\\console\\Application.php(175): Symfony\\Component\\Console\\Application->doRun(Object(Symfony\\Component\\Console\\Input\\ArgvInput), Object(Symfony\\Component\\Console\\Output\\ConsoleOutput))
#48 C:\\laragon\\www\\kantin-DTEDI\\vendor\\laravel\\framework\\src\\Illuminate\\Foundation\\Console\\Kernel.php(201): Symfony\\Component\\Console\\Application->run(Object(Symfony\\Component\\Console\\Input\\ArgvInput), Object(Symfony\\Component\\Console\\Output\\ConsoleOutput))
#49 C:\\laragon\\www\\kantin-DTEDI\\artisan(37): Illuminate\\Foundation\\Console\\Kernel->handle(Object(Symfony\\Component\\Console\\Input\\ArgvInput), Object(Symfony\\Component\\Console\\Output\\ConsoleOutput))
#50 {main}
"} 
[2024-11-26 06:43:42] local.ERROR: SQLSTATE[42S22]: Column not found: 1054 Unknown column 'profile_picture' in 'field list' (Connection: mysql, SQL: insert into `cashier` (`name`, `no_telp`, `password`, `profile_picture`, `salary`, `status`, `username`) values (Cashier 1, 123456789, $2y$12$RzxJmemV7JyIN3nCvpHLu.E4A9nwP8Bfyp7Ij5S9KsSJ0KgAbbaly, ?, 50000, active, cashier1)) {"exception":"[object] (Illuminate\\Database\\QueryException(code: 42S22): SQLSTATE[42S22]: Column not found: 1054 Unknown column 'profile_picture' in 'field list' (Connection: mysql, SQL: insert into `cashier` (`name`, `no_telp`, `password`, `profile_picture`, `salary`, `status`, `username`) values (Cashier 1, 123456789, $2y$12$RzxJmemV7JyIN3nCvpHLu.E4A9nwP8Bfyp7Ij5S9KsSJ0KgAbbaly, ?, 50000, active, cashier1)) at C:\\laragon\\www\\kantin-DTEDI\\vendor\\laravel\\framework\\src\\Illuminate\\Database\\Connection.php:829)
[stacktrace]
#0 C:\\laragon\\www\\kantin-DTEDI\\vendor\\laravel\\framework\\src\\Illuminate\\Database\\Connection.php(783): Illuminate\\Database\\Connection->runQueryCallback('insert into `ca...', Array, Object(Closure))
#1 C:\\laragon\\www\\kantin-DTEDI\\vendor\\laravel\\framework\\src\\Illuminate\\Database\\MySqlConnection.php(50): Illuminate\\Database\\Connection->run('insert into `ca...', Array, Object(Closure))
#2 C:\\laragon\\www\\kantin-DTEDI\\vendor\\laravel\\framework\\src\\Illuminate\\Database\\Query\\Builder.php(3500): Illuminate\\Database\\MySqlConnection->insert('insert into `ca...', Array)
#3 C:\\laragon\\www\\kantin-DTEDI\\database\\seeders\\CashierSeeder.php(17): Illuminate\\Database\\Query\\Builder->insert(Array)
#4 C:\\laragon\\www\\kantin-DTEDI\\vendor\\laravel\\framework\\src\\Illuminate\\Container\\BoundMethod.php(36): Database\\Seeders\\CashierSeeder->run()
#5 C:\\laragon\\www\\kantin-DTEDI\\vendor\\laravel\\framework\\src\\Illuminate\\Container\\Util.php(41): Illuminate\\Container\\BoundMethod::Illuminate\\Container\\{closure}()
#6 C:\\laragon\\www\\kantin-DTEDI\\vendor\\laravel\\framework\\src\\Illuminate\\Container\\BoundMethod.php(93): Illuminate\\Container\\Util::unwrapIfClosure(Object(Closure))
#7 C:\\laragon\\www\\kantin-DTEDI\\vendor\\laravel\\framework\\src\\Illuminate\\Container\\BoundMethod.php(37): Illuminate\\Container\\BoundMethod::callBoundMethod(Object(Illuminate\\Foundation\\Application), Array, Object(Closure))
#8 C:\\laragon\\www\\kantin-DTEDI\\vendor\\laravel\\framework\\src\\Illuminate\\Container\\Container.php(662): Illuminate\\Container\\BoundMethod::call(Object(Illuminate\\Foundation\\Application), Array, Array, NULL)
#9 C:\\laragon\\www\\kantin-DTEDI\\vendor\\laravel\\framework\\src\\Illuminate\\Database\\Seeder.php(184): Illuminate\\Container\\Container->call(Array, Array)
#10 C:\\laragon\\www\\kantin-DTEDI\\vendor\\laravel\\framework\\src\\Illuminate\\Database\\Seeder.php(193): Illuminate\\Database\\Seeder->Illuminate\\Database\\{closure}()
#11 C:\\laragon\\www\\kantin-DTEDI\\vendor\\laravel\\framework\\src\\Illuminate\\Database\\Seeder.php(61): Illuminate\\Database\\Seeder->__invoke(Array)
#12 C:\\laragon\\www\\kantin-DTEDI\\database\\seeders\\DatabaseSeeder.php(16): Illuminate\\Database\\Seeder->call('Database\\\\Seeder...')
#13 C:\\laragon\\www\\kantin-DTEDI\\vendor\\laravel\\framework\\src\\Illuminate\\Container\\BoundMethod.php(36): Database\\Seeders\\DatabaseSeeder->run()
#14 C:\\laragon\\www\\kantin-DTEDI\\vendor\\laravel\\framework\\src\\Illuminate\\Container\\Util.php(41): Illuminate\\Container\\BoundMethod::Illuminate\\Container\\{closure}()
#15 C:\\laragon\\www\\kantin-DTEDI\\vendor\\laravel\\framework\\src\\Illuminate\\Container\\BoundMethod.php(93): Illuminate\\Container\\Util::unwrapIfClosure(Object(Closure))
#16 C:\\laragon\\www\\kantin-DTEDI\\vendor\\laravel\\framework\\src\\Illuminate\\Container\\BoundMethod.php(37): Illuminate\\Container\\BoundMethod::callBoundMethod(Object(Illuminate\\Foundation\\Application), Array, Object(Closure))
#17 C:\\laragon\\www\\kantin-DTEDI\\vendor\\laravel\\framework\\src\\Illuminate\\Container\\Container.php(662): Illuminate\\Container\\BoundMethod::call(Object(Illuminate\\Foundation\\Application), Array, Array, NULL)
#18 C:\\laragon\\www\\kantin-DTEDI\\vendor\\laravel\\framework\\src\\Illuminate\\Database\\Seeder.php(184): Illuminate\\Container\\Container->call(Array, Array)
#19 C:\\laragon\\www\\kantin-DTEDI\\vendor\\laravel\\framework\\src\\Illuminate\\Database\\Seeder.php(193): Illuminate\\Database\\Seeder->Illuminate\\Database\\{closure}()
#20 C:\\laragon\\www\\kantin-DTEDI\\vendor\\laravel\\framework\\src\\Illuminate\\Database\\Console\\Seeds\\SeedCommand.php(70): Illuminate\\Database\\Seeder->__invoke()
#21 C:\\laragon\\www\\kantin-DTEDI\\vendor\\laravel\\framework\\src\\Illuminate\\Database\\Eloquent\\Concerns\\GuardsAttributes.php(155): Illuminate\\Database\\Console\\Seeds\\SeedCommand->Illuminate\\Database\\Console\\Seeds\\{closure}()
#22 C:\\laragon\\www\\kantin-DTEDI\\vendor\\laravel\\framework\\src\\Illuminate\\Database\\Console\\Seeds\\SeedCommand.php(71): Illuminate\\Database\\Eloquent\\Model::unguarded(Object(Closure))
#23 C:\\laragon\\www\\kantin-DTEDI\\vendor\\laravel\\framework\\src\\Illuminate\\Container\\BoundMethod.php(36): Illuminate\\Database\\Console\\Seeds\\SeedCommand->handle()
#24 C:\\laragon\\www\\kantin-DTEDI\\vendor\\laravel\\framework\\src\\Illuminate\\Container\\Util.php(41): Illuminate\\Container\\BoundMethod::Illuminate\\Container\\{closure}()
#25 C:\\laragon\\www\\kantin-DTEDI\\vendor\\laravel\\framework\\src\\Illuminate\\Container\\BoundMethod.php(93): Illuminate\\Container\\Util::unwrapIfClosure(Object(Closure))
#26 C:\\laragon\\www\\kantin-DTEDI\\vendor\\laravel\\framework\\src\\Illuminate\\Container\\BoundMethod.php(37): Illuminate\\Container\\BoundMethod::callBoundMethod(Object(Illuminate\\Foundation\\Application), Array, Object(Closure))
#27 C:\\laragon\\www\\kantin-DTEDI\\vendor\\laravel\\framework\\src\\Illuminate\\Container\\Container.php(662): Illuminate\\Container\\BoundMethod::call(Object(Illuminate\\Foundation\\Application), Array, Array, NULL)
#28 C:\\laragon\\www\\kantin-DTEDI\\vendor\\laravel\\framework\\src\\Illuminate\\Console\\Command.php(211): Illuminate\\Container\\Container->call(Array)
#29 C:\\laragon\\www\\kantin-DTEDI\\vendor\\symfony\\console\\Command\\Command.php(326): Illuminate\\Console\\Command->execute(Object(Symfony\\Component\\Console\\Input\\ArrayInput), Object(Illuminate\\Console\\OutputStyle))
#30 C:\\laragon\\www\\kantin-DTEDI\\vendor\\laravel\\framework\\src\\Illuminate\\Console\\Command.php(181): Symfony\\Component\\Console\\Command\\Command->run(Object(Symfony\\Component\\Console\\Input\\ArrayInput), Object(Illuminate\\Console\\OutputStyle))
#31 C:\\laragon\\www\\kantin-DTEDI\\vendor\\laravel\\framework\\src\\Illuminate\\Console\\Concerns\\CallsCommands.php(68): Illuminate\\Console\\Command->run(Object(Symfony\\Component\\Console\\Input\\ArrayInput), Object(Illuminate\\Console\\OutputStyle))
#32 C:\\laragon\\www\\kantin-DTEDI\\vendor\\laravel\\framework\\src\\Illuminate\\Console\\Concerns\\CallsCommands.php(28): Illuminate\\Console\\Command->runCommand('db:seed', Array, Object(Illuminate\\Console\\OutputStyle))
#33 C:\\laragon\\www\\kantin-DTEDI\\vendor\\laravel\\framework\\src\\Illuminate\\Database\\Console\\Migrations\\RefreshCommand.php(136): Illuminate\\Console\\Command->call('db:seed', Array)
#34 C:\\laragon\\www\\kantin-DTEDI\\vendor\\laravel\\framework\\src\\Illuminate\\Database\\Console\\Migrations\\RefreshCommand.php(75): Illuminate\\Database\\Console\\Migrations\\RefreshCommand->runSeeder(NULL)
#35 C:\\laragon\\www\\kantin-DTEDI\\vendor\\laravel\\framework\\src\\Illuminate\\Container\\BoundMethod.php(36): Illuminate\\Database\\Console\\Migrations\\RefreshCommand->handle()
#36 C:\\laragon\\www\\kantin-DTEDI\\vendor\\laravel\\framework\\src\\Illuminate\\Container\\Util.php(41): Illuminate\\Container\\BoundMethod::Illuminate\\Container\\{closure}()
#37 C:\\laragon\\www\\kantin-DTEDI\\vendor\\laravel\\framework\\src\\Illuminate\\Container\\BoundMethod.php(93): Illuminate\\Container\\Util::unwrapIfClosure(Object(Closure))
#38 C:\\laragon\\www\\kantin-DTEDI\\vendor\\laravel\\framework\\src\\Illuminate\\Container\\BoundMethod.php(37): Illuminate\\Container\\BoundMethod::callBoundMethod(Object(Illuminate\\Foundation\\Application), Array, Object(Closure))
#39 C:\\laragon\\www\\kantin-DTEDI\\vendor\\laravel\\framework\\src\\Illuminate\\Container\\Container.php(662): Illuminate\\Container\\BoundMethod::call(Object(Illuminate\\Foundation\\Application), Array, Array, NULL)
#40 C:\\laragon\\www\\kantin-DTEDI\\vendor\\laravel\\framework\\src\\Illuminate\\Console\\Command.php(211): Illuminate\\Container\\Container->call(Array)
#41 C:\\laragon\\www\\kantin-DTEDI\\vendor\\symfony\\console\\Command\\Command.php(326): Illuminate\\Console\\Command->execute(Object(Symfony\\Component\\Console\\Input\\ArgvInput), Object(Illuminate\\Console\\OutputStyle))
#42 C:\\laragon\\www\\kantin-DTEDI\\vendor\\laravel\\framework\\src\\Illuminate\\Console\\Command.php(181): Symfony\\Component\\Console\\Command\\Command->run(Object(Symfony\\Component\\Console\\Input\\ArgvInput), Object(Illuminate\\Console\\OutputStyle))
#43 C:\\laragon\\www\\kantin-DTEDI\\vendor\\symfony\\console\\Application.php(1096): Illuminate\\Console\\Command->run(Object(Symfony\\Component\\Console\\Input\\ArgvInput), Object(Symfony\\Component\\Console\\Output\\ConsoleOutput))
#44 C:\\laragon\\www\\kantin-DTEDI\\vendor\\symfony\\console\\Application.php(324): Symfony\\Component\\Console\\Application->doRunCommand(Object(Illuminate\\Database\\Console\\Migrations\\RefreshCommand), Object(Symfony\\Component\\Console\\Input\\ArgvInput), Object(Symfony\\Component\\Console\\Output\\ConsoleOutput))
#45 C:\\laragon\\www\\kantin-DTEDI\\vendor\\symfony\\console\\Application.php(175): Symfony\\Component\\Console\\Application->doRun(Object(Symfony\\Component\\Console\\Input\\ArgvInput), Object(Symfony\\Component\\Console\\Output\\ConsoleOutput))
#46 C:\\laragon\\www\\kantin-DTEDI\\vendor\\laravel\\framework\\src\\Illuminate\\Foundation\\Console\\Kernel.php(201): Symfony\\Component\\Console\\Application->run(Object(Symfony\\Component\\Console\\Input\\ArgvInput), Object(Symfony\\Component\\Console\\Output\\ConsoleOutput))
#47 C:\\laragon\\www\\kantin-DTEDI\\artisan(37): Illuminate\\Foundation\\Console\\Kernel->handle(Object(Symfony\\Component\\Console\\Input\\ArgvInput), Object(Symfony\\Component\\Console\\Output\\ConsoleOutput))
#48 {main}

[previous exception] [object] (PDOException(code: 42S22): SQLSTATE[42S22]: Column not found: 1054 Unknown column 'profile_picture' in 'field list' at C:\\laragon\\www\\kantin-DTEDI\\vendor\\laravel\\framework\\src\\Illuminate\\Database\\MySqlConnection.php:39)
[stacktrace]
#0 C:\\laragon\\www\\kantin-DTEDI\\vendor\\laravel\\framework\\src\\Illuminate\\Database\\MySqlConnection.php(39): PDO->prepare('insert into `ca...')
#1 C:\\laragon\\www\\kantin-DTEDI\\vendor\\laravel\\framework\\src\\Illuminate\\Database\\Connection.php(816): Illuminate\\Database\\MySqlConnection->Illuminate\\Database\\{closure}('insert into `ca...', Array)
#2 C:\\laragon\\www\\kantin-DTEDI\\vendor\\laravel\\framework\\src\\Illuminate\\Database\\Connection.php(783): Illuminate\\Database\\Connection->runQueryCallback('insert into `ca...', Array, Object(Closure))
#3 C:\\laragon\\www\\kantin-DTEDI\\vendor\\laravel\\framework\\src\\Illuminate\\Database\\MySqlConnection.php(50): Illuminate\\Database\\Connection->run('insert into `ca...', Array, Object(Closure))
#4 C:\\laragon\\www\\kantin-DTEDI\\vendor\\laravel\\framework\\src\\Illuminate\\Database\\Query\\Builder.php(3500): Illuminate\\Database\\MySqlConnection->insert('insert into `ca...', Array)
#5 C:\\laragon\\www\\kantin-DTEDI\\database\\seeders\\CashierSeeder.php(17): Illuminate\\Database\\Query\\Builder->insert(Array)
#6 C:\\laragon\\www\\kantin-DTEDI\\vendor\\laravel\\framework\\src\\Illuminate\\Container\\BoundMethod.php(36): Database\\Seeders\\CashierSeeder->run()
#7 C:\\laragon\\www\\kantin-DTEDI\\vendor\\laravel\\framework\\src\\Illuminate\\Container\\Util.php(41): Illuminate\\Container\\BoundMethod::Illuminate\\Container\\{closure}()
#8 C:\\laragon\\www\\kantin-DTEDI\\vendor\\laravel\\framework\\src\\Illuminate\\Container\\BoundMethod.php(93): Illuminate\\Container\\Util::unwrapIfClosure(Object(Closure))
#9 C:\\laragon\\www\\kantin-DTEDI\\vendor\\laravel\\framework\\src\\Illuminate\\Container\\BoundMethod.php(37): Illuminate\\Container\\BoundMethod::callBoundMethod(Object(Illuminate\\Foundation\\Application), Array, Object(Closure))
#10 C:\\laragon\\www\\kantin-DTEDI\\vendor\\laravel\\framework\\src\\Illuminate\\Container\\Container.php(662): Illuminate\\Container\\BoundMethod::call(Object(Illuminate\\Foundation\\Application), Array, Array, NULL)
#11 C:\\laragon\\www\\kantin-DTEDI\\vendor\\laravel\\framework\\src\\Illuminate\\Database\\Seeder.php(184): Illuminate\\Container\\Container->call(Array, Array)
#12 C:\\laragon\\www\\kantin-DTEDI\\vendor\\laravel\\framework\\src\\Illuminate\\Database\\Seeder.php(193): Illuminate\\Database\\Seeder->Illuminate\\Database\\{closure}()
#13 C:\\laragon\\www\\kantin-DTEDI\\vendor\\laravel\\framework\\src\\Illuminate\\Database\\Seeder.php(61): Illuminate\\Database\\Seeder->__invoke(Array)
#14 C:\\laragon\\www\\kantin-DTEDI\\database\\seeders\\DatabaseSeeder.php(16): Illuminate\\Database\\Seeder->call('Database\\\\Seeder...')
#15 C:\\laragon\\www\\kantin-DTEDI\\vendor\\laravel\\framework\\src\\Illuminate\\Container\\BoundMethod.php(36): Database\\Seeders\\DatabaseSeeder->run()
#16 C:\\laragon\\www\\kantin-DTEDI\\vendor\\laravel\\framework\\src\\Illuminate\\Container\\Util.php(41): Illuminate\\Container\\BoundMethod::Illuminate\\Container\\{closure}()
#17 C:\\laragon\\www\\kantin-DTEDI\\vendor\\laravel\\framework\\src\\Illuminate\\Container\\BoundMethod.php(93): Illuminate\\Container\\Util::unwrapIfClosure(Object(Closure))
#18 C:\\laragon\\www\\kantin-DTEDI\\vendor\\laravel\\framework\\src\\Illuminate\\Container\\BoundMethod.php(37): Illuminate\\Container\\BoundMethod::callBoundMethod(Object(Illuminate\\Foundation\\Application), Array, Object(Closure))
#19 C:\\laragon\\www\\kantin-DTEDI\\vendor\\laravel\\framework\\src\\Illuminate\\Container\\Container.php(662): Illuminate\\Container\\BoundMethod::call(Object(Illuminate\\Foundation\\Application), Array, Array, NULL)
#20 C:\\laragon\\www\\kantin-DTEDI\\vendor\\laravel\\framework\\src\\Illuminate\\Database\\Seeder.php(184): Illuminate\\Container\\Container->call(Array, Array)
#21 C:\\laragon\\www\\kantin-DTEDI\\vendor\\laravel\\framework\\src\\Illuminate\\Database\\Seeder.php(193): Illuminate\\Database\\Seeder->Illuminate\\Database\\{closure}()
#22 C:\\laragon\\www\\kantin-DTEDI\\vendor\\laravel\\framework\\src\\Illuminate\\Database\\Console\\Seeds\\SeedCommand.php(70): Illuminate\\Database\\Seeder->__invoke()
#23 C:\\laragon\\www\\kantin-DTEDI\\vendor\\laravel\\framework\\src\\Illuminate\\Database\\Eloquent\\Concerns\\GuardsAttributes.php(155): Illuminate\\Database\\Console\\Seeds\\SeedCommand->Illuminate\\Database\\Console\\Seeds\\{closure}()
#24 C:\\laragon\\www\\kantin-DTEDI\\vendor\\laravel\\framework\\src\\Illuminate\\Database\\Console\\Seeds\\SeedCommand.php(71): Illuminate\\Database\\Eloquent\\Model::unguarded(Object(Closure))
#25 C:\\laragon\\www\\kantin-DTEDI\\vendor\\laravel\\framework\\src\\Illuminate\\Container\\BoundMethod.php(36): Illuminate\\Database\\Console\\Seeds\\SeedCommand->handle()
#26 C:\\laragon\\www\\kantin-DTEDI\\vendor\\laravel\\framework\\src\\Illuminate\\Container\\Util.php(41): Illuminate\\Container\\BoundMethod::Illuminate\\Container\\{closure}()
#27 C:\\laragon\\www\\kantin-DTEDI\\vendor\\laravel\\framework\\src\\Illuminate\\Container\\BoundMethod.php(93): Illuminate\\Container\\Util::unwrapIfClosure(Object(Closure))
#28 C:\\laragon\\www\\kantin-DTEDI\\vendor\\laravel\\framework\\src\\Illuminate\\Container\\BoundMethod.php(37): Illuminate\\Container\\BoundMethod::callBoundMethod(Object(Illuminate\\Foundation\\Application), Array, Object(Closure))
#29 C:\\laragon\\www\\kantin-DTEDI\\vendor\\laravel\\framework\\src\\Illuminate\\Container\\Container.php(662): Illuminate\\Container\\BoundMethod::call(Object(Illuminate\\Foundation\\Application), Array, Array, NULL)
#30 C:\\laragon\\www\\kantin-DTEDI\\vendor\\laravel\\framework\\src\\Illuminate\\Console\\Command.php(211): Illuminate\\Container\\Container->call(Array)
#31 C:\\laragon\\www\\kantin-DTEDI\\vendor\\symfony\\console\\Command\\Command.php(326): Illuminate\\Console\\Command->execute(Object(Symfony\\Component\\Console\\Input\\ArrayInput), Object(Illuminate\\Console\\OutputStyle))
#32 C:\\laragon\\www\\kantin-DTEDI\\vendor\\laravel\\framework\\src\\Illuminate\\Console\\Command.php(181): Symfony\\Component\\Console\\Command\\Command->run(Object(Symfony\\Component\\Console\\Input\\ArrayInput), Object(Illuminate\\Console\\OutputStyle))
#33 C:\\laragon\\www\\kantin-DTEDI\\vendor\\laravel\\framework\\src\\Illuminate\\Console\\Concerns\\CallsCommands.php(68): Illuminate\\Console\\Command->run(Object(Symfony\\Component\\Console\\Input\\ArrayInput), Object(Illuminate\\Console\\OutputStyle))
#34 C:\\laragon\\www\\kantin-DTEDI\\vendor\\laravel\\framework\\src\\Illuminate\\Console\\Concerns\\CallsCommands.php(28): Illuminate\\Console\\Command->runCommand('db:seed', Array, Object(Illuminate\\Console\\OutputStyle))
#35 C:\\laragon\\www\\kantin-DTEDI\\vendor\\laravel\\framework\\src\\Illuminate\\Database\\Console\\Migrations\\RefreshCommand.php(136): Illuminate\\Console\\Command->call('db:seed', Array)
#36 C:\\laragon\\www\\kantin-DTEDI\\vendor\\laravel\\framework\\src\\Illuminate\\Database\\Console\\Migrations\\RefreshCommand.php(75): Illuminate\\Database\\Console\\Migrations\\RefreshCommand->runSeeder(NULL)
#37 C:\\laragon\\www\\kantin-DTEDI\\vendor\\laravel\\framework\\src\\Illuminate\\Container\\BoundMethod.php(36): Illuminate\\Database\\Console\\Migrations\\RefreshCommand->handle()
#38 C:\\laragon\\www\\kantin-DTEDI\\vendor\\laravel\\framework\\src\\Illuminate\\Container\\Util.php(41): Illuminate\\Container\\BoundMethod::Illuminate\\Container\\{closure}()
#39 C:\\laragon\\www\\kantin-DTEDI\\vendor\\laravel\\framework\\src\\Illuminate\\Container\\BoundMethod.php(93): Illuminate\\Container\\Util::unwrapIfClosure(Object(Closure))
#40 C:\\laragon\\www\\kantin-DTEDI\\vendor\\laravel\\framework\\src\\Illuminate\\Container\\BoundMethod.php(37): Illuminate\\Container\\BoundMethod::callBoundMethod(Object(Illuminate\\Foundation\\Application), Array, Object(Closure))
#41 C:\\laragon\\www\\kantin-DTEDI\\vendor\\laravel\\framework\\src\\Illuminate\\Container\\Container.php(662): Illuminate\\Container\\BoundMethod::call(Object(Illuminate\\Foundation\\Application), Array, Array, NULL)
#42 C:\\laragon\\www\\kantin-DTEDI\\vendor\\laravel\\framework\\src\\Illuminate\\Console\\Command.php(211): Illuminate\\Container\\Container->call(Array)
#43 C:\\laragon\\www\\kantin-DTEDI\\vendor\\symfony\\console\\Command\\Command.php(326): Illuminate\\Console\\Command->execute(Object(Symfony\\Component\\Console\\Input\\ArgvInput), Object(Illuminate\\Console\\OutputStyle))
#44 C:\\laragon\\www\\kantin-DTEDI\\vendor\\laravel\\framework\\src\\Illuminate\\Console\\Command.php(181): Symfony\\Component\\Console\\Command\\Command->run(Object(Symfony\\Component\\Console\\Input\\ArgvInput), Object(Illuminate\\Console\\OutputStyle))
#45 C:\\laragon\\www\\kantin-DTEDI\\vendor\\symfony\\console\\Application.php(1096): Illuminate\\Console\\Command->run(Object(Symfony\\Component\\Console\\Input\\ArgvInput), Object(Symfony\\Component\\Console\\Output\\ConsoleOutput))
#46 C:\\laragon\\www\\kantin-DTEDI\\vendor\\symfony\\console\\Application.php(324): Symfony\\Component\\Console\\Application->doRunCommand(Object(Illuminate\\Database\\Console\\Migrations\\RefreshCommand), Object(Symfony\\Component\\Console\\Input\\ArgvInput), Object(Symfony\\Component\\Console\\Output\\ConsoleOutput))
#47 C:\\laragon\\www\\kantin-DTEDI\\vendor\\symfony\\console\\Application.php(175): Symfony\\Component\\Console\\Application->doRun(Object(Symfony\\Component\\Console\\Input\\ArgvInput), Object(Symfony\\Component\\Console\\Output\\ConsoleOutput))
#48 C:\\laragon\\www\\kantin-DTEDI\\vendor\\laravel\\framework\\src\\Illuminate\\Foundation\\Console\\Kernel.php(201): Symfony\\Component\\Console\\Application->run(Object(Symfony\\Component\\Console\\Input\\ArgvInput), Object(Symfony\\Component\\Console\\Output\\ConsoleOutput))
#49 C:\\laragon\\www\\kantin-DTEDI\\artisan(37): Illuminate\\Foundation\\Console\\Kernel->handle(Object(Symfony\\Component\\Console\\Input\\ArgvInput), Object(Symfony\\Component\\Console\\Output\\ConsoleOutput))
#50 {main}
"} 
[2024-11-26 06:43:56] local.ERROR: SQLSTATE[42S22]: Column not found: 1054 Unknown column 'profile_picture' in 'field list' (Connection: mysql, SQL: insert into `cashier` (`name`, `no_telp`, `password`, `profile_picture`, `salary`, `status`, `username`) values (Cashier 1, 123456789, $2y$12$dwYtAtIKmnpYKQMYYQBf0.TcXpF0pKwONs75VBybkVyCC00/eUrgq, path, 50000, active, cashier1)) {"exception":"[object] (Illuminate\\Database\\QueryException(code: 42S22): SQLSTATE[42S22]: Column not found: 1054 Unknown column 'profile_picture' in 'field list' (Connection: mysql, SQL: insert into `cashier` (`name`, `no_telp`, `password`, `profile_picture`, `salary`, `status`, `username`) values (Cashier 1, 123456789, $2y$12$dwYtAtIKmnpYKQMYYQBf0.TcXpF0pKwONs75VBybkVyCC00/eUrgq, path, 50000, active, cashier1)) at C:\\laragon\\www\\kantin-DTEDI\\vendor\\laravel\\framework\\src\\Illuminate\\Database\\Connection.php:829)
[stacktrace]
#0 C:\\laragon\\www\\kantin-DTEDI\\vendor\\laravel\\framework\\src\\Illuminate\\Database\\Connection.php(783): Illuminate\\Database\\Connection->runQueryCallback('insert into `ca...', Array, Object(Closure))
#1 C:\\laragon\\www\\kantin-DTEDI\\vendor\\laravel\\framework\\src\\Illuminate\\Database\\MySqlConnection.php(50): Illuminate\\Database\\Connection->run('insert into `ca...', Array, Object(Closure))
#2 C:\\laragon\\www\\kantin-DTEDI\\vendor\\laravel\\framework\\src\\Illuminate\\Database\\Query\\Builder.php(3500): Illuminate\\Database\\MySqlConnection->insert('insert into `ca...', Array)
#3 C:\\laragon\\www\\kantin-DTEDI\\database\\seeders\\CashierSeeder.php(17): Illuminate\\Database\\Query\\Builder->insert(Array)
#4 C:\\laragon\\www\\kantin-DTEDI\\vendor\\laravel\\framework\\src\\Illuminate\\Container\\BoundMethod.php(36): Database\\Seeders\\CashierSeeder->run()
#5 C:\\laragon\\www\\kantin-DTEDI\\vendor\\laravel\\framework\\src\\Illuminate\\Container\\Util.php(41): Illuminate\\Container\\BoundMethod::Illuminate\\Container\\{closure}()
#6 C:\\laragon\\www\\kantin-DTEDI\\vendor\\laravel\\framework\\src\\Illuminate\\Container\\BoundMethod.php(93): Illuminate\\Container\\Util::unwrapIfClosure(Object(Closure))
#7 C:\\laragon\\www\\kantin-DTEDI\\vendor\\laravel\\framework\\src\\Illuminate\\Container\\BoundMethod.php(37): Illuminate\\Container\\BoundMethod::callBoundMethod(Object(Illuminate\\Foundation\\Application), Array, Object(Closure))
#8 C:\\laragon\\www\\kantin-DTEDI\\vendor\\laravel\\framework\\src\\Illuminate\\Container\\Container.php(662): Illuminate\\Container\\BoundMethod::call(Object(Illuminate\\Foundation\\Application), Array, Array, NULL)
#9 C:\\laragon\\www\\kantin-DTEDI\\vendor\\laravel\\framework\\src\\Illuminate\\Database\\Seeder.php(184): Illuminate\\Container\\Container->call(Array, Array)
#10 C:\\laragon\\www\\kantin-DTEDI\\vendor\\laravel\\framework\\src\\Illuminate\\Database\\Seeder.php(193): Illuminate\\Database\\Seeder->Illuminate\\Database\\{closure}()
#11 C:\\laragon\\www\\kantin-DTEDI\\vendor\\laravel\\framework\\src\\Illuminate\\Database\\Seeder.php(61): Illuminate\\Database\\Seeder->__invoke(Array)
#12 C:\\laragon\\www\\kantin-DTEDI\\database\\seeders\\DatabaseSeeder.php(16): Illuminate\\Database\\Seeder->call('Database\\\\Seeder...')
#13 C:\\laragon\\www\\kantin-DTEDI\\vendor\\laravel\\framework\\src\\Illuminate\\Container\\BoundMethod.php(36): Database\\Seeders\\DatabaseSeeder->run()
#14 C:\\laragon\\www\\kantin-DTEDI\\vendor\\laravel\\framework\\src\\Illuminate\\Container\\Util.php(41): Illuminate\\Container\\BoundMethod::Illuminate\\Container\\{closure}()
#15 C:\\laragon\\www\\kantin-DTEDI\\vendor\\laravel\\framework\\src\\Illuminate\\Container\\BoundMethod.php(93): Illuminate\\Container\\Util::unwrapIfClosure(Object(Closure))
#16 C:\\laragon\\www\\kantin-DTEDI\\vendor\\laravel\\framework\\src\\Illuminate\\Container\\BoundMethod.php(37): Illuminate\\Container\\BoundMethod::callBoundMethod(Object(Illuminate\\Foundation\\Application), Array, Object(Closure))
#17 C:\\laragon\\www\\kantin-DTEDI\\vendor\\laravel\\framework\\src\\Illuminate\\Container\\Container.php(662): Illuminate\\Container\\BoundMethod::call(Object(Illuminate\\Foundation\\Application), Array, Array, NULL)
#18 C:\\laragon\\www\\kantin-DTEDI\\vendor\\laravel\\framework\\src\\Illuminate\\Database\\Seeder.php(184): Illuminate\\Container\\Container->call(Array, Array)
#19 C:\\laragon\\www\\kantin-DTEDI\\vendor\\laravel\\framework\\src\\Illuminate\\Database\\Seeder.php(193): Illuminate\\Database\\Seeder->Illuminate\\Database\\{closure}()
#20 C:\\laragon\\www\\kantin-DTEDI\\vendor\\laravel\\framework\\src\\Illuminate\\Database\\Console\\Seeds\\SeedCommand.php(70): Illuminate\\Database\\Seeder->__invoke()
#21 C:\\laragon\\www\\kantin-DTEDI\\vendor\\laravel\\framework\\src\\Illuminate\\Database\\Eloquent\\Concerns\\GuardsAttributes.php(155): Illuminate\\Database\\Console\\Seeds\\SeedCommand->Illuminate\\Database\\Console\\Seeds\\{closure}()
#22 C:\\laragon\\www\\kantin-DTEDI\\vendor\\laravel\\framework\\src\\Illuminate\\Database\\Console\\Seeds\\SeedCommand.php(71): Illuminate\\Database\\Eloquent\\Model::unguarded(Object(Closure))
#23 C:\\laragon\\www\\kantin-DTEDI\\vendor\\laravel\\framework\\src\\Illuminate\\Container\\BoundMethod.php(36): Illuminate\\Database\\Console\\Seeds\\SeedCommand->handle()
#24 C:\\laragon\\www\\kantin-DTEDI\\vendor\\laravel\\framework\\src\\Illuminate\\Container\\Util.php(41): Illuminate\\Container\\BoundMethod::Illuminate\\Container\\{closure}()
#25 C:\\laragon\\www\\kantin-DTEDI\\vendor\\laravel\\framework\\src\\Illuminate\\Container\\BoundMethod.php(93): Illuminate\\Container\\Util::unwrapIfClosure(Object(Closure))
#26 C:\\laragon\\www\\kantin-DTEDI\\vendor\\laravel\\framework\\src\\Illuminate\\Container\\BoundMethod.php(37): Illuminate\\Container\\BoundMethod::callBoundMethod(Object(Illuminate\\Foundation\\Application), Array, Object(Closure))
#27 C:\\laragon\\www\\kantin-DTEDI\\vendor\\laravel\\framework\\src\\Illuminate\\Container\\Container.php(662): Illuminate\\Container\\BoundMethod::call(Object(Illuminate\\Foundation\\Application), Array, Array, NULL)
#28 C:\\laragon\\www\\kantin-DTEDI\\vendor\\laravel\\framework\\src\\Illuminate\\Console\\Command.php(211): Illuminate\\Container\\Container->call(Array)
#29 C:\\laragon\\www\\kantin-DTEDI\\vendor\\symfony\\console\\Command\\Command.php(326): Illuminate\\Console\\Command->execute(Object(Symfony\\Component\\Console\\Input\\ArrayInput), Object(Illuminate\\Console\\OutputStyle))
#30 C:\\laragon\\www\\kantin-DTEDI\\vendor\\laravel\\framework\\src\\Illuminate\\Console\\Command.php(181): Symfony\\Component\\Console\\Command\\Command->run(Object(Symfony\\Component\\Console\\Input\\ArrayInput), Object(Illuminate\\Console\\OutputStyle))
#31 C:\\laragon\\www\\kantin-DTEDI\\vendor\\laravel\\framework\\src\\Illuminate\\Console\\Concerns\\CallsCommands.php(68): Illuminate\\Console\\Command->run(Object(Symfony\\Component\\Console\\Input\\ArrayInput), Object(Illuminate\\Console\\OutputStyle))
#32 C:\\laragon\\www\\kantin-DTEDI\\vendor\\laravel\\framework\\src\\Illuminate\\Console\\Concerns\\CallsCommands.php(28): Illuminate\\Console\\Command->runCommand('db:seed', Array, Object(Illuminate\\Console\\OutputStyle))
#33 C:\\laragon\\www\\kantin-DTEDI\\vendor\\laravel\\framework\\src\\Illuminate\\Database\\Console\\Migrations\\RefreshCommand.php(136): Illuminate\\Console\\Command->call('db:seed', Array)
#34 C:\\laragon\\www\\kantin-DTEDI\\vendor\\laravel\\framework\\src\\Illuminate\\Database\\Console\\Migrations\\RefreshCommand.php(75): Illuminate\\Database\\Console\\Migrations\\RefreshCommand->runSeeder(NULL)
#35 C:\\laragon\\www\\kantin-DTEDI\\vendor\\laravel\\framework\\src\\Illuminate\\Container\\BoundMethod.php(36): Illuminate\\Database\\Console\\Migrations\\RefreshCommand->handle()
#36 C:\\laragon\\www\\kantin-DTEDI\\vendor\\laravel\\framework\\src\\Illuminate\\Container\\Util.php(41): Illuminate\\Container\\BoundMethod::Illuminate\\Container\\{closure}()
#37 C:\\laragon\\www\\kantin-DTEDI\\vendor\\laravel\\framework\\src\\Illuminate\\Container\\BoundMethod.php(93): Illuminate\\Container\\Util::unwrapIfClosure(Object(Closure))
#38 C:\\laragon\\www\\kantin-DTEDI\\vendor\\laravel\\framework\\src\\Illuminate\\Container\\BoundMethod.php(37): Illuminate\\Container\\BoundMethod::callBoundMethod(Object(Illuminate\\Foundation\\Application), Array, Object(Closure))
#39 C:\\laragon\\www\\kantin-DTEDI\\vendor\\laravel\\framework\\src\\Illuminate\\Container\\Container.php(662): Illuminate\\Container\\BoundMethod::call(Object(Illuminate\\Foundation\\Application), Array, Array, NULL)
#40 C:\\laragon\\www\\kantin-DTEDI\\vendor\\laravel\\framework\\src\\Illuminate\\Console\\Command.php(211): Illuminate\\Container\\Container->call(Array)
#41 C:\\laragon\\www\\kantin-DTEDI\\vendor\\symfony\\console\\Command\\Command.php(326): Illuminate\\Console\\Command->execute(Object(Symfony\\Component\\Console\\Input\\ArgvInput), Object(Illuminate\\Console\\OutputStyle))
#42 C:\\laragon\\www\\kantin-DTEDI\\vendor\\laravel\\framework\\src\\Illuminate\\Console\\Command.php(181): Symfony\\Component\\Console\\Command\\Command->run(Object(Symfony\\Component\\Console\\Input\\ArgvInput), Object(Illuminate\\Console\\OutputStyle))
#43 C:\\laragon\\www\\kantin-DTEDI\\vendor\\symfony\\console\\Application.php(1096): Illuminate\\Console\\Command->run(Object(Symfony\\Component\\Console\\Input\\ArgvInput), Object(Symfony\\Component\\Console\\Output\\ConsoleOutput))
#44 C:\\laragon\\www\\kantin-DTEDI\\vendor\\symfony\\console\\Application.php(324): Symfony\\Component\\Console\\Application->doRunCommand(Object(Illuminate\\Database\\Console\\Migrations\\RefreshCommand), Object(Symfony\\Component\\Console\\Input\\ArgvInput), Object(Symfony\\Component\\Console\\Output\\ConsoleOutput))
#45 C:\\laragon\\www\\kantin-DTEDI\\vendor\\symfony\\console\\Application.php(175): Symfony\\Component\\Console\\Application->doRun(Object(Symfony\\Component\\Console\\Input\\ArgvInput), Object(Symfony\\Component\\Console\\Output\\ConsoleOutput))
#46 C:\\laragon\\www\\kantin-DTEDI\\vendor\\laravel\\framework\\src\\Illuminate\\Foundation\\Console\\Kernel.php(201): Symfony\\Component\\Console\\Application->run(Object(Symfony\\Component\\Console\\Input\\ArgvInput), Object(Symfony\\Component\\Console\\Output\\ConsoleOutput))
#47 C:\\laragon\\www\\kantin-DTEDI\\artisan(37): Illuminate\\Foundation\\Console\\Kernel->handle(Object(Symfony\\Component\\Console\\Input\\ArgvInput), Object(Symfony\\Component\\Console\\Output\\ConsoleOutput))
#48 {main}

[previous exception] [object] (PDOException(code: 42S22): SQLSTATE[42S22]: Column not found: 1054 Unknown column 'profile_picture' in 'field list' at C:\\laragon\\www\\kantin-DTEDI\\vendor\\laravel\\framework\\src\\Illuminate\\Database\\MySqlConnection.php:39)
[stacktrace]
#0 C:\\laragon\\www\\kantin-DTEDI\\vendor\\laravel\\framework\\src\\Illuminate\\Database\\MySqlConnection.php(39): PDO->prepare('insert into `ca...')
#1 C:\\laragon\\www\\kantin-DTEDI\\vendor\\laravel\\framework\\src\\Illuminate\\Database\\Connection.php(816): Illuminate\\Database\\MySqlConnection->Illuminate\\Database\\{closure}('insert into `ca...', Array)
#2 C:\\laragon\\www\\kantin-DTEDI\\vendor\\laravel\\framework\\src\\Illuminate\\Database\\Connection.php(783): Illuminate\\Database\\Connection->runQueryCallback('insert into `ca...', Array, Object(Closure))
#3 C:\\laragon\\www\\kantin-DTEDI\\vendor\\laravel\\framework\\src\\Illuminate\\Database\\MySqlConnection.php(50): Illuminate\\Database\\Connection->run('insert into `ca...', Array, Object(Closure))
#4 C:\\laragon\\www\\kantin-DTEDI\\vendor\\laravel\\framework\\src\\Illuminate\\Database\\Query\\Builder.php(3500): Illuminate\\Database\\MySqlConnection->insert('insert into `ca...', Array)
#5 C:\\laragon\\www\\kantin-DTEDI\\database\\seeders\\CashierSeeder.php(17): Illuminate\\Database\\Query\\Builder->insert(Array)
#6 C:\\laragon\\www\\kantin-DTEDI\\vendor\\laravel\\framework\\src\\Illuminate\\Container\\BoundMethod.php(36): Database\\Seeders\\CashierSeeder->run()
#7 C:\\laragon\\www\\kantin-DTEDI\\vendor\\laravel\\framework\\src\\Illuminate\\Container\\Util.php(41): Illuminate\\Container\\BoundMethod::Illuminate\\Container\\{closure}()
#8 C:\\laragon\\www\\kantin-DTEDI\\vendor\\laravel\\framework\\src\\Illuminate\\Container\\BoundMethod.php(93): Illuminate\\Container\\Util::unwrapIfClosure(Object(Closure))
#9 C:\\laragon\\www\\kantin-DTEDI\\vendor\\laravel\\framework\\src\\Illuminate\\Container\\BoundMethod.php(37): Illuminate\\Container\\BoundMethod::callBoundMethod(Object(Illuminate\\Foundation\\Application), Array, Object(Closure))
#10 C:\\laragon\\www\\kantin-DTEDI\\vendor\\laravel\\framework\\src\\Illuminate\\Container\\Container.php(662): Illuminate\\Container\\BoundMethod::call(Object(Illuminate\\Foundation\\Application), Array, Array, NULL)
#11 C:\\laragon\\www\\kantin-DTEDI\\vendor\\laravel\\framework\\src\\Illuminate\\Database\\Seeder.php(184): Illuminate\\Container\\Container->call(Array, Array)
#12 C:\\laragon\\www\\kantin-DTEDI\\vendor\\laravel\\framework\\src\\Illuminate\\Database\\Seeder.php(193): Illuminate\\Database\\Seeder->Illuminate\\Database\\{closure}()
#13 C:\\laragon\\www\\kantin-DTEDI\\vendor\\laravel\\framework\\src\\Illuminate\\Database\\Seeder.php(61): Illuminate\\Database\\Seeder->__invoke(Array)
#14 C:\\laragon\\www\\kantin-DTEDI\\database\\seeders\\DatabaseSeeder.php(16): Illuminate\\Database\\Seeder->call('Database\\\\Seeder...')
#15 C:\\laragon\\www\\kantin-DTEDI\\vendor\\laravel\\framework\\src\\Illuminate\\Container\\BoundMethod.php(36): Database\\Seeders\\DatabaseSeeder->run()
#16 C:\\laragon\\www\\kantin-DTEDI\\vendor\\laravel\\framework\\src\\Illuminate\\Container\\Util.php(41): Illuminate\\Container\\BoundMethod::Illuminate\\Container\\{closure}()
#17 C:\\laragon\\www\\kantin-DTEDI\\vendor\\laravel\\framework\\src\\Illuminate\\Container\\BoundMethod.php(93): Illuminate\\Container\\Util::unwrapIfClosure(Object(Closure))
#18 C:\\laragon\\www\\kantin-DTEDI\\vendor\\laravel\\framework\\src\\Illuminate\\Container\\BoundMethod.php(37): Illuminate\\Container\\BoundMethod::callBoundMethod(Object(Illuminate\\Foundation\\Application), Array, Object(Closure))
#19 C:\\laragon\\www\\kantin-DTEDI\\vendor\\laravel\\framework\\src\\Illuminate\\Container\\Container.php(662): Illuminate\\Container\\BoundMethod::call(Object(Illuminate\\Foundation\\Application), Array, Array, NULL)
#20 C:\\laragon\\www\\kantin-DTEDI\\vendor\\laravel\\framework\\src\\Illuminate\\Database\\Seeder.php(184): Illuminate\\Container\\Container->call(Array, Array)
#21 C:\\laragon\\www\\kantin-DTEDI\\vendor\\laravel\\framework\\src\\Illuminate\\Database\\Seeder.php(193): Illuminate\\Database\\Seeder->Illuminate\\Database\\{closure}()
#22 C:\\laragon\\www\\kantin-DTEDI\\vendor\\laravel\\framework\\src\\Illuminate\\Database\\Console\\Seeds\\SeedCommand.php(70): Illuminate\\Database\\Seeder->__invoke()
#23 C:\\laragon\\www\\kantin-DTEDI\\vendor\\laravel\\framework\\src\\Illuminate\\Database\\Eloquent\\Concerns\\GuardsAttributes.php(155): Illuminate\\Database\\Console\\Seeds\\SeedCommand->Illuminate\\Database\\Console\\Seeds\\{closure}()
#24 C:\\laragon\\www\\kantin-DTEDI\\vendor\\laravel\\framework\\src\\Illuminate\\Database\\Console\\Seeds\\SeedCommand.php(71): Illuminate\\Database\\Eloquent\\Model::unguarded(Object(Closure))
#25 C:\\laragon\\www\\kantin-DTEDI\\vendor\\laravel\\framework\\src\\Illuminate\\Container\\BoundMethod.php(36): Illuminate\\Database\\Console\\Seeds\\SeedCommand->handle()
#26 C:\\laragon\\www\\kantin-DTEDI\\vendor\\laravel\\framework\\src\\Illuminate\\Container\\Util.php(41): Illuminate\\Container\\BoundMethod::Illuminate\\Container\\{closure}()
#27 C:\\laragon\\www\\kantin-DTEDI\\vendor\\laravel\\framework\\src\\Illuminate\\Container\\BoundMethod.php(93): Illuminate\\Container\\Util::unwrapIfClosure(Object(Closure))
#28 C:\\laragon\\www\\kantin-DTEDI\\vendor\\laravel\\framework\\src\\Illuminate\\Container\\BoundMethod.php(37): Illuminate\\Container\\BoundMethod::callBoundMethod(Object(Illuminate\\Foundation\\Application), Array, Object(Closure))
#29 C:\\laragon\\www\\kantin-DTEDI\\vendor\\laravel\\framework\\src\\Illuminate\\Container\\Container.php(662): Illuminate\\Container\\BoundMethod::call(Object(Illuminate\\Foundation\\Application), Array, Array, NULL)
#30 C:\\laragon\\www\\kantin-DTEDI\\vendor\\laravel\\framework\\src\\Illuminate\\Console\\Command.php(211): Illuminate\\Container\\Container->call(Array)
#31 C:\\laragon\\www\\kantin-DTEDI\\vendor\\symfony\\console\\Command\\Command.php(326): Illuminate\\Console\\Command->execute(Object(Symfony\\Component\\Console\\Input\\ArrayInput), Object(Illuminate\\Console\\OutputStyle))
#32 C:\\laragon\\www\\kantin-DTEDI\\vendor\\laravel\\framework\\src\\Illuminate\\Console\\Command.php(181): Symfony\\Component\\Console\\Command\\Command->run(Object(Symfony\\Component\\Console\\Input\\ArrayInput), Object(Illuminate\\Console\\OutputStyle))
#33 C:\\laragon\\www\\kantin-DTEDI\\vendor\\laravel\\framework\\src\\Illuminate\\Console\\Concerns\\CallsCommands.php(68): Illuminate\\Console\\Command->run(Object(Symfony\\Component\\Console\\Input\\ArrayInput), Object(Illuminate\\Console\\OutputStyle))
#34 C:\\laragon\\www\\kantin-DTEDI\\vendor\\laravel\\framework\\src\\Illuminate\\Console\\Concerns\\CallsCommands.php(28): Illuminate\\Console\\Command->runCommand('db:seed', Array, Object(Illuminate\\Console\\OutputStyle))
#35 C:\\laragon\\www\\kantin-DTEDI\\vendor\\laravel\\framework\\src\\Illuminate\\Database\\Console\\Migrations\\RefreshCommand.php(136): Illuminate\\Console\\Command->call('db:seed', Array)
#36 C:\\laragon\\www\\kantin-DTEDI\\vendor\\laravel\\framework\\src\\Illuminate\\Database\\Console\\Migrations\\RefreshCommand.php(75): Illuminate\\Database\\Console\\Migrations\\RefreshCommand->runSeeder(NULL)
#37 C:\\laragon\\www\\kantin-DTEDI\\vendor\\laravel\\framework\\src\\Illuminate\\Container\\BoundMethod.php(36): Illuminate\\Database\\Console\\Migrations\\RefreshCommand->handle()
#38 C:\\laragon\\www\\kantin-DTEDI\\vendor\\laravel\\framework\\src\\Illuminate\\Container\\Util.php(41): Illuminate\\Container\\BoundMethod::Illuminate\\Container\\{closure}()
#39 C:\\laragon\\www\\kantin-DTEDI\\vendor\\laravel\\framework\\src\\Illuminate\\Container\\BoundMethod.php(93): Illuminate\\Container\\Util::unwrapIfClosure(Object(Closure))
#40 C:\\laragon\\www\\kantin-DTEDI\\vendor\\laravel\\framework\\src\\Illuminate\\Container\\BoundMethod.php(37): Illuminate\\Container\\BoundMethod::callBoundMethod(Object(Illuminate\\Foundation\\Application), Array, Object(Closure))
#41 C:\\laragon\\www\\kantin-DTEDI\\vendor\\laravel\\framework\\src\\Illuminate\\Container\\Container.php(662): Illuminate\\Container\\BoundMethod::call(Object(Illuminate\\Foundation\\Application), Array, Array, NULL)
#42 C:\\laragon\\www\\kantin-DTEDI\\vendor\\laravel\\framework\\src\\Illuminate\\Console\\Command.php(211): Illuminate\\Container\\Container->call(Array)
#43 C:\\laragon\\www\\kantin-DTEDI\\vendor\\symfony\\console\\Command\\Command.php(326): Illuminate\\Console\\Command->execute(Object(Symfony\\Component\\Console\\Input\\ArgvInput), Object(Illuminate\\Console\\OutputStyle))
#44 C:\\laragon\\www\\kantin-DTEDI\\vendor\\laravel\\framework\\src\\Illuminate\\Console\\Command.php(181): Symfony\\Component\\Console\\Command\\Command->run(Object(Symfony\\Component\\Console\\Input\\ArgvInput), Object(Illuminate\\Console\\OutputStyle))
#45 C:\\laragon\\www\\kantin-DTEDI\\vendor\\symfony\\console\\Application.php(1096): Illuminate\\Console\\Command->run(Object(Symfony\\Component\\Console\\Input\\ArgvInput), Object(Symfony\\Component\\Console\\Output\\ConsoleOutput))
#46 C:\\laragon\\www\\kantin-DTEDI\\vendor\\symfony\\console\\Application.php(324): Symfony\\Component\\Console\\Application->doRunCommand(Object(Illuminate\\Database\\Console\\Migrations\\RefreshCommand), Object(Symfony\\Component\\Console\\Input\\ArgvInput), Object(Symfony\\Component\\Console\\Output\\ConsoleOutput))
#47 C:\\laragon\\www\\kantin-DTEDI\\vendor\\symfony\\console\\Application.php(175): Symfony\\Component\\Console\\Application->doRun(Object(Symfony\\Component\\Console\\Input\\ArgvInput), Object(Symfony\\Component\\Console\\Output\\ConsoleOutput))
#48 C:\\laragon\\www\\kantin-DTEDI\\vendor\\laravel\\framework\\src\\Illuminate\\Foundation\\Console\\Kernel.php(201): Symfony\\Component\\Console\\Application->run(Object(Symfony\\Component\\Console\\Input\\ArgvInput), Object(Symfony\\Component\\Console\\Output\\ConsoleOutput))
#49 C:\\laragon\\www\\kantin-DTEDI\\artisan(37): Illuminate\\Foundation\\Console\\Kernel->handle(Object(Symfony\\Component\\Console\\Input\\ArgvInput), Object(Symfony\\Component\\Console\\Output\\ConsoleOutput))
#50 {main}
"} 
[2024-11-26 06:44:25] local.ERROR: SQLSTATE[42S22]: Column not found: 1054 Unknown column 'salary' in 'field list' (Connection: mysql, SQL: insert into `cashier` (`name`, `no_telp`, `password`, `profile_picture`, `salary`, `status`, `username`) values (Cashier 1, 123456789, $2y$12$5ZZwsX5nAS1LdJfzVp0zyeZM6Qi0pwqy0SjdCSBI1QQOvjOTeq.Ry, path, 50000, active, cashier1)) {"exception":"[object] (Illuminate\\Database\\QueryException(code: 42S22): SQLSTATE[42S22]: Column not found: 1054 Unknown column 'salary' in 'field list' (Connection: mysql, SQL: insert into `cashier` (`name`, `no_telp`, `password`, `profile_picture`, `salary`, `status`, `username`) values (Cashier 1, 123456789, $2y$12$5ZZwsX5nAS1LdJfzVp0zyeZM6Qi0pwqy0SjdCSBI1QQOvjOTeq.Ry, path, 50000, active, cashier1)) at C:\\laragon\\www\\kantin-DTEDI\\vendor\\laravel\\framework\\src\\Illuminate\\Database\\Connection.php:829)
[stacktrace]
#0 C:\\laragon\\www\\kantin-DTEDI\\vendor\\laravel\\framework\\src\\Illuminate\\Database\\Connection.php(783): Illuminate\\Database\\Connection->runQueryCallback('insert into `ca...', Array, Object(Closure))
#1 C:\\laragon\\www\\kantin-DTEDI\\vendor\\laravel\\framework\\src\\Illuminate\\Database\\MySqlConnection.php(50): Illuminate\\Database\\Connection->run('insert into `ca...', Array, Object(Closure))
#2 C:\\laragon\\www\\kantin-DTEDI\\vendor\\laravel\\framework\\src\\Illuminate\\Database\\Query\\Builder.php(3500): Illuminate\\Database\\MySqlConnection->insert('insert into `ca...', Array)
#3 C:\\laragon\\www\\kantin-DTEDI\\database\\seeders\\CashierSeeder.php(17): Illuminate\\Database\\Query\\Builder->insert(Array)
#4 C:\\laragon\\www\\kantin-DTEDI\\vendor\\laravel\\framework\\src\\Illuminate\\Container\\BoundMethod.php(36): Database\\Seeders\\CashierSeeder->run()
#5 C:\\laragon\\www\\kantin-DTEDI\\vendor\\laravel\\framework\\src\\Illuminate\\Container\\Util.php(41): Illuminate\\Container\\BoundMethod::Illuminate\\Container\\{closure}()
#6 C:\\laragon\\www\\kantin-DTEDI\\vendor\\laravel\\framework\\src\\Illuminate\\Container\\BoundMethod.php(93): Illuminate\\Container\\Util::unwrapIfClosure(Object(Closure))
#7 C:\\laragon\\www\\kantin-DTEDI\\vendor\\laravel\\framework\\src\\Illuminate\\Container\\BoundMethod.php(37): Illuminate\\Container\\BoundMethod::callBoundMethod(Object(Illuminate\\Foundation\\Application), Array, Object(Closure))
#8 C:\\laragon\\www\\kantin-DTEDI\\vendor\\laravel\\framework\\src\\Illuminate\\Container\\Container.php(662): Illuminate\\Container\\BoundMethod::call(Object(Illuminate\\Foundation\\Application), Array, Array, NULL)
#9 C:\\laragon\\www\\kantin-DTEDI\\vendor\\laravel\\framework\\src\\Illuminate\\Database\\Seeder.php(184): Illuminate\\Container\\Container->call(Array, Array)
#10 C:\\laragon\\www\\kantin-DTEDI\\vendor\\laravel\\framework\\src\\Illuminate\\Database\\Seeder.php(193): Illuminate\\Database\\Seeder->Illuminate\\Database\\{closure}()
#11 C:\\laragon\\www\\kantin-DTEDI\\vendor\\laravel\\framework\\src\\Illuminate\\Database\\Seeder.php(61): Illuminate\\Database\\Seeder->__invoke(Array)
#12 C:\\laragon\\www\\kantin-DTEDI\\database\\seeders\\DatabaseSeeder.php(16): Illuminate\\Database\\Seeder->call('Database\\\\Seeder...')
#13 C:\\laragon\\www\\kantin-DTEDI\\vendor\\laravel\\framework\\src\\Illuminate\\Container\\BoundMethod.php(36): Database\\Seeders\\DatabaseSeeder->run()
#14 C:\\laragon\\www\\kantin-DTEDI\\vendor\\laravel\\framework\\src\\Illuminate\\Container\\Util.php(41): Illuminate\\Container\\BoundMethod::Illuminate\\Container\\{closure}()
#15 C:\\laragon\\www\\kantin-DTEDI\\vendor\\laravel\\framework\\src\\Illuminate\\Container\\BoundMethod.php(93): Illuminate\\Container\\Util::unwrapIfClosure(Object(Closure))
#16 C:\\laragon\\www\\kantin-DTEDI\\vendor\\laravel\\framework\\src\\Illuminate\\Container\\BoundMethod.php(37): Illuminate\\Container\\BoundMethod::callBoundMethod(Object(Illuminate\\Foundation\\Application), Array, Object(Closure))
#17 C:\\laragon\\www\\kantin-DTEDI\\vendor\\laravel\\framework\\src\\Illuminate\\Container\\Container.php(662): Illuminate\\Container\\BoundMethod::call(Object(Illuminate\\Foundation\\Application), Array, Array, NULL)
#18 C:\\laragon\\www\\kantin-DTEDI\\vendor\\laravel\\framework\\src\\Illuminate\\Database\\Seeder.php(184): Illuminate\\Container\\Container->call(Array, Array)
#19 C:\\laragon\\www\\kantin-DTEDI\\vendor\\laravel\\framework\\src\\Illuminate\\Database\\Seeder.php(193): Illuminate\\Database\\Seeder->Illuminate\\Database\\{closure}()
#20 C:\\laragon\\www\\kantin-DTEDI\\vendor\\laravel\\framework\\src\\Illuminate\\Database\\Console\\Seeds\\SeedCommand.php(70): Illuminate\\Database\\Seeder->__invoke()
#21 C:\\laragon\\www\\kantin-DTEDI\\vendor\\laravel\\framework\\src\\Illuminate\\Database\\Eloquent\\Concerns\\GuardsAttributes.php(155): Illuminate\\Database\\Console\\Seeds\\SeedCommand->Illuminate\\Database\\Console\\Seeds\\{closure}()
#22 C:\\laragon\\www\\kantin-DTEDI\\vendor\\laravel\\framework\\src\\Illuminate\\Database\\Console\\Seeds\\SeedCommand.php(71): Illuminate\\Database\\Eloquent\\Model::unguarded(Object(Closure))
#23 C:\\laragon\\www\\kantin-DTEDI\\vendor\\laravel\\framework\\src\\Illuminate\\Container\\BoundMethod.php(36): Illuminate\\Database\\Console\\Seeds\\SeedCommand->handle()
#24 C:\\laragon\\www\\kantin-DTEDI\\vendor\\laravel\\framework\\src\\Illuminate\\Container\\Util.php(41): Illuminate\\Container\\BoundMethod::Illuminate\\Container\\{closure}()
#25 C:\\laragon\\www\\kantin-DTEDI\\vendor\\laravel\\framework\\src\\Illuminate\\Container\\BoundMethod.php(93): Illuminate\\Container\\Util::unwrapIfClosure(Object(Closure))
#26 C:\\laragon\\www\\kantin-DTEDI\\vendor\\laravel\\framework\\src\\Illuminate\\Container\\BoundMethod.php(37): Illuminate\\Container\\BoundMethod::callBoundMethod(Object(Illuminate\\Foundation\\Application), Array, Object(Closure))
#27 C:\\laragon\\www\\kantin-DTEDI\\vendor\\laravel\\framework\\src\\Illuminate\\Container\\Container.php(662): Illuminate\\Container\\BoundMethod::call(Object(Illuminate\\Foundation\\Application), Array, Array, NULL)
#28 C:\\laragon\\www\\kantin-DTEDI\\vendor\\laravel\\framework\\src\\Illuminate\\Console\\Command.php(211): Illuminate\\Container\\Container->call(Array)
#29 C:\\laragon\\www\\kantin-DTEDI\\vendor\\symfony\\console\\Command\\Command.php(326): Illuminate\\Console\\Command->execute(Object(Symfony\\Component\\Console\\Input\\ArrayInput), Object(Illuminate\\Console\\OutputStyle))
#30 C:\\laragon\\www\\kantin-DTEDI\\vendor\\laravel\\framework\\src\\Illuminate\\Console\\Command.php(181): Symfony\\Component\\Console\\Command\\Command->run(Object(Symfony\\Component\\Console\\Input\\ArrayInput), Object(Illuminate\\Console\\OutputStyle))
#31 C:\\laragon\\www\\kantin-DTEDI\\vendor\\laravel\\framework\\src\\Illuminate\\Console\\Concerns\\CallsCommands.php(68): Illuminate\\Console\\Command->run(Object(Symfony\\Component\\Console\\Input\\ArrayInput), Object(Illuminate\\Console\\OutputStyle))
#32 C:\\laragon\\www\\kantin-DTEDI\\vendor\\laravel\\framework\\src\\Illuminate\\Console\\Concerns\\CallsCommands.php(28): Illuminate\\Console\\Command->runCommand('db:seed', Array, Object(Illuminate\\Console\\OutputStyle))
#33 C:\\laragon\\www\\kantin-DTEDI\\vendor\\laravel\\framework\\src\\Illuminate\\Database\\Console\\Migrations\\RefreshCommand.php(136): Illuminate\\Console\\Command->call('db:seed', Array)
#34 C:\\laragon\\www\\kantin-DTEDI\\vendor\\laravel\\framework\\src\\Illuminate\\Database\\Console\\Migrations\\RefreshCommand.php(75): Illuminate\\Database\\Console\\Migrations\\RefreshCommand->runSeeder(NULL)
#35 C:\\laragon\\www\\kantin-DTEDI\\vendor\\laravel\\framework\\src\\Illuminate\\Container\\BoundMethod.php(36): Illuminate\\Database\\Console\\Migrations\\RefreshCommand->handle()
#36 C:\\laragon\\www\\kantin-DTEDI\\vendor\\laravel\\framework\\src\\Illuminate\\Container\\Util.php(41): Illuminate\\Container\\BoundMethod::Illuminate\\Container\\{closure}()
#37 C:\\laragon\\www\\kantin-DTEDI\\vendor\\laravel\\framework\\src\\Illuminate\\Container\\BoundMethod.php(93): Illuminate\\Container\\Util::unwrapIfClosure(Object(Closure))
#38 C:\\laragon\\www\\kantin-DTEDI\\vendor\\laravel\\framework\\src\\Illuminate\\Container\\BoundMethod.php(37): Illuminate\\Container\\BoundMethod::callBoundMethod(Object(Illuminate\\Foundation\\Application), Array, Object(Closure))
#39 C:\\laragon\\www\\kantin-DTEDI\\vendor\\laravel\\framework\\src\\Illuminate\\Container\\Container.php(662): Illuminate\\Container\\BoundMethod::call(Object(Illuminate\\Foundation\\Application), Array, Array, NULL)
#40 C:\\laragon\\www\\kantin-DTEDI\\vendor\\laravel\\framework\\src\\Illuminate\\Console\\Command.php(211): Illuminate\\Container\\Container->call(Array)
#41 C:\\laragon\\www\\kantin-DTEDI\\vendor\\symfony\\console\\Command\\Command.php(326): Illuminate\\Console\\Command->execute(Object(Symfony\\Component\\Console\\Input\\ArgvInput), Object(Illuminate\\Console\\OutputStyle))
#42 C:\\laragon\\www\\kantin-DTEDI\\vendor\\laravel\\framework\\src\\Illuminate\\Console\\Command.php(181): Symfony\\Component\\Console\\Command\\Command->run(Object(Symfony\\Component\\Console\\Input\\ArgvInput), Object(Illuminate\\Console\\OutputStyle))
#43 C:\\laragon\\www\\kantin-DTEDI\\vendor\\symfony\\console\\Application.php(1096): Illuminate\\Console\\Command->run(Object(Symfony\\Component\\Console\\Input\\ArgvInput), Object(Symfony\\Component\\Console\\Output\\ConsoleOutput))
#44 C:\\laragon\\www\\kantin-DTEDI\\vendor\\symfony\\console\\Application.php(324): Symfony\\Component\\Console\\Application->doRunCommand(Object(Illuminate\\Database\\Console\\Migrations\\RefreshCommand), Object(Symfony\\Component\\Console\\Input\\ArgvInput), Object(Symfony\\Component\\Console\\Output\\ConsoleOutput))
#45 C:\\laragon\\www\\kantin-DTEDI\\vendor\\symfony\\console\\Application.php(175): Symfony\\Component\\Console\\Application->doRun(Object(Symfony\\Component\\Console\\Input\\ArgvInput), Object(Symfony\\Component\\Console\\Output\\ConsoleOutput))
#46 C:\\laragon\\www\\kantin-DTEDI\\vendor\\laravel\\framework\\src\\Illuminate\\Foundation\\Console\\Kernel.php(201): Symfony\\Component\\Console\\Application->run(Object(Symfony\\Component\\Console\\Input\\ArgvInput), Object(Symfony\\Component\\Console\\Output\\ConsoleOutput))
#47 C:\\laragon\\www\\kantin-DTEDI\\artisan(37): Illuminate\\Foundation\\Console\\Kernel->handle(Object(Symfony\\Component\\Console\\Input\\ArgvInput), Object(Symfony\\Component\\Console\\Output\\ConsoleOutput))
#48 {main}

[previous exception] [object] (PDOException(code: 42S22): SQLSTATE[42S22]: Column not found: 1054 Unknown column 'salary' in 'field list' at C:\\laragon\\www\\kantin-DTEDI\\vendor\\laravel\\framework\\src\\Illuminate\\Database\\MySqlConnection.php:39)
[stacktrace]
#0 C:\\laragon\\www\\kantin-DTEDI\\vendor\\laravel\\framework\\src\\Illuminate\\Database\\MySqlConnection.php(39): PDO->prepare('insert into `ca...')
#1 C:\\laragon\\www\\kantin-DTEDI\\vendor\\laravel\\framework\\src\\Illuminate\\Database\\Connection.php(816): Illuminate\\Database\\MySqlConnection->Illuminate\\Database\\{closure}('insert into `ca...', Array)
#2 C:\\laragon\\www\\kantin-DTEDI\\vendor\\laravel\\framework\\src\\Illuminate\\Database\\Connection.php(783): Illuminate\\Database\\Connection->runQueryCallback('insert into `ca...', Array, Object(Closure))
#3 C:\\laragon\\www\\kantin-DTEDI\\vendor\\laravel\\framework\\src\\Illuminate\\Database\\MySqlConnection.php(50): Illuminate\\Database\\Connection->run('insert into `ca...', Array, Object(Closure))
#4 C:\\laragon\\www\\kantin-DTEDI\\vendor\\laravel\\framework\\src\\Illuminate\\Database\\Query\\Builder.php(3500): Illuminate\\Database\\MySqlConnection->insert('insert into `ca...', Array)
#5 C:\\laragon\\www\\kantin-DTEDI\\database\\seeders\\CashierSeeder.php(17): Illuminate\\Database\\Query\\Builder->insert(Array)
#6 C:\\laragon\\www\\kantin-DTEDI\\vendor\\laravel\\framework\\src\\Illuminate\\Container\\BoundMethod.php(36): Database\\Seeders\\CashierSeeder->run()
#7 C:\\laragon\\www\\kantin-DTEDI\\vendor\\laravel\\framework\\src\\Illuminate\\Container\\Util.php(41): Illuminate\\Container\\BoundMethod::Illuminate\\Container\\{closure}()
#8 C:\\laragon\\www\\kantin-DTEDI\\vendor\\laravel\\framework\\src\\Illuminate\\Container\\BoundMethod.php(93): Illuminate\\Container\\Util::unwrapIfClosure(Object(Closure))
#9 C:\\laragon\\www\\kantin-DTEDI\\vendor\\laravel\\framework\\src\\Illuminate\\Container\\BoundMethod.php(37): Illuminate\\Container\\BoundMethod::callBoundMethod(Object(Illuminate\\Foundation\\Application), Array, Object(Closure))
#10 C:\\laragon\\www\\kantin-DTEDI\\vendor\\laravel\\framework\\src\\Illuminate\\Container\\Container.php(662): Illuminate\\Container\\BoundMethod::call(Object(Illuminate\\Foundation\\Application), Array, Array, NULL)
#11 C:\\laragon\\www\\kantin-DTEDI\\vendor\\laravel\\framework\\src\\Illuminate\\Database\\Seeder.php(184): Illuminate\\Container\\Container->call(Array, Array)
#12 C:\\laragon\\www\\kantin-DTEDI\\vendor\\laravel\\framework\\src\\Illuminate\\Database\\Seeder.php(193): Illuminate\\Database\\Seeder->Illuminate\\Database\\{closure}()
#13 C:\\laragon\\www\\kantin-DTEDI\\vendor\\laravel\\framework\\src\\Illuminate\\Database\\Seeder.php(61): Illuminate\\Database\\Seeder->__invoke(Array)
#14 C:\\laragon\\www\\kantin-DTEDI\\database\\seeders\\DatabaseSeeder.php(16): Illuminate\\Database\\Seeder->call('Database\\\\Seeder...')
#15 C:\\laragon\\www\\kantin-DTEDI\\vendor\\laravel\\framework\\src\\Illuminate\\Container\\BoundMethod.php(36): Database\\Seeders\\DatabaseSeeder->run()
#16 C:\\laragon\\www\\kantin-DTEDI\\vendor\\laravel\\framework\\src\\Illuminate\\Container\\Util.php(41): Illuminate\\Container\\BoundMethod::Illuminate\\Container\\{closure}()
#17 C:\\laragon\\www\\kantin-DTEDI\\vendor\\laravel\\framework\\src\\Illuminate\\Container\\BoundMethod.php(93): Illuminate\\Container\\Util::unwrapIfClosure(Object(Closure))
#18 C:\\laragon\\www\\kantin-DTEDI\\vendor\\laravel\\framework\\src\\Illuminate\\Container\\BoundMethod.php(37): Illuminate\\Container\\BoundMethod::callBoundMethod(Object(Illuminate\\Foundation\\Application), Array, Object(Closure))
#19 C:\\laragon\\www\\kantin-DTEDI\\vendor\\laravel\\framework\\src\\Illuminate\\Container\\Container.php(662): Illuminate\\Container\\BoundMethod::call(Object(Illuminate\\Foundation\\Application), Array, Array, NULL)
#20 C:\\laragon\\www\\kantin-DTEDI\\vendor\\laravel\\framework\\src\\Illuminate\\Database\\Seeder.php(184): Illuminate\\Container\\Container->call(Array, Array)
#21 C:\\laragon\\www\\kantin-DTEDI\\vendor\\laravel\\framework\\src\\Illuminate\\Database\\Seeder.php(193): Illuminate\\Database\\Seeder->Illuminate\\Database\\{closure}()
#22 C:\\laragon\\www\\kantin-DTEDI\\vendor\\laravel\\framework\\src\\Illuminate\\Database\\Console\\Seeds\\SeedCommand.php(70): Illuminate\\Database\\Seeder->__invoke()
#23 C:\\laragon\\www\\kantin-DTEDI\\vendor\\laravel\\framework\\src\\Illuminate\\Database\\Eloquent\\Concerns\\GuardsAttributes.php(155): Illuminate\\Database\\Console\\Seeds\\SeedCommand->Illuminate\\Database\\Console\\Seeds\\{closure}()
#24 C:\\laragon\\www\\kantin-DTEDI\\vendor\\laravel\\framework\\src\\Illuminate\\Database\\Console\\Seeds\\SeedCommand.php(71): Illuminate\\Database\\Eloquent\\Model::unguarded(Object(Closure))
#25 C:\\laragon\\www\\kantin-DTEDI\\vendor\\laravel\\framework\\src\\Illuminate\\Container\\BoundMethod.php(36): Illuminate\\Database\\Console\\Seeds\\SeedCommand->handle()
#26 C:\\laragon\\www\\kantin-DTEDI\\vendor\\laravel\\framework\\src\\Illuminate\\Container\\Util.php(41): Illuminate\\Container\\BoundMethod::Illuminate\\Container\\{closure}()
#27 C:\\laragon\\www\\kantin-DTEDI\\vendor\\laravel\\framework\\src\\Illuminate\\Container\\BoundMethod.php(93): Illuminate\\Container\\Util::unwrapIfClosure(Object(Closure))
#28 C:\\laragon\\www\\kantin-DTEDI\\vendor\\laravel\\framework\\src\\Illuminate\\Container\\BoundMethod.php(37): Illuminate\\Container\\BoundMethod::callBoundMethod(Object(Illuminate\\Foundation\\Application), Array, Object(Closure))
#29 C:\\laragon\\www\\kantin-DTEDI\\vendor\\laravel\\framework\\src\\Illuminate\\Container\\Container.php(662): Illuminate\\Container\\BoundMethod::call(Object(Illuminate\\Foundation\\Application), Array, Array, NULL)
#30 C:\\laragon\\www\\kantin-DTEDI\\vendor\\laravel\\framework\\src\\Illuminate\\Console\\Command.php(211): Illuminate\\Container\\Container->call(Array)
#31 C:\\laragon\\www\\kantin-DTEDI\\vendor\\symfony\\console\\Command\\Command.php(326): Illuminate\\Console\\Command->execute(Object(Symfony\\Component\\Console\\Input\\ArrayInput), Object(Illuminate\\Console\\OutputStyle))
#32 C:\\laragon\\www\\kantin-DTEDI\\vendor\\laravel\\framework\\src\\Illuminate\\Console\\Command.php(181): Symfony\\Component\\Console\\Command\\Command->run(Object(Symfony\\Component\\Console\\Input\\ArrayInput), Object(Illuminate\\Console\\OutputStyle))
#33 C:\\laragon\\www\\kantin-DTEDI\\vendor\\laravel\\framework\\src\\Illuminate\\Console\\Concerns\\CallsCommands.php(68): Illuminate\\Console\\Command->run(Object(Symfony\\Component\\Console\\Input\\ArrayInput), Object(Illuminate\\Console\\OutputStyle))
#34 C:\\laragon\\www\\kantin-DTEDI\\vendor\\laravel\\framework\\src\\Illuminate\\Console\\Concerns\\CallsCommands.php(28): Illuminate\\Console\\Command->runCommand('db:seed', Array, Object(Illuminate\\Console\\OutputStyle))
#35 C:\\laragon\\www\\kantin-DTEDI\\vendor\\laravel\\framework\\src\\Illuminate\\Database\\Console\\Migrations\\RefreshCommand.php(136): Illuminate\\Console\\Command->call('db:seed', Array)
#36 C:\\laragon\\www\\kantin-DTEDI\\vendor\\laravel\\framework\\src\\Illuminate\\Database\\Console\\Migrations\\RefreshCommand.php(75): Illuminate\\Database\\Console\\Migrations\\RefreshCommand->runSeeder(NULL)
#37 C:\\laragon\\www\\kantin-DTEDI\\vendor\\laravel\\framework\\src\\Illuminate\\Container\\BoundMethod.php(36): Illuminate\\Database\\Console\\Migrations\\RefreshCommand->handle()
#38 C:\\laragon\\www\\kantin-DTEDI\\vendor\\laravel\\framework\\src\\Illuminate\\Container\\Util.php(41): Illuminate\\Container\\BoundMethod::Illuminate\\Container\\{closure}()
#39 C:\\laragon\\www\\kantin-DTEDI\\vendor\\laravel\\framework\\src\\Illuminate\\Container\\BoundMethod.php(93): Illuminate\\Container\\Util::unwrapIfClosure(Object(Closure))
#40 C:\\laragon\\www\\kantin-DTEDI\\vendor\\laravel\\framework\\src\\Illuminate\\Container\\BoundMethod.php(37): Illuminate\\Container\\BoundMethod::callBoundMethod(Object(Illuminate\\Foundation\\Application), Array, Object(Closure))
#41 C:\\laragon\\www\\kantin-DTEDI\\vendor\\laravel\\framework\\src\\Illuminate\\Container\\Container.php(662): Illuminate\\Container\\BoundMethod::call(Object(Illuminate\\Foundation\\Application), Array, Array, NULL)
#42 C:\\laragon\\www\\kantin-DTEDI\\vendor\\laravel\\framework\\src\\Illuminate\\Console\\Command.php(211): Illuminate\\Container\\Container->call(Array)
#43 C:\\laragon\\www\\kantin-DTEDI\\vendor\\symfony\\console\\Command\\Command.php(326): Illuminate\\Console\\Command->execute(Object(Symfony\\Component\\Console\\Input\\ArgvInput), Object(Illuminate\\Console\\OutputStyle))
#44 C:\\laragon\\www\\kantin-DTEDI\\vendor\\laravel\\framework\\src\\Illuminate\\Console\\Command.php(181): Symfony\\Component\\Console\\Command\\Command->run(Object(Symfony\\Component\\Console\\Input\\ArgvInput), Object(Illuminate\\Console\\OutputStyle))
#45 C:\\laragon\\www\\kantin-DTEDI\\vendor\\symfony\\console\\Application.php(1096): Illuminate\\Console\\Command->run(Object(Symfony\\Component\\Console\\Input\\ArgvInput), Object(Symfony\\Component\\Console\\Output\\ConsoleOutput))
#46 C:\\laragon\\www\\kantin-DTEDI\\vendor\\symfony\\console\\Application.php(324): Symfony\\Component\\Console\\Application->doRunCommand(Object(Illuminate\\Database\\Console\\Migrations\\RefreshCommand), Object(Symfony\\Component\\Console\\Input\\ArgvInput), Object(Symfony\\Component\\Console\\Output\\ConsoleOutput))
#47 C:\\laragon\\www\\kantin-DTEDI\\vendor\\symfony\\console\\Application.php(175): Symfony\\Component\\Console\\Application->doRun(Object(Symfony\\Component\\Console\\Input\\ArgvInput), Object(Symfony\\Component\\Console\\Output\\ConsoleOutput))
#48 C:\\laragon\\www\\kantin-DTEDI\\vendor\\laravel\\framework\\src\\Illuminate\\Foundation\\Console\\Kernel.php(201): Symfony\\Component\\Console\\Application->run(Object(Symfony\\Component\\Console\\Input\\ArgvInput), Object(Symfony\\Component\\Console\\Output\\ConsoleOutput))
#49 C:\\laragon\\www\\kantin-DTEDI\\artisan(37): Illuminate\\Foundation\\Console\\Kernel->handle(Object(Symfony\\Component\\Console\\Input\\ArgvInput), Object(Symfony\\Component\\Console\\Output\\ConsoleOutput))
#50 {main}
"} 
[2024-11-26 06:44:49] local.ERROR: SQLSTATE[42S22]: Column not found: 1054 Unknown column 'username' in 'field list' (Connection: mysql, SQL: insert into `cashier` (`name`, `no_telp`, `password`, `profile_picture`, `salary`, `status`, `username`) values (Cashier 1, 123456789, $2y$12$.8iSLKu5pn4pa2qTipSudeJUt3Qz/FuU1yspKpXieHwKATz0lgkRS, path, 50000, active, cashier1)) {"exception":"[object] (Illuminate\\Database\\QueryException(code: 42S22): SQLSTATE[42S22]: Column not found: 1054 Unknown column 'username' in 'field list' (Connection: mysql, SQL: insert into `cashier` (`name`, `no_telp`, `password`, `profile_picture`, `salary`, `status`, `username`) values (Cashier 1, 123456789, $2y$12$.8iSLKu5pn4pa2qTipSudeJUt3Qz/FuU1yspKpXieHwKATz0lgkRS, path, 50000, active, cashier1)) at C:\\laragon\\www\\kantin-DTEDI\\vendor\\laravel\\framework\\src\\Illuminate\\Database\\Connection.php:829)
[stacktrace]
#0 C:\\laragon\\www\\kantin-DTEDI\\vendor\\laravel\\framework\\src\\Illuminate\\Database\\Connection.php(783): Illuminate\\Database\\Connection->runQueryCallback('insert into `ca...', Array, Object(Closure))
#1 C:\\laragon\\www\\kantin-DTEDI\\vendor\\laravel\\framework\\src\\Illuminate\\Database\\MySqlConnection.php(50): Illuminate\\Database\\Connection->run('insert into `ca...', Array, Object(Closure))
#2 C:\\laragon\\www\\kantin-DTEDI\\vendor\\laravel\\framework\\src\\Illuminate\\Database\\Query\\Builder.php(3500): Illuminate\\Database\\MySqlConnection->insert('insert into `ca...', Array)
#3 C:\\laragon\\www\\kantin-DTEDI\\database\\seeders\\CashierSeeder.php(17): Illuminate\\Database\\Query\\Builder->insert(Array)
#4 C:\\laragon\\www\\kantin-DTEDI\\vendor\\laravel\\framework\\src\\Illuminate\\Container\\BoundMethod.php(36): Database\\Seeders\\CashierSeeder->run()
#5 C:\\laragon\\www\\kantin-DTEDI\\vendor\\laravel\\framework\\src\\Illuminate\\Container\\Util.php(41): Illuminate\\Container\\BoundMethod::Illuminate\\Container\\{closure}()
#6 C:\\laragon\\www\\kantin-DTEDI\\vendor\\laravel\\framework\\src\\Illuminate\\Container\\BoundMethod.php(93): Illuminate\\Container\\Util::unwrapIfClosure(Object(Closure))
#7 C:\\laragon\\www\\kantin-DTEDI\\vendor\\laravel\\framework\\src\\Illuminate\\Container\\BoundMethod.php(37): Illuminate\\Container\\BoundMethod::callBoundMethod(Object(Illuminate\\Foundation\\Application), Array, Object(Closure))
#8 C:\\laragon\\www\\kantin-DTEDI\\vendor\\laravel\\framework\\src\\Illuminate\\Container\\Container.php(662): Illuminate\\Container\\BoundMethod::call(Object(Illuminate\\Foundation\\Application), Array, Array, NULL)
#9 C:\\laragon\\www\\kantin-DTEDI\\vendor\\laravel\\framework\\src\\Illuminate\\Database\\Seeder.php(184): Illuminate\\Container\\Container->call(Array, Array)
#10 C:\\laragon\\www\\kantin-DTEDI\\vendor\\laravel\\framework\\src\\Illuminate\\Database\\Seeder.php(193): Illuminate\\Database\\Seeder->Illuminate\\Database\\{closure}()
#11 C:\\laragon\\www\\kantin-DTEDI\\vendor\\laravel\\framework\\src\\Illuminate\\Database\\Seeder.php(61): Illuminate\\Database\\Seeder->__invoke(Array)
#12 C:\\laragon\\www\\kantin-DTEDI\\database\\seeders\\DatabaseSeeder.php(16): Illuminate\\Database\\Seeder->call('Database\\\\Seeder...')
#13 C:\\laragon\\www\\kantin-DTEDI\\vendor\\laravel\\framework\\src\\Illuminate\\Container\\BoundMethod.php(36): Database\\Seeders\\DatabaseSeeder->run()
#14 C:\\laragon\\www\\kantin-DTEDI\\vendor\\laravel\\framework\\src\\Illuminate\\Container\\Util.php(41): Illuminate\\Container\\BoundMethod::Illuminate\\Container\\{closure}()
#15 C:\\laragon\\www\\kantin-DTEDI\\vendor\\laravel\\framework\\src\\Illuminate\\Container\\BoundMethod.php(93): Illuminate\\Container\\Util::unwrapIfClosure(Object(Closure))
#16 C:\\laragon\\www\\kantin-DTEDI\\vendor\\laravel\\framework\\src\\Illuminate\\Container\\BoundMethod.php(37): Illuminate\\Container\\BoundMethod::callBoundMethod(Object(Illuminate\\Foundation\\Application), Array, Object(Closure))
#17 C:\\laragon\\www\\kantin-DTEDI\\vendor\\laravel\\framework\\src\\Illuminate\\Container\\Container.php(662): Illuminate\\Container\\BoundMethod::call(Object(Illuminate\\Foundation\\Application), Array, Array, NULL)
#18 C:\\laragon\\www\\kantin-DTEDI\\vendor\\laravel\\framework\\src\\Illuminate\\Database\\Seeder.php(184): Illuminate\\Container\\Container->call(Array, Array)
#19 C:\\laragon\\www\\kantin-DTEDI\\vendor\\laravel\\framework\\src\\Illuminate\\Database\\Seeder.php(193): Illuminate\\Database\\Seeder->Illuminate\\Database\\{closure}()
#20 C:\\laragon\\www\\kantin-DTEDI\\vendor\\laravel\\framework\\src\\Illuminate\\Database\\Console\\Seeds\\SeedCommand.php(70): Illuminate\\Database\\Seeder->__invoke()
#21 C:\\laragon\\www\\kantin-DTEDI\\vendor\\laravel\\framework\\src\\Illuminate\\Database\\Eloquent\\Concerns\\GuardsAttributes.php(155): Illuminate\\Database\\Console\\Seeds\\SeedCommand->Illuminate\\Database\\Console\\Seeds\\{closure}()
#22 C:\\laragon\\www\\kantin-DTEDI\\vendor\\laravel\\framework\\src\\Illuminate\\Database\\Console\\Seeds\\SeedCommand.php(71): Illuminate\\Database\\Eloquent\\Model::unguarded(Object(Closure))
#23 C:\\laragon\\www\\kantin-DTEDI\\vendor\\laravel\\framework\\src\\Illuminate\\Container\\BoundMethod.php(36): Illuminate\\Database\\Console\\Seeds\\SeedCommand->handle()
#24 C:\\laragon\\www\\kantin-DTEDI\\vendor\\laravel\\framework\\src\\Illuminate\\Container\\Util.php(41): Illuminate\\Container\\BoundMethod::Illuminate\\Container\\{closure}()
#25 C:\\laragon\\www\\kantin-DTEDI\\vendor\\laravel\\framework\\src\\Illuminate\\Container\\BoundMethod.php(93): Illuminate\\Container\\Util::unwrapIfClosure(Object(Closure))
#26 C:\\laragon\\www\\kantin-DTEDI\\vendor\\laravel\\framework\\src\\Illuminate\\Container\\BoundMethod.php(37): Illuminate\\Container\\BoundMethod::callBoundMethod(Object(Illuminate\\Foundation\\Application), Array, Object(Closure))
#27 C:\\laragon\\www\\kantin-DTEDI\\vendor\\laravel\\framework\\src\\Illuminate\\Container\\Container.php(662): Illuminate\\Container\\BoundMethod::call(Object(Illuminate\\Foundation\\Application), Array, Array, NULL)
#28 C:\\laragon\\www\\kantin-DTEDI\\vendor\\laravel\\framework\\src\\Illuminate\\Console\\Command.php(211): Illuminate\\Container\\Container->call(Array)
#29 C:\\laragon\\www\\kantin-DTEDI\\vendor\\symfony\\console\\Command\\Command.php(326): Illuminate\\Console\\Command->execute(Object(Symfony\\Component\\Console\\Input\\ArrayInput), Object(Illuminate\\Console\\OutputStyle))
#30 C:\\laragon\\www\\kantin-DTEDI\\vendor\\laravel\\framework\\src\\Illuminate\\Console\\Command.php(181): Symfony\\Component\\Console\\Command\\Command->run(Object(Symfony\\Component\\Console\\Input\\ArrayInput), Object(Illuminate\\Console\\OutputStyle))
#31 C:\\laragon\\www\\kantin-DTEDI\\vendor\\laravel\\framework\\src\\Illuminate\\Console\\Concerns\\CallsCommands.php(68): Illuminate\\Console\\Command->run(Object(Symfony\\Component\\Console\\Input\\ArrayInput), Object(Illuminate\\Console\\OutputStyle))
#32 C:\\laragon\\www\\kantin-DTEDI\\vendor\\laravel\\framework\\src\\Illuminate\\Console\\Concerns\\CallsCommands.php(28): Illuminate\\Console\\Command->runCommand('db:seed', Array, Object(Illuminate\\Console\\OutputStyle))
#33 C:\\laragon\\www\\kantin-DTEDI\\vendor\\laravel\\framework\\src\\Illuminate\\Database\\Console\\Migrations\\RefreshCommand.php(136): Illuminate\\Console\\Command->call('db:seed', Array)
#34 C:\\laragon\\www\\kantin-DTEDI\\vendor\\laravel\\framework\\src\\Illuminate\\Database\\Console\\Migrations\\RefreshCommand.php(75): Illuminate\\Database\\Console\\Migrations\\RefreshCommand->runSeeder(NULL)
#35 C:\\laragon\\www\\kantin-DTEDI\\vendor\\laravel\\framework\\src\\Illuminate\\Container\\BoundMethod.php(36): Illuminate\\Database\\Console\\Migrations\\RefreshCommand->handle()
#36 C:\\laragon\\www\\kantin-DTEDI\\vendor\\laravel\\framework\\src\\Illuminate\\Container\\Util.php(41): Illuminate\\Container\\BoundMethod::Illuminate\\Container\\{closure}()
#37 C:\\laragon\\www\\kantin-DTEDI\\vendor\\laravel\\framework\\src\\Illuminate\\Container\\BoundMethod.php(93): Illuminate\\Container\\Util::unwrapIfClosure(Object(Closure))
#38 C:\\laragon\\www\\kantin-DTEDI\\vendor\\laravel\\framework\\src\\Illuminate\\Container\\BoundMethod.php(37): Illuminate\\Container\\BoundMethod::callBoundMethod(Object(Illuminate\\Foundation\\Application), Array, Object(Closure))
#39 C:\\laragon\\www\\kantin-DTEDI\\vendor\\laravel\\framework\\src\\Illuminate\\Container\\Container.php(662): Illuminate\\Container\\BoundMethod::call(Object(Illuminate\\Foundation\\Application), Array, Array, NULL)
#40 C:\\laragon\\www\\kantin-DTEDI\\vendor\\laravel\\framework\\src\\Illuminate\\Console\\Command.php(211): Illuminate\\Container\\Container->call(Array)
#41 C:\\laragon\\www\\kantin-DTEDI\\vendor\\symfony\\console\\Command\\Command.php(326): Illuminate\\Console\\Command->execute(Object(Symfony\\Component\\Console\\Input\\ArgvInput), Object(Illuminate\\Console\\OutputStyle))
#42 C:\\laragon\\www\\kantin-DTEDI\\vendor\\laravel\\framework\\src\\Illuminate\\Console\\Command.php(181): Symfony\\Component\\Console\\Command\\Command->run(Object(Symfony\\Component\\Console\\Input\\ArgvInput), Object(Illuminate\\Console\\OutputStyle))
#43 C:\\laragon\\www\\kantin-DTEDI\\vendor\\symfony\\console\\Application.php(1096): Illuminate\\Console\\Command->run(Object(Symfony\\Component\\Console\\Input\\ArgvInput), Object(Symfony\\Component\\Console\\Output\\ConsoleOutput))
#44 C:\\laragon\\www\\kantin-DTEDI\\vendor\\symfony\\console\\Application.php(324): Symfony\\Component\\Console\\Application->doRunCommand(Object(Illuminate\\Database\\Console\\Migrations\\RefreshCommand), Object(Symfony\\Component\\Console\\Input\\ArgvInput), Object(Symfony\\Component\\Console\\Output\\ConsoleOutput))
#45 C:\\laragon\\www\\kantin-DTEDI\\vendor\\symfony\\console\\Application.php(175): Symfony\\Component\\Console\\Application->doRun(Object(Symfony\\Component\\Console\\Input\\ArgvInput), Object(Symfony\\Component\\Console\\Output\\ConsoleOutput))
#46 C:\\laragon\\www\\kantin-DTEDI\\vendor\\laravel\\framework\\src\\Illuminate\\Foundation\\Console\\Kernel.php(201): Symfony\\Component\\Console\\Application->run(Object(Symfony\\Component\\Console\\Input\\ArgvInput), Object(Symfony\\Component\\Console\\Output\\ConsoleOutput))
#47 C:\\laragon\\www\\kantin-DTEDI\\artisan(37): Illuminate\\Foundation\\Console\\Kernel->handle(Object(Symfony\\Component\\Console\\Input\\ArgvInput), Object(Symfony\\Component\\Console\\Output\\ConsoleOutput))
#48 {main}

[previous exception] [object] (PDOException(code: 42S22): SQLSTATE[42S22]: Column not found: 1054 Unknown column 'username' in 'field list' at C:\\laragon\\www\\kantin-DTEDI\\vendor\\laravel\\framework\\src\\Illuminate\\Database\\MySqlConnection.php:39)
[stacktrace]
#0 C:\\laragon\\www\\kantin-DTEDI\\vendor\\laravel\\framework\\src\\Illuminate\\Database\\MySqlConnection.php(39): PDO->prepare('insert into `ca...')
#1 C:\\laragon\\www\\kantin-DTEDI\\vendor\\laravel\\framework\\src\\Illuminate\\Database\\Connection.php(816): Illuminate\\Database\\MySqlConnection->Illuminate\\Database\\{closure}('insert into `ca...', Array)
#2 C:\\laragon\\www\\kantin-DTEDI\\vendor\\laravel\\framework\\src\\Illuminate\\Database\\Connection.php(783): Illuminate\\Database\\Connection->runQueryCallback('insert into `ca...', Array, Object(Closure))
#3 C:\\laragon\\www\\kantin-DTEDI\\vendor\\laravel\\framework\\src\\Illuminate\\Database\\MySqlConnection.php(50): Illuminate\\Database\\Connection->run('insert into `ca...', Array, Object(Closure))
#4 C:\\laragon\\www\\kantin-DTEDI\\vendor\\laravel\\framework\\src\\Illuminate\\Database\\Query\\Builder.php(3500): Illuminate\\Database\\MySqlConnection->insert('insert into `ca...', Array)
#5 C:\\laragon\\www\\kantin-DTEDI\\database\\seeders\\CashierSeeder.php(17): Illuminate\\Database\\Query\\Builder->insert(Array)
#6 C:\\laragon\\www\\kantin-DTEDI\\vendor\\laravel\\framework\\src\\Illuminate\\Container\\BoundMethod.php(36): Database\\Seeders\\CashierSeeder->run()
#7 C:\\laragon\\www\\kantin-DTEDI\\vendor\\laravel\\framework\\src\\Illuminate\\Container\\Util.php(41): Illuminate\\Container\\BoundMethod::Illuminate\\Container\\{closure}()
#8 C:\\laragon\\www\\kantin-DTEDI\\vendor\\laravel\\framework\\src\\Illuminate\\Container\\BoundMethod.php(93): Illuminate\\Container\\Util::unwrapIfClosure(Object(Closure))
#9 C:\\laragon\\www\\kantin-DTEDI\\vendor\\laravel\\framework\\src\\Illuminate\\Container\\BoundMethod.php(37): Illuminate\\Container\\BoundMethod::callBoundMethod(Object(Illuminate\\Foundation\\Application), Array, Object(Closure))
#10 C:\\laragon\\www\\kantin-DTEDI\\vendor\\laravel\\framework\\src\\Illuminate\\Container\\Container.php(662): Illuminate\\Container\\BoundMethod::call(Object(Illuminate\\Foundation\\Application), Array, Array, NULL)
#11 C:\\laragon\\www\\kantin-DTEDI\\vendor\\laravel\\framework\\src\\Illuminate\\Database\\Seeder.php(184): Illuminate\\Container\\Container->call(Array, Array)
#12 C:\\laragon\\www\\kantin-DTEDI\\vendor\\laravel\\framework\\src\\Illuminate\\Database\\Seeder.php(193): Illuminate\\Database\\Seeder->Illuminate\\Database\\{closure}()
#13 C:\\laragon\\www\\kantin-DTEDI\\vendor\\laravel\\framework\\src\\Illuminate\\Database\\Seeder.php(61): Illuminate\\Database\\Seeder->__invoke(Array)
#14 C:\\laragon\\www\\kantin-DTEDI\\database\\seeders\\DatabaseSeeder.php(16): Illuminate\\Database\\Seeder->call('Database\\\\Seeder...')
#15 C:\\laragon\\www\\kantin-DTEDI\\vendor\\laravel\\framework\\src\\Illuminate\\Container\\BoundMethod.php(36): Database\\Seeders\\DatabaseSeeder->run()
#16 C:\\laragon\\www\\kantin-DTEDI\\vendor\\laravel\\framework\\src\\Illuminate\\Container\\Util.php(41): Illuminate\\Container\\BoundMethod::Illuminate\\Container\\{closure}()
#17 C:\\laragon\\www\\kantin-DTEDI\\vendor\\laravel\\framework\\src\\Illuminate\\Container\\BoundMethod.php(93): Illuminate\\Container\\Util::unwrapIfClosure(Object(Closure))
#18 C:\\laragon\\www\\kantin-DTEDI\\vendor\\laravel\\framework\\src\\Illuminate\\Container\\BoundMethod.php(37): Illuminate\\Container\\BoundMethod::callBoundMethod(Object(Illuminate\\Foundation\\Application), Array, Object(Closure))
#19 C:\\laragon\\www\\kantin-DTEDI\\vendor\\laravel\\framework\\src\\Illuminate\\Container\\Container.php(662): Illuminate\\Container\\BoundMethod::call(Object(Illuminate\\Foundation\\Application), Array, Array, NULL)
#20 C:\\laragon\\www\\kantin-DTEDI\\vendor\\laravel\\framework\\src\\Illuminate\\Database\\Seeder.php(184): Illuminate\\Container\\Container->call(Array, Array)
#21 C:\\laragon\\www\\kantin-DTEDI\\vendor\\laravel\\framework\\src\\Illuminate\\Database\\Seeder.php(193): Illuminate\\Database\\Seeder->Illuminate\\Database\\{closure}()
#22 C:\\laragon\\www\\kantin-DTEDI\\vendor\\laravel\\framework\\src\\Illuminate\\Database\\Console\\Seeds\\SeedCommand.php(70): Illuminate\\Database\\Seeder->__invoke()
#23 C:\\laragon\\www\\kantin-DTEDI\\vendor\\laravel\\framework\\src\\Illuminate\\Database\\Eloquent\\Concerns\\GuardsAttributes.php(155): Illuminate\\Database\\Console\\Seeds\\SeedCommand->Illuminate\\Database\\Console\\Seeds\\{closure}()
#24 C:\\laragon\\www\\kantin-DTEDI\\vendor\\laravel\\framework\\src\\Illuminate\\Database\\Console\\Seeds\\SeedCommand.php(71): Illuminate\\Database\\Eloquent\\Model::unguarded(Object(Closure))
#25 C:\\laragon\\www\\kantin-DTEDI\\vendor\\laravel\\framework\\src\\Illuminate\\Container\\BoundMethod.php(36): Illuminate\\Database\\Console\\Seeds\\SeedCommand->handle()
#26 C:\\laragon\\www\\kantin-DTEDI\\vendor\\laravel\\framework\\src\\Illuminate\\Container\\Util.php(41): Illuminate\\Container\\BoundMethod::Illuminate\\Container\\{closure}()
#27 C:\\laragon\\www\\kantin-DTEDI\\vendor\\laravel\\framework\\src\\Illuminate\\Container\\BoundMethod.php(93): Illuminate\\Container\\Util::unwrapIfClosure(Object(Closure))
#28 C:\\laragon\\www\\kantin-DTEDI\\vendor\\laravel\\framework\\src\\Illuminate\\Container\\BoundMethod.php(37): Illuminate\\Container\\BoundMethod::callBoundMethod(Object(Illuminate\\Foundation\\Application), Array, Object(Closure))
#29 C:\\laragon\\www\\kantin-DTEDI\\vendor\\laravel\\framework\\src\\Illuminate\\Container\\Container.php(662): Illuminate\\Container\\BoundMethod::call(Object(Illuminate\\Foundation\\Application), Array, Array, NULL)
#30 C:\\laragon\\www\\kantin-DTEDI\\vendor\\laravel\\framework\\src\\Illuminate\\Console\\Command.php(211): Illuminate\\Container\\Container->call(Array)
#31 C:\\laragon\\www\\kantin-DTEDI\\vendor\\symfony\\console\\Command\\Command.php(326): Illuminate\\Console\\Command->execute(Object(Symfony\\Component\\Console\\Input\\ArrayInput), Object(Illuminate\\Console\\OutputStyle))
#32 C:\\laragon\\www\\kantin-DTEDI\\vendor\\laravel\\framework\\src\\Illuminate\\Console\\Command.php(181): Symfony\\Component\\Console\\Command\\Command->run(Object(Symfony\\Component\\Console\\Input\\ArrayInput), Object(Illuminate\\Console\\OutputStyle))
#33 C:\\laragon\\www\\kantin-DTEDI\\vendor\\laravel\\framework\\src\\Illuminate\\Console\\Concerns\\CallsCommands.php(68): Illuminate\\Console\\Command->run(Object(Symfony\\Component\\Console\\Input\\ArrayInput), Object(Illuminate\\Console\\OutputStyle))
#34 C:\\laragon\\www\\kantin-DTEDI\\vendor\\laravel\\framework\\src\\Illuminate\\Console\\Concerns\\CallsCommands.php(28): Illuminate\\Console\\Command->runCommand('db:seed', Array, Object(Illuminate\\Console\\OutputStyle))
#35 C:\\laragon\\www\\kantin-DTEDI\\vendor\\laravel\\framework\\src\\Illuminate\\Database\\Console\\Migrations\\RefreshCommand.php(136): Illuminate\\Console\\Command->call('db:seed', Array)
#36 C:\\laragon\\www\\kantin-DTEDI\\vendor\\laravel\\framework\\src\\Illuminate\\Database\\Console\\Migrations\\RefreshCommand.php(75): Illuminate\\Database\\Console\\Migrations\\RefreshCommand->runSeeder(NULL)
#37 C:\\laragon\\www\\kantin-DTEDI\\vendor\\laravel\\framework\\src\\Illuminate\\Container\\BoundMethod.php(36): Illuminate\\Database\\Console\\Migrations\\RefreshCommand->handle()
#38 C:\\laragon\\www\\kantin-DTEDI\\vendor\\laravel\\framework\\src\\Illuminate\\Container\\Util.php(41): Illuminate\\Container\\BoundMethod::Illuminate\\Container\\{closure}()
#39 C:\\laragon\\www\\kantin-DTEDI\\vendor\\laravel\\framework\\src\\Illuminate\\Container\\BoundMethod.php(93): Illuminate\\Container\\Util::unwrapIfClosure(Object(Closure))
#40 C:\\laragon\\www\\kantin-DTEDI\\vendor\\laravel\\framework\\src\\Illuminate\\Container\\BoundMethod.php(37): Illuminate\\Container\\BoundMethod::callBoundMethod(Object(Illuminate\\Foundation\\Application), Array, Object(Closure))
#41 C:\\laragon\\www\\kantin-DTEDI\\vendor\\laravel\\framework\\src\\Illuminate\\Container\\Container.php(662): Illuminate\\Container\\BoundMethod::call(Object(Illuminate\\Foundation\\Application), Array, Array, NULL)
#42 C:\\laragon\\www\\kantin-DTEDI\\vendor\\laravel\\framework\\src\\Illuminate\\Console\\Command.php(211): Illuminate\\Container\\Container->call(Array)
#43 C:\\laragon\\www\\kantin-DTEDI\\vendor\\symfony\\console\\Command\\Command.php(326): Illuminate\\Console\\Command->execute(Object(Symfony\\Component\\Console\\Input\\ArgvInput), Object(Illuminate\\Console\\OutputStyle))
#44 C:\\laragon\\www\\kantin-DTEDI\\vendor\\laravel\\framework\\src\\Illuminate\\Console\\Command.php(181): Symfony\\Component\\Console\\Command\\Command->run(Object(Symfony\\Component\\Console\\Input\\ArgvInput), Object(Illuminate\\Console\\OutputStyle))
#45 C:\\laragon\\www\\kantin-DTEDI\\vendor\\symfony\\console\\Application.php(1096): Illuminate\\Console\\Command->run(Object(Symfony\\Component\\Console\\Input\\ArgvInput), Object(Symfony\\Component\\Console\\Output\\ConsoleOutput))
#46 C:\\laragon\\www\\kantin-DTEDI\\vendor\\symfony\\console\\Application.php(324): Symfony\\Component\\Console\\Application->doRunCommand(Object(Illuminate\\Database\\Console\\Migrations\\RefreshCommand), Object(Symfony\\Component\\Console\\Input\\ArgvInput), Object(Symfony\\Component\\Console\\Output\\ConsoleOutput))
#47 C:\\laragon\\www\\kantin-DTEDI\\vendor\\symfony\\console\\Application.php(175): Symfony\\Component\\Console\\Application->doRun(Object(Symfony\\Component\\Console\\Input\\ArgvInput), Object(Symfony\\Component\\Console\\Output\\ConsoleOutput))
#48 C:\\laragon\\www\\kantin-DTEDI\\vendor\\laravel\\framework\\src\\Illuminate\\Foundation\\Console\\Kernel.php(201): Symfony\\Component\\Console\\Application->run(Object(Symfony\\Component\\Console\\Input\\ArgvInput), Object(Symfony\\Component\\Console\\Output\\ConsoleOutput))
#49 C:\\laragon\\www\\kantin-DTEDI\\artisan(37): Illuminate\\Foundation\\Console\\Kernel->handle(Object(Symfony\\Component\\Console\\Input\\ArgvInput), Object(Symfony\\Component\\Console\\Output\\ConsoleOutput))
#50 {main}
"} 
[2025-02-22 05:08:42] production.ERROR: No application encryption key has been specified. {"exception":"[object] (Illuminate\\Encryption\\MissingAppKeyException(code: 0): No application encryption key has been specified. at D:\\File Khan\\Koolyeah\\Sem 4\\PAD2\\kantin_dtedi\\vendor\\laravel\\framework\\src\\Illuminate\\Encryption\\EncryptionServiceProvider.php:79)
[stacktrace]
#0 D:\\File Khan\\Koolyeah\\Sem 4\\PAD2\\kantin_dtedi\\vendor\\laravel\\framework\\src\\Illuminate\\Support\\helpers.php(307): Illuminate\\Encryption\\EncryptionServiceProvider->Illuminate\\Encryption\\{closure}(NULL)
#1 D:\\File Khan\\Koolyeah\\Sem 4\\PAD2\\kantin_dtedi\\vendor\\laravel\\framework\\src\\Illuminate\\Encryption\\EncryptionServiceProvider.php(81): tap(NULL, Object(Closure))
#2 D:\\File Khan\\Koolyeah\\Sem 4\\PAD2\\kantin_dtedi\\vendor\\laravel\\framework\\src\\Illuminate\\Encryption\\EncryptionServiceProvider.php(60): Illuminate\\Encryption\\EncryptionServiceProvider->key(Array)
#3 D:\\File Khan\\Koolyeah\\Sem 4\\PAD2\\kantin_dtedi\\vendor\\laravel\\framework\\src\\Illuminate\\Encryption\\EncryptionServiceProvider.php(32): Illuminate\\Encryption\\EncryptionServiceProvider->parseKey(Array)
#4 D:\\File Khan\\Koolyeah\\Sem 4\\PAD2\\kantin_dtedi\\vendor\\laravel\\framework\\src\\Illuminate\\Container\\Container.php(908): Illuminate\\Encryption\\EncryptionServiceProvider->Illuminate\\Encryption\\{closure}(Object(Illuminate\\Foundation\\Application), Array)
#5 D:\\File Khan\\Koolyeah\\Sem 4\\PAD2\\kantin_dtedi\\vendor\\laravel\\framework\\src\\Illuminate\\Container\\Container.php(795): Illuminate\\Container\\Container->build(Object(Closure))
#6 D:\\File Khan\\Koolyeah\\Sem 4\\PAD2\\kantin_dtedi\\vendor\\laravel\\framework\\src\\Illuminate\\Foundation\\Application.php(961): Illuminate\\Container\\Container->resolve('encrypter', Array, true)
#7 D:\\File Khan\\Koolyeah\\Sem 4\\PAD2\\kantin_dtedi\\vendor\\laravel\\framework\\src\\Illuminate\\Container\\Container.php(731): Illuminate\\Foundation\\Application->resolve('encrypter', Array)
#8 D:\\File Khan\\Koolyeah\\Sem 4\\PAD2\\kantin_dtedi\\vendor\\laravel\\framework\\src\\Illuminate\\Foundation\\Application.php(946): Illuminate\\Container\\Container->make('encrypter', Array)
#9 D:\\File Khan\\Koolyeah\\Sem 4\\PAD2\\kantin_dtedi\\vendor\\laravel\\framework\\src\\Illuminate\\Container\\Container.php(1066): Illuminate\\Foundation\\Application->make('encrypter')
#10 D:\\File Khan\\Koolyeah\\Sem 4\\PAD2\\kantin_dtedi\\vendor\\laravel\\framework\\src\\Illuminate\\Container\\Container.php(982): Illuminate\\Container\\Container->resolveClass(Object(ReflectionParameter))
#11 D:\\File Khan\\Koolyeah\\Sem 4\\PAD2\\kantin_dtedi\\vendor\\laravel\\framework\\src\\Illuminate\\Container\\Container.php(943): Illuminate\\Container\\Container->resolveDependencies(Array)
#12 D:\\File Khan\\Koolyeah\\Sem 4\\PAD2\\kantin_dtedi\\vendor\\laravel\\framework\\src\\Illuminate\\Container\\Container.php(795): Illuminate\\Container\\Container->build('App\\\\Http\\\\Middle...')
#13 D:\\File Khan\\Koolyeah\\Sem 4\\PAD2\\kantin_dtedi\\vendor\\laravel\\framework\\src\\Illuminate\\Foundation\\Application.php(961): Illuminate\\Container\\Container->resolve('App\\\\Http\\\\Middle...', Array, true)
#14 D:\\File Khan\\Koolyeah\\Sem 4\\PAD2\\kantin_dtedi\\vendor\\laravel\\framework\\src\\Illuminate\\Container\\Container.php(731): Illuminate\\Foundation\\Application->resolve('App\\\\Http\\\\Middle...', Array)
#15 D:\\File Khan\\Koolyeah\\Sem 4\\PAD2\\kantin_dtedi\\vendor\\laravel\\framework\\src\\Illuminate\\Foundation\\Application.php(946): Illuminate\\Container\\Container->make('App\\\\Http\\\\Middle...', Array)
#16 D:\\File Khan\\Koolyeah\\Sem 4\\PAD2\\kantin_dtedi\\vendor\\laravel\\framework\\src\\Illuminate\\Pipeline\\Pipeline.php(172): Illuminate\\Foundation\\Application->make('App\\\\Http\\\\Middle...')
#17 D:\\File Khan\\Koolyeah\\Sem 4\\PAD2\\kantin_dtedi\\vendor\\laravel\\framework\\src\\Illuminate\\Pipeline\\Pipeline.php(119): Illuminate\\Pipeline\\Pipeline->Illuminate\\Pipeline\\{closure}(Object(Illuminate\\Http\\Request))
#18 D:\\File Khan\\Koolyeah\\Sem 4\\PAD2\\kantin_dtedi\\vendor\\laravel\\framework\\src\\Illuminate\\Routing\\Router.php(807): Illuminate\\Pipeline\\Pipeline->then(Object(Closure))
#19 D:\\File Khan\\Koolyeah\\Sem 4\\PAD2\\kantin_dtedi\\vendor\\laravel\\framework\\src\\Illuminate\\Routing\\Router.php(784): Illuminate\\Routing\\Router->runRouteWithinStack(Object(Illuminate\\Routing\\Route), Object(Illuminate\\Http\\Request))
#20 D:\\File Khan\\Koolyeah\\Sem 4\\PAD2\\kantin_dtedi\\vendor\\laravel\\framework\\src\\Illuminate\\Routing\\Router.php(748): Illuminate\\Routing\\Router->runRoute(Object(Illuminate\\Http\\Request), Object(Illuminate\\Routing\\Route))
#21 D:\\File Khan\\Koolyeah\\Sem 4\\PAD2\\kantin_dtedi\\vendor\\laravel\\framework\\src\\Illuminate\\Routing\\Router.php(737): Illuminate\\Routing\\Router->dispatchToRoute(Object(Illuminate\\Http\\Request))
#22 D:\\File Khan\\Koolyeah\\Sem 4\\PAD2\\kantin_dtedi\\vendor\\laravel\\framework\\src\\Illuminate\\Foundation\\Http\\Kernel.php(200): Illuminate\\Routing\\Router->dispatch(Object(Illuminate\\Http\\Request))
#23 D:\\File Khan\\Koolyeah\\Sem 4\\PAD2\\kantin_dtedi\\vendor\\laravel\\framework\\src\\Illuminate\\Pipeline\\Pipeline.php(144): Illuminate\\Foundation\\Http\\Kernel->Illuminate\\Foundation\\Http\\{closure}(Object(Illuminate\\Http\\Request))
#24 D:\\File Khan\\Koolyeah\\Sem 4\\PAD2\\kantin_dtedi\\vendor\\laravel\\framework\\src\\Illuminate\\Foundation\\Http\\Middleware\\TransformsRequest.php(21): Illuminate\\Pipeline\\Pipeline->Illuminate\\Pipeline\\{closure}(Object(Illuminate\\Http\\Request))
#25 D:\\File Khan\\Koolyeah\\Sem 4\\PAD2\\kantin_dtedi\\vendor\\laravel\\framework\\src\\Illuminate\\Foundation\\Http\\Middleware\\ConvertEmptyStringsToNull.php(31): Illuminate\\Foundation\\Http\\Middleware\\TransformsRequest->handle(Object(Illuminate\\Http\\Request), Object(Closure))
#26 D:\\File Khan\\Koolyeah\\Sem 4\\PAD2\\kantin_dtedi\\vendor\\laravel\\framework\\src\\Illuminate\\Pipeline\\Pipeline.php(183): Illuminate\\Foundation\\Http\\Middleware\\ConvertEmptyStringsToNull->handle(Object(Illuminate\\Http\\Request), Object(Closure))
#27 D:\\File Khan\\Koolyeah\\Sem 4\\PAD2\\kantin_dtedi\\vendor\\laravel\\framework\\src\\Illuminate\\Foundation\\Http\\Middleware\\TransformsRequest.php(21): Illuminate\\Pipeline\\Pipeline->Illuminate\\Pipeline\\{closure}(Object(Illuminate\\Http\\Request))
#28 D:\\File Khan\\Koolyeah\\Sem 4\\PAD2\\kantin_dtedi\\vendor\\laravel\\framework\\src\\Illuminate\\Foundation\\Http\\Middleware\\TrimStrings.php(40): Illuminate\\Foundation\\Http\\Middleware\\TransformsRequest->handle(Object(Illuminate\\Http\\Request), Object(Closure))
#29 D:\\File Khan\\Koolyeah\\Sem 4\\PAD2\\kantin_dtedi\\vendor\\laravel\\framework\\src\\Illuminate\\Pipeline\\Pipeline.php(183): Illuminate\\Foundation\\Http\\Middleware\\TrimStrings->handle(Object(Illuminate\\Http\\Request), Object(Closure))
#30 D:\\File Khan\\Koolyeah\\Sem 4\\PAD2\\kantin_dtedi\\vendor\\laravel\\framework\\src\\Illuminate\\Foundation\\Http\\Middleware\\ValidatePostSize.php(27): Illuminate\\Pipeline\\Pipeline->Illuminate\\Pipeline\\{closure}(Object(Illuminate\\Http\\Request))
#31 D:\\File Khan\\Koolyeah\\Sem 4\\PAD2\\kantin_dtedi\\vendor\\laravel\\framework\\src\\Illuminate\\Pipeline\\Pipeline.php(183): Illuminate\\Foundation\\Http\\Middleware\\ValidatePostSize->handle(Object(Illuminate\\Http\\Request), Object(Closure))
#32 D:\\File Khan\\Koolyeah\\Sem 4\\PAD2\\kantin_dtedi\\vendor\\laravel\\framework\\src\\Illuminate\\Foundation\\Http\\Middleware\\PreventRequestsDuringMaintenance.php(99): Illuminate\\Pipeline\\Pipeline->Illuminate\\Pipeline\\{closure}(Object(Illuminate\\Http\\Request))
#33 D:\\File Khan\\Koolyeah\\Sem 4\\PAD2\\kantin_dtedi\\vendor\\laravel\\framework\\src\\Illuminate\\Pipeline\\Pipeline.php(183): Illuminate\\Foundation\\Http\\Middleware\\PreventRequestsDuringMaintenance->handle(Object(Illuminate\\Http\\Request), Object(Closure))
#34 D:\\File Khan\\Koolyeah\\Sem 4\\PAD2\\kantin_dtedi\\vendor\\laravel\\framework\\src\\Illuminate\\Http\\Middleware\\HandleCors.php(49): Illuminate\\Pipeline\\Pipeline->Illuminate\\Pipeline\\{closure}(Object(Illuminate\\Http\\Request))
#35 D:\\File Khan\\Koolyeah\\Sem 4\\PAD2\\kantin_dtedi\\vendor\\laravel\\framework\\src\\Illuminate\\Pipeline\\Pipeline.php(183): Illuminate\\Http\\Middleware\\HandleCors->handle(Object(Illuminate\\Http\\Request), Object(Closure))
#36 D:\\File Khan\\Koolyeah\\Sem 4\\PAD2\\kantin_dtedi\\vendor\\laravel\\framework\\src\\Illuminate\\Http\\Middleware\\TrustProxies.php(39): Illuminate\\Pipeline\\Pipeline->Illuminate\\Pipeline\\{closure}(Object(Illuminate\\Http\\Request))
#37 D:\\File Khan\\Koolyeah\\Sem 4\\PAD2\\kantin_dtedi\\vendor\\laravel\\framework\\src\\Illuminate\\Pipeline\\Pipeline.php(183): Illuminate\\Http\\Middleware\\TrustProxies->handle(Object(Illuminate\\Http\\Request), Object(Closure))
#38 D:\\File Khan\\Koolyeah\\Sem 4\\PAD2\\kantin_dtedi\\vendor\\laravel\\framework\\src\\Illuminate\\Pipeline\\Pipeline.php(119): Illuminate\\Pipeline\\Pipeline->Illuminate\\Pipeline\\{closure}(Object(Illuminate\\Http\\Request))
#39 D:\\File Khan\\Koolyeah\\Sem 4\\PAD2\\kantin_dtedi\\vendor\\laravel\\framework\\src\\Illuminate\\Foundation\\Http\\Kernel.php(175): Illuminate\\Pipeline\\Pipeline->then(Object(Closure))
#40 D:\\File Khan\\Koolyeah\\Sem 4\\PAD2\\kantin_dtedi\\vendor\\laravel\\framework\\src\\Illuminate\\Foundation\\Http\\Kernel.php(144): Illuminate\\Foundation\\Http\\Kernel->sendRequestThroughRouter(Object(Illuminate\\Http\\Request))
#41 D:\\File Khan\\Koolyeah\\Sem 4\\PAD2\\kantin_dtedi\\public\\index.php(52): Illuminate\\Foundation\\Http\\Kernel->handle(Object(Illuminate\\Http\\Request))
#42 D:\\File Khan\\Koolyeah\\Sem 4\\PAD2\\kantin_dtedi\\vendor\\laravel\\framework\\src\\Illuminate\\Foundation\\resources\\server.php(16): require_once('D:\\\\File Khan\\\\Ko...')
#43 {main}
"} 
[2025-02-22 05:08:42] production.ERROR: No application encryption key has been specified. {"exception":"[object] (Illuminate\\Encryption\\MissingAppKeyException(code: 0): No application encryption key has been specified. at D:\\File Khan\\Koolyeah\\Sem 4\\PAD2\\kantin_dtedi\\vendor\\laravel\\framework\\src\\Illuminate\\Encryption\\EncryptionServiceProvider.php:79)
[stacktrace]
#0 D:\\File Khan\\Koolyeah\\Sem 4\\PAD2\\kantin_dtedi\\vendor\\laravel\\framework\\src\\Illuminate\\Support\\helpers.php(307): Illuminate\\Encryption\\EncryptionServiceProvider->Illuminate\\Encryption\\{closure}(NULL)
#1 D:\\File Khan\\Koolyeah\\Sem 4\\PAD2\\kantin_dtedi\\vendor\\laravel\\framework\\src\\Illuminate\\Encryption\\EncryptionServiceProvider.php(81): tap(NULL, Object(Closure))
#2 D:\\File Khan\\Koolyeah\\Sem 4\\PAD2\\kantin_dtedi\\vendor\\laravel\\framework\\src\\Illuminate\\Encryption\\EncryptionServiceProvider.php(60): Illuminate\\Encryption\\EncryptionServiceProvider->key(Array)
#3 D:\\File Khan\\Koolyeah\\Sem 4\\PAD2\\kantin_dtedi\\vendor\\laravel\\framework\\src\\Illuminate\\Encryption\\EncryptionServiceProvider.php(32): Illuminate\\Encryption\\EncryptionServiceProvider->parseKey(Array)
#4 D:\\File Khan\\Koolyeah\\Sem 4\\PAD2\\kantin_dtedi\\vendor\\laravel\\framework\\src\\Illuminate\\Container\\Container.php(908): Illuminate\\Encryption\\EncryptionServiceProvider->Illuminate\\Encryption\\{closure}(Object(Illuminate\\Foundation\\Application), Array)
#5 D:\\File Khan\\Koolyeah\\Sem 4\\PAD2\\kantin_dtedi\\vendor\\laravel\\framework\\src\\Illuminate\\Container\\Container.php(795): Illuminate\\Container\\Container->build(Object(Closure))
#6 D:\\File Khan\\Koolyeah\\Sem 4\\PAD2\\kantin_dtedi\\vendor\\laravel\\framework\\src\\Illuminate\\Foundation\\Application.php(961): Illuminate\\Container\\Container->resolve('encrypter', Array, true)
#7 D:\\File Khan\\Koolyeah\\Sem 4\\PAD2\\kantin_dtedi\\vendor\\laravel\\framework\\src\\Illuminate\\Container\\Container.php(731): Illuminate\\Foundation\\Application->resolve('encrypter', Array)
#8 D:\\File Khan\\Koolyeah\\Sem 4\\PAD2\\kantin_dtedi\\vendor\\laravel\\framework\\src\\Illuminate\\Foundation\\Application.php(946): Illuminate\\Container\\Container->make('encrypter', Array)
#9 D:\\File Khan\\Koolyeah\\Sem 4\\PAD2\\kantin_dtedi\\vendor\\laravel\\framework\\src\\Illuminate\\Container\\Container.php(1066): Illuminate\\Foundation\\Application->make('encrypter')
#10 D:\\File Khan\\Koolyeah\\Sem 4\\PAD2\\kantin_dtedi\\vendor\\laravel\\framework\\src\\Illuminate\\Container\\Container.php(982): Illuminate\\Container\\Container->resolveClass(Object(ReflectionParameter))
#11 D:\\File Khan\\Koolyeah\\Sem 4\\PAD2\\kantin_dtedi\\vendor\\laravel\\framework\\src\\Illuminate\\Container\\Container.php(943): Illuminate\\Container\\Container->resolveDependencies(Array)
#12 D:\\File Khan\\Koolyeah\\Sem 4\\PAD2\\kantin_dtedi\\vendor\\laravel\\framework\\src\\Illuminate\\Container\\Container.php(795): Illuminate\\Container\\Container->build('App\\\\Http\\\\Middle...')
#13 D:\\File Khan\\Koolyeah\\Sem 4\\PAD2\\kantin_dtedi\\vendor\\laravel\\framework\\src\\Illuminate\\Foundation\\Application.php(961): Illuminate\\Container\\Container->resolve('App\\\\Http\\\\Middle...', Array, true)
#14 D:\\File Khan\\Koolyeah\\Sem 4\\PAD2\\kantin_dtedi\\vendor\\laravel\\framework\\src\\Illuminate\\Container\\Container.php(731): Illuminate\\Foundation\\Application->resolve('App\\\\Http\\\\Middle...', Array)
#15 D:\\File Khan\\Koolyeah\\Sem 4\\PAD2\\kantin_dtedi\\vendor\\laravel\\framework\\src\\Illuminate\\Foundation\\Application.php(946): Illuminate\\Container\\Container->make('App\\\\Http\\\\Middle...', Array)
#16 D:\\File Khan\\Koolyeah\\Sem 4\\PAD2\\kantin_dtedi\\vendor\\laravel\\framework\\src\\Illuminate\\Foundation\\Http\\Kernel.php(255): Illuminate\\Foundation\\Application->make('App\\\\Http\\\\Middle...')
#17 D:\\File Khan\\Koolyeah\\Sem 4\\PAD2\\kantin_dtedi\\vendor\\laravel\\framework\\src\\Illuminate\\Foundation\\Http\\Kernel.php(213): Illuminate\\Foundation\\Http\\Kernel->terminateMiddleware(Object(Illuminate\\Http\\Request), Object(Illuminate\\Http\\Response))
#18 D:\\File Khan\\Koolyeah\\Sem 4\\PAD2\\kantin_dtedi\\public\\index.php(55): Illuminate\\Foundation\\Http\\Kernel->terminate(Object(Illuminate\\Http\\Request), Object(Illuminate\\Http\\Response))
#19 D:\\File Khan\\Koolyeah\\Sem 4\\PAD2\\kantin_dtedi\\vendor\\laravel\\framework\\src\\Illuminate\\Foundation\\resources\\server.php(16): require_once('D:\\\\File Khan\\\\Ko...')
#20 {main}
"} 
[2025-02-22 05:08:51] production.ERROR: Route [login] not defined. {"exception":"[object] (Symfony\\Component\\Routing\\Exception\\RouteNotFoundException(code: 0): Route [login] not defined. at D:\\File Khan\\Koolyeah\\Sem 4\\PAD2\\kantin_dtedi\\vendor\\laravel\\framework\\src\\Illuminate\\Routing\\UrlGenerator.php:477)
[stacktrace]
#0 D:\\File Khan\\Koolyeah\\Sem 4\\PAD2\\kantin_dtedi\\vendor\\laravel\\framework\\src\\Illuminate\\Foundation\\helpers.php(811): Illuminate\\Routing\\UrlGenerator->route('login', Array, true)
#1 D:\\File Khan\\Koolyeah\\Sem 4\\PAD2\\kantin_dtedi\\app\\Http\\Middleware\\Authenticate.php(15): route('login')
#2 D:\\File Khan\\Koolyeah\\Sem 4\\PAD2\\kantin_dtedi\\vendor\\laravel\\framework\\src\\Illuminate\\Auth\\Middleware\\Authenticate.php(96): App\\Http\\Middleware\\Authenticate->redirectTo(Object(Illuminate\\Http\\Request))
#3 D:\\File Khan\\Koolyeah\\Sem 4\\PAD2\\kantin_dtedi\\vendor\\laravel\\framework\\src\\Illuminate\\Auth\\Middleware\\Authenticate.php(81): Illuminate\\Auth\\Middleware\\Authenticate->unauthenticated(Object(Illuminate\\Http\\Request), Array)
#4 D:\\File Khan\\Koolyeah\\Sem 4\\PAD2\\kantin_dtedi\\vendor\\laravel\\framework\\src\\Illuminate\\Auth\\Middleware\\Authenticate.php(55): Illuminate\\Auth\\Middleware\\Authenticate->authenticate(Object(Illuminate\\Http\\Request), Array)
#5 D:\\File Khan\\Koolyeah\\Sem 4\\PAD2\\kantin_dtedi\\vendor\\laravel\\framework\\src\\Illuminate\\Pipeline\\Pipeline.php(183): Illuminate\\Auth\\Middleware\\Authenticate->handle(Object(Illuminate\\Http\\Request), Object(Closure), 'sanctum')
#6 D:\\File Khan\\Koolyeah\\Sem 4\\PAD2\\kantin_dtedi\\vendor\\laravel\\sanctum\\src\\Http\\Middleware\\EnsureFrontendRequestsAreStateful.php(25): Illuminate\\Pipeline\\Pipeline->Illuminate\\Pipeline\\{closure}(Object(Illuminate\\Http\\Request))
#7 D:\\File Khan\\Koolyeah\\Sem 4\\PAD2\\kantin_dtedi\\vendor\\laravel\\framework\\src\\Illuminate\\Pipeline\\Pipeline.php(144): Laravel\\Sanctum\\Http\\Middleware\\EnsureFrontendRequestsAreStateful->Laravel\\Sanctum\\Http\\Middleware\\{closure}(Object(Illuminate\\Http\\Request))
#8 D:\\File Khan\\Koolyeah\\Sem 4\\PAD2\\kantin_dtedi\\vendor\\laravel\\framework\\src\\Illuminate\\Pipeline\\Pipeline.php(119): Illuminate\\Pipeline\\Pipeline->Illuminate\\Pipeline\\{closure}(Object(Illuminate\\Http\\Request))
#9 D:\\File Khan\\Koolyeah\\Sem 4\\PAD2\\kantin_dtedi\\vendor\\laravel\\sanctum\\src\\Http\\Middleware\\EnsureFrontendRequestsAreStateful.php(26): Illuminate\\Pipeline\\Pipeline->then(Object(Closure))
#10 D:\\File Khan\\Koolyeah\\Sem 4\\PAD2\\kantin_dtedi\\vendor\\laravel\\framework\\src\\Illuminate\\Pipeline\\Pipeline.php(183): Laravel\\Sanctum\\Http\\Middleware\\EnsureFrontendRequestsAreStateful->handle(Object(Illuminate\\Http\\Request), Object(Closure))
#11 D:\\File Khan\\Koolyeah\\Sem 4\\PAD2\\kantin_dtedi\\vendor\\laravel\\framework\\src\\Illuminate\\Pipeline\\Pipeline.php(119): Illuminate\\Pipeline\\Pipeline->Illuminate\\Pipeline\\{closure}(Object(Illuminate\\Http\\Request))
#12 D:\\File Khan\\Koolyeah\\Sem 4\\PAD2\\kantin_dtedi\\vendor\\laravel\\framework\\src\\Illuminate\\Routing\\Router.php(807): Illuminate\\Pipeline\\Pipeline->then(Object(Closure))
#13 D:\\File Khan\\Koolyeah\\Sem 4\\PAD2\\kantin_dtedi\\vendor\\laravel\\framework\\src\\Illuminate\\Routing\\Router.php(784): Illuminate\\Routing\\Router->runRouteWithinStack(Object(Illuminate\\Routing\\Route), Object(Illuminate\\Http\\Request))
#14 D:\\File Khan\\Koolyeah\\Sem 4\\PAD2\\kantin_dtedi\\vendor\\laravel\\framework\\src\\Illuminate\\Routing\\Router.php(748): Illuminate\\Routing\\Router->runRoute(Object(Illuminate\\Http\\Request), Object(Illuminate\\Routing\\Route))
#15 D:\\File Khan\\Koolyeah\\Sem 4\\PAD2\\kantin_dtedi\\vendor\\laravel\\framework\\src\\Illuminate\\Routing\\Router.php(737): Illuminate\\Routing\\Router->dispatchToRoute(Object(Illuminate\\Http\\Request))
#16 D:\\File Khan\\Koolyeah\\Sem 4\\PAD2\\kantin_dtedi\\vendor\\laravel\\framework\\src\\Illuminate\\Foundation\\Http\\Kernel.php(200): Illuminate\\Routing\\Router->dispatch(Object(Illuminate\\Http\\Request))
#17 D:\\File Khan\\Koolyeah\\Sem 4\\PAD2\\kantin_dtedi\\vendor\\laravel\\framework\\src\\Illuminate\\Pipeline\\Pipeline.php(144): Illuminate\\Foundation\\Http\\Kernel->Illuminate\\Foundation\\Http\\{closure}(Object(Illuminate\\Http\\Request))
#18 D:\\File Khan\\Koolyeah\\Sem 4\\PAD2\\kantin_dtedi\\vendor\\laravel\\framework\\src\\Illuminate\\Foundation\\Http\\Middleware\\TransformsRequest.php(21): Illuminate\\Pipeline\\Pipeline->Illuminate\\Pipeline\\{closure}(Object(Illuminate\\Http\\Request))
#19 D:\\File Khan\\Koolyeah\\Sem 4\\PAD2\\kantin_dtedi\\vendor\\laravel\\framework\\src\\Illuminate\\Foundation\\Http\\Middleware\\ConvertEmptyStringsToNull.php(31): Illuminate\\Foundation\\Http\\Middleware\\TransformsRequest->handle(Object(Illuminate\\Http\\Request), Object(Closure))
#20 D:\\File Khan\\Koolyeah\\Sem 4\\PAD2\\kantin_dtedi\\vendor\\laravel\\framework\\src\\Illuminate\\Pipeline\\Pipeline.php(183): Illuminate\\Foundation\\Http\\Middleware\\ConvertEmptyStringsToNull->handle(Object(Illuminate\\Http\\Request), Object(Closure))
#21 D:\\File Khan\\Koolyeah\\Sem 4\\PAD2\\kantin_dtedi\\vendor\\laravel\\framework\\src\\Illuminate\\Foundation\\Http\\Middleware\\TransformsRequest.php(21): Illuminate\\Pipeline\\Pipeline->Illuminate\\Pipeline\\{closure}(Object(Illuminate\\Http\\Request))
#22 D:\\File Khan\\Koolyeah\\Sem 4\\PAD2\\kantin_dtedi\\vendor\\laravel\\framework\\src\\Illuminate\\Foundation\\Http\\Middleware\\TrimStrings.php(40): Illuminate\\Foundation\\Http\\Middleware\\TransformsRequest->handle(Object(Illuminate\\Http\\Request), Object(Closure))
#23 D:\\File Khan\\Koolyeah\\Sem 4\\PAD2\\kantin_dtedi\\vendor\\laravel\\framework\\src\\Illuminate\\Pipeline\\Pipeline.php(183): Illuminate\\Foundation\\Http\\Middleware\\TrimStrings->handle(Object(Illuminate\\Http\\Request), Object(Closure))
#24 D:\\File Khan\\Koolyeah\\Sem 4\\PAD2\\kantin_dtedi\\vendor\\laravel\\framework\\src\\Illuminate\\Foundation\\Http\\Middleware\\ValidatePostSize.php(27): Illuminate\\Pipeline\\Pipeline->Illuminate\\Pipeline\\{closure}(Object(Illuminate\\Http\\Request))
#25 D:\\File Khan\\Koolyeah\\Sem 4\\PAD2\\kantin_dtedi\\vendor\\laravel\\framework\\src\\Illuminate\\Pipeline\\Pipeline.php(183): Illuminate\\Foundation\\Http\\Middleware\\ValidatePostSize->handle(Object(Illuminate\\Http\\Request), Object(Closure))
#26 D:\\File Khan\\Koolyeah\\Sem 4\\PAD2\\kantin_dtedi\\vendor\\laravel\\framework\\src\\Illuminate\\Foundation\\Http\\Middleware\\PreventRequestsDuringMaintenance.php(99): Illuminate\\Pipeline\\Pipeline->Illuminate\\Pipeline\\{closure}(Object(Illuminate\\Http\\Request))
#27 D:\\File Khan\\Koolyeah\\Sem 4\\PAD2\\kantin_dtedi\\vendor\\laravel\\framework\\src\\Illuminate\\Pipeline\\Pipeline.php(183): Illuminate\\Foundation\\Http\\Middleware\\PreventRequestsDuringMaintenance->handle(Object(Illuminate\\Http\\Request), Object(Closure))
#28 D:\\File Khan\\Koolyeah\\Sem 4\\PAD2\\kantin_dtedi\\vendor\\laravel\\framework\\src\\Illuminate\\Http\\Middleware\\HandleCors.php(62): Illuminate\\Pipeline\\Pipeline->Illuminate\\Pipeline\\{closure}(Object(Illuminate\\Http\\Request))
#29 D:\\File Khan\\Koolyeah\\Sem 4\\PAD2\\kantin_dtedi\\vendor\\laravel\\framework\\src\\Illuminate\\Pipeline\\Pipeline.php(183): Illuminate\\Http\\Middleware\\HandleCors->handle(Object(Illuminate\\Http\\Request), Object(Closure))
#30 D:\\File Khan\\Koolyeah\\Sem 4\\PAD2\\kantin_dtedi\\vendor\\laravel\\framework\\src\\Illuminate\\Http\\Middleware\\TrustProxies.php(39): Illuminate\\Pipeline\\Pipeline->Illuminate\\Pipeline\\{closure}(Object(Illuminate\\Http\\Request))
#31 D:\\File Khan\\Koolyeah\\Sem 4\\PAD2\\kantin_dtedi\\vendor\\laravel\\framework\\src\\Illuminate\\Pipeline\\Pipeline.php(183): Illuminate\\Http\\Middleware\\TrustProxies->handle(Object(Illuminate\\Http\\Request), Object(Closure))
#32 D:\\File Khan\\Koolyeah\\Sem 4\\PAD2\\kantin_dtedi\\vendor\\laravel\\framework\\src\\Illuminate\\Pipeline\\Pipeline.php(119): Illuminate\\Pipeline\\Pipeline->Illuminate\\Pipeline\\{closure}(Object(Illuminate\\Http\\Request))
#33 D:\\File Khan\\Koolyeah\\Sem 4\\PAD2\\kantin_dtedi\\vendor\\laravel\\framework\\src\\Illuminate\\Foundation\\Http\\Kernel.php(175): Illuminate\\Pipeline\\Pipeline->then(Object(Closure))
#34 D:\\File Khan\\Koolyeah\\Sem 4\\PAD2\\kantin_dtedi\\vendor\\laravel\\framework\\src\\Illuminate\\Foundation\\Http\\Kernel.php(144): Illuminate\\Foundation\\Http\\Kernel->sendRequestThroughRouter(Object(Illuminate\\Http\\Request))
#35 D:\\File Khan\\Koolyeah\\Sem 4\\PAD2\\kantin_dtedi\\public\\index.php(52): Illuminate\\Foundation\\Http\\Kernel->handle(Object(Illuminate\\Http\\Request))
#36 D:\\File Khan\\Koolyeah\\Sem 4\\PAD2\\kantin_dtedi\\vendor\\laravel\\framework\\src\\Illuminate\\Foundation\\resources\\server.php(16): require_once('D:\\\\File Khan\\\\Ko...')
#37 {main}
"} 
[2025-02-22 05:09:52] production.ERROR: No application encryption key has been specified. {"exception":"[object] (Illuminate\\Encryption\\MissingAppKeyException(code: 0): No application encryption key has been specified. at D:\\File Khan\\Koolyeah\\Sem 4\\PAD2\\kantin_dtedi\\vendor\\laravel\\framework\\src\\Illuminate\\Encryption\\EncryptionServiceProvider.php:79)
[stacktrace]
#0 D:\\File Khan\\Koolyeah\\Sem 4\\PAD2\\kantin_dtedi\\vendor\\laravel\\framework\\src\\Illuminate\\Support\\helpers.php(307): Illuminate\\Encryption\\EncryptionServiceProvider->Illuminate\\Encryption\\{closure}(NULL)
#1 D:\\File Khan\\Koolyeah\\Sem 4\\PAD2\\kantin_dtedi\\vendor\\laravel\\framework\\src\\Illuminate\\Encryption\\EncryptionServiceProvider.php(81): tap(NULL, Object(Closure))
#2 D:\\File Khan\\Koolyeah\\Sem 4\\PAD2\\kantin_dtedi\\vendor\\laravel\\framework\\src\\Illuminate\\Encryption\\EncryptionServiceProvider.php(60): Illuminate\\Encryption\\EncryptionServiceProvider->key(Array)
#3 D:\\File Khan\\Koolyeah\\Sem 4\\PAD2\\kantin_dtedi\\vendor\\laravel\\framework\\src\\Illuminate\\Encryption\\EncryptionServiceProvider.php(32): Illuminate\\Encryption\\EncryptionServiceProvider->parseKey(Array)
#4 D:\\File Khan\\Koolyeah\\Sem 4\\PAD2\\kantin_dtedi\\vendor\\laravel\\framework\\src\\Illuminate\\Container\\Container.php(908): Illuminate\\Encryption\\EncryptionServiceProvider->Illuminate\\Encryption\\{closure}(Object(Illuminate\\Foundation\\Application), Array)
#5 D:\\File Khan\\Koolyeah\\Sem 4\\PAD2\\kantin_dtedi\\vendor\\laravel\\framework\\src\\Illuminate\\Container\\Container.php(795): Illuminate\\Container\\Container->build(Object(Closure))
#6 D:\\File Khan\\Koolyeah\\Sem 4\\PAD2\\kantin_dtedi\\vendor\\laravel\\framework\\src\\Illuminate\\Foundation\\Application.php(961): Illuminate\\Container\\Container->resolve('encrypter', Array, true)
#7 D:\\File Khan\\Koolyeah\\Sem 4\\PAD2\\kantin_dtedi\\vendor\\laravel\\framework\\src\\Illuminate\\Container\\Container.php(731): Illuminate\\Foundation\\Application->resolve('encrypter', Array)
#8 D:\\File Khan\\Koolyeah\\Sem 4\\PAD2\\kantin_dtedi\\vendor\\laravel\\framework\\src\\Illuminate\\Foundation\\Application.php(946): Illuminate\\Container\\Container->make('encrypter', Array)
#9 D:\\File Khan\\Koolyeah\\Sem 4\\PAD2\\kantin_dtedi\\vendor\\laravel\\framework\\src\\Illuminate\\Container\\Container.php(1066): Illuminate\\Foundation\\Application->make('encrypter')
#10 D:\\File Khan\\Koolyeah\\Sem 4\\PAD2\\kantin_dtedi\\vendor\\laravel\\framework\\src\\Illuminate\\Container\\Container.php(982): Illuminate\\Container\\Container->resolveClass(Object(ReflectionParameter))
#11 D:\\File Khan\\Koolyeah\\Sem 4\\PAD2\\kantin_dtedi\\vendor\\laravel\\framework\\src\\Illuminate\\Container\\Container.php(943): Illuminate\\Container\\Container->resolveDependencies(Array)
#12 D:\\File Khan\\Koolyeah\\Sem 4\\PAD2\\kantin_dtedi\\vendor\\laravel\\framework\\src\\Illuminate\\Container\\Container.php(795): Illuminate\\Container\\Container->build('App\\\\Http\\\\Middle...')
#13 D:\\File Khan\\Koolyeah\\Sem 4\\PAD2\\kantin_dtedi\\vendor\\laravel\\framework\\src\\Illuminate\\Foundation\\Application.php(961): Illuminate\\Container\\Container->resolve('App\\\\Http\\\\Middle...', Array, true)
#14 D:\\File Khan\\Koolyeah\\Sem 4\\PAD2\\kantin_dtedi\\vendor\\laravel\\framework\\src\\Illuminate\\Container\\Container.php(731): Illuminate\\Foundation\\Application->resolve('App\\\\Http\\\\Middle...', Array)
#15 D:\\File Khan\\Koolyeah\\Sem 4\\PAD2\\kantin_dtedi\\vendor\\laravel\\framework\\src\\Illuminate\\Foundation\\Application.php(946): Illuminate\\Container\\Container->make('App\\\\Http\\\\Middle...', Array)
#16 D:\\File Khan\\Koolyeah\\Sem 4\\PAD2\\kantin_dtedi\\vendor\\laravel\\framework\\src\\Illuminate\\Pipeline\\Pipeline.php(172): Illuminate\\Foundation\\Application->make('App\\\\Http\\\\Middle...')
#17 D:\\File Khan\\Koolyeah\\Sem 4\\PAD2\\kantin_dtedi\\vendor\\laravel\\framework\\src\\Illuminate\\Pipeline\\Pipeline.php(119): Illuminate\\Pipeline\\Pipeline->Illuminate\\Pipeline\\{closure}(Object(Illuminate\\Http\\Request))
#18 D:\\File Khan\\Koolyeah\\Sem 4\\PAD2\\kantin_dtedi\\vendor\\laravel\\framework\\src\\Illuminate\\Routing\\Router.php(807): Illuminate\\Pipeline\\Pipeline->then(Object(Closure))
#19 D:\\File Khan\\Koolyeah\\Sem 4\\PAD2\\kantin_dtedi\\vendor\\laravel\\framework\\src\\Illuminate\\Routing\\Router.php(784): Illuminate\\Routing\\Router->runRouteWithinStack(Object(Illuminate\\Routing\\Route), Object(Illuminate\\Http\\Request))
#20 D:\\File Khan\\Koolyeah\\Sem 4\\PAD2\\kantin_dtedi\\vendor\\laravel\\framework\\src\\Illuminate\\Routing\\Router.php(748): Illuminate\\Routing\\Router->runRoute(Object(Illuminate\\Http\\Request), Object(Illuminate\\Routing\\Route))
#21 D:\\File Khan\\Koolyeah\\Sem 4\\PAD2\\kantin_dtedi\\vendor\\laravel\\framework\\src\\Illuminate\\Routing\\Router.php(737): Illuminate\\Routing\\Router->dispatchToRoute(Object(Illuminate\\Http\\Request))
#22 D:\\File Khan\\Koolyeah\\Sem 4\\PAD2\\kantin_dtedi\\vendor\\laravel\\framework\\src\\Illuminate\\Foundation\\Http\\Kernel.php(200): Illuminate\\Routing\\Router->dispatch(Object(Illuminate\\Http\\Request))
#23 D:\\File Khan\\Koolyeah\\Sem 4\\PAD2\\kantin_dtedi\\vendor\\laravel\\framework\\src\\Illuminate\\Pipeline\\Pipeline.php(144): Illuminate\\Foundation\\Http\\Kernel->Illuminate\\Foundation\\Http\\{closure}(Object(Illuminate\\Http\\Request))
#24 D:\\File Khan\\Koolyeah\\Sem 4\\PAD2\\kantin_dtedi\\vendor\\laravel\\framework\\src\\Illuminate\\Foundation\\Http\\Middleware\\TransformsRequest.php(21): Illuminate\\Pipeline\\Pipeline->Illuminate\\Pipeline\\{closure}(Object(Illuminate\\Http\\Request))
#25 D:\\File Khan\\Koolyeah\\Sem 4\\PAD2\\kantin_dtedi\\vendor\\laravel\\framework\\src\\Illuminate\\Foundation\\Http\\Middleware\\ConvertEmptyStringsToNull.php(31): Illuminate\\Foundation\\Http\\Middleware\\TransformsRequest->handle(Object(Illuminate\\Http\\Request), Object(Closure))
#26 D:\\File Khan\\Koolyeah\\Sem 4\\PAD2\\kantin_dtedi\\vendor\\laravel\\framework\\src\\Illuminate\\Pipeline\\Pipeline.php(183): Illuminate\\Foundation\\Http\\Middleware\\ConvertEmptyStringsToNull->handle(Object(Illuminate\\Http\\Request), Object(Closure))
#27 D:\\File Khan\\Koolyeah\\Sem 4\\PAD2\\kantin_dtedi\\vendor\\laravel\\framework\\src\\Illuminate\\Foundation\\Http\\Middleware\\TransformsRequest.php(21): Illuminate\\Pipeline\\Pipeline->Illuminate\\Pipeline\\{closure}(Object(Illuminate\\Http\\Request))
#28 D:\\File Khan\\Koolyeah\\Sem 4\\PAD2\\kantin_dtedi\\vendor\\laravel\\framework\\src\\Illuminate\\Foundation\\Http\\Middleware\\TrimStrings.php(40): Illuminate\\Foundation\\Http\\Middleware\\TransformsRequest->handle(Object(Illuminate\\Http\\Request), Object(Closure))
#29 D:\\File Khan\\Koolyeah\\Sem 4\\PAD2\\kantin_dtedi\\vendor\\laravel\\framework\\src\\Illuminate\\Pipeline\\Pipeline.php(183): Illuminate\\Foundation\\Http\\Middleware\\TrimStrings->handle(Object(Illuminate\\Http\\Request), Object(Closure))
#30 D:\\File Khan\\Koolyeah\\Sem 4\\PAD2\\kantin_dtedi\\vendor\\laravel\\framework\\src\\Illuminate\\Foundation\\Http\\Middleware\\ValidatePostSize.php(27): Illuminate\\Pipeline\\Pipeline->Illuminate\\Pipeline\\{closure}(Object(Illuminate\\Http\\Request))
#31 D:\\File Khan\\Koolyeah\\Sem 4\\PAD2\\kantin_dtedi\\vendor\\laravel\\framework\\src\\Illuminate\\Pipeline\\Pipeline.php(183): Illuminate\\Foundation\\Http\\Middleware\\ValidatePostSize->handle(Object(Illuminate\\Http\\Request), Object(Closure))
#32 D:\\File Khan\\Koolyeah\\Sem 4\\PAD2\\kantin_dtedi\\vendor\\laravel\\framework\\src\\Illuminate\\Foundation\\Http\\Middleware\\PreventRequestsDuringMaintenance.php(99): Illuminate\\Pipeline\\Pipeline->Illuminate\\Pipeline\\{closure}(Object(Illuminate\\Http\\Request))
#33 D:\\File Khan\\Koolyeah\\Sem 4\\PAD2\\kantin_dtedi\\vendor\\laravel\\framework\\src\\Illuminate\\Pipeline\\Pipeline.php(183): Illuminate\\Foundation\\Http\\Middleware\\PreventRequestsDuringMaintenance->handle(Object(Illuminate\\Http\\Request), Object(Closure))
#34 D:\\File Khan\\Koolyeah\\Sem 4\\PAD2\\kantin_dtedi\\vendor\\laravel\\framework\\src\\Illuminate\\Http\\Middleware\\HandleCors.php(49): Illuminate\\Pipeline\\Pipeline->Illuminate\\Pipeline\\{closure}(Object(Illuminate\\Http\\Request))
#35 D:\\File Khan\\Koolyeah\\Sem 4\\PAD2\\kantin_dtedi\\vendor\\laravel\\framework\\src\\Illuminate\\Pipeline\\Pipeline.php(183): Illuminate\\Http\\Middleware\\HandleCors->handle(Object(Illuminate\\Http\\Request), Object(Closure))
#36 D:\\File Khan\\Koolyeah\\Sem 4\\PAD2\\kantin_dtedi\\vendor\\laravel\\framework\\src\\Illuminate\\Http\\Middleware\\TrustProxies.php(39): Illuminate\\Pipeline\\Pipeline->Illuminate\\Pipeline\\{closure}(Object(Illuminate\\Http\\Request))
#37 D:\\File Khan\\Koolyeah\\Sem 4\\PAD2\\kantin_dtedi\\vendor\\laravel\\framework\\src\\Illuminate\\Pipeline\\Pipeline.php(183): Illuminate\\Http\\Middleware\\TrustProxies->handle(Object(Illuminate\\Http\\Request), Object(Closure))
#38 D:\\File Khan\\Koolyeah\\Sem 4\\PAD2\\kantin_dtedi\\vendor\\laravel\\framework\\src\\Illuminate\\Pipeline\\Pipeline.php(119): Illuminate\\Pipeline\\Pipeline->Illuminate\\Pipeline\\{closure}(Object(Illuminate\\Http\\Request))
#39 D:\\File Khan\\Koolyeah\\Sem 4\\PAD2\\kantin_dtedi\\vendor\\laravel\\framework\\src\\Illuminate\\Foundation\\Http\\Kernel.php(175): Illuminate\\Pipeline\\Pipeline->then(Object(Closure))
#40 D:\\File Khan\\Koolyeah\\Sem 4\\PAD2\\kantin_dtedi\\vendor\\laravel\\framework\\src\\Illuminate\\Foundation\\Http\\Kernel.php(144): Illuminate\\Foundation\\Http\\Kernel->sendRequestThroughRouter(Object(Illuminate\\Http\\Request))
#41 D:\\File Khan\\Koolyeah\\Sem 4\\PAD2\\kantin_dtedi\\public\\index.php(52): Illuminate\\Foundation\\Http\\Kernel->handle(Object(Illuminate\\Http\\Request))
#42 D:\\File Khan\\Koolyeah\\Sem 4\\PAD2\\kantin_dtedi\\vendor\\laravel\\framework\\src\\Illuminate\\Foundation\\resources\\server.php(16): require_once('D:\\\\File Khan\\\\Ko...')
#43 {main}
"} 
[2025-02-22 05:09:52] production.ERROR: No application encryption key has been specified. {"exception":"[object] (Illuminate\\Encryption\\MissingAppKeyException(code: 0): No application encryption key has been specified. at D:\\File Khan\\Koolyeah\\Sem 4\\PAD2\\kantin_dtedi\\vendor\\laravel\\framework\\src\\Illuminate\\Encryption\\EncryptionServiceProvider.php:79)
[stacktrace]
#0 D:\\File Khan\\Koolyeah\\Sem 4\\PAD2\\kantin_dtedi\\vendor\\laravel\\framework\\src\\Illuminate\\Support\\helpers.php(307): Illuminate\\Encryption\\EncryptionServiceProvider->Illuminate\\Encryption\\{closure}(NULL)
#1 D:\\File Khan\\Koolyeah\\Sem 4\\PAD2\\kantin_dtedi\\vendor\\laravel\\framework\\src\\Illuminate\\Encryption\\EncryptionServiceProvider.php(81): tap(NULL, Object(Closure))
#2 D:\\File Khan\\Koolyeah\\Sem 4\\PAD2\\kantin_dtedi\\vendor\\laravel\\framework\\src\\Illuminate\\Encryption\\EncryptionServiceProvider.php(60): Illuminate\\Encryption\\EncryptionServiceProvider->key(Array)
#3 D:\\File Khan\\Koolyeah\\Sem 4\\PAD2\\kantin_dtedi\\vendor\\laravel\\framework\\src\\Illuminate\\Encryption\\EncryptionServiceProvider.php(32): Illuminate\\Encryption\\EncryptionServiceProvider->parseKey(Array)
#4 D:\\File Khan\\Koolyeah\\Sem 4\\PAD2\\kantin_dtedi\\vendor\\laravel\\framework\\src\\Illuminate\\Container\\Container.php(908): Illuminate\\Encryption\\EncryptionServiceProvider->Illuminate\\Encryption\\{closure}(Object(Illuminate\\Foundation\\Application), Array)
#5 D:\\File Khan\\Koolyeah\\Sem 4\\PAD2\\kantin_dtedi\\vendor\\laravel\\framework\\src\\Illuminate\\Container\\Container.php(795): Illuminate\\Container\\Container->build(Object(Closure))
#6 D:\\File Khan\\Koolyeah\\Sem 4\\PAD2\\kantin_dtedi\\vendor\\laravel\\framework\\src\\Illuminate\\Foundation\\Application.php(961): Illuminate\\Container\\Container->resolve('encrypter', Array, true)
#7 D:\\File Khan\\Koolyeah\\Sem 4\\PAD2\\kantin_dtedi\\vendor\\laravel\\framework\\src\\Illuminate\\Container\\Container.php(731): Illuminate\\Foundation\\Application->resolve('encrypter', Array)
#8 D:\\File Khan\\Koolyeah\\Sem 4\\PAD2\\kantin_dtedi\\vendor\\laravel\\framework\\src\\Illuminate\\Foundation\\Application.php(946): Illuminate\\Container\\Container->make('encrypter', Array)
#9 D:\\File Khan\\Koolyeah\\Sem 4\\PAD2\\kantin_dtedi\\vendor\\laravel\\framework\\src\\Illuminate\\Container\\Container.php(1066): Illuminate\\Foundation\\Application->make('encrypter')
#10 D:\\File Khan\\Koolyeah\\Sem 4\\PAD2\\kantin_dtedi\\vendor\\laravel\\framework\\src\\Illuminate\\Container\\Container.php(982): Illuminate\\Container\\Container->resolveClass(Object(ReflectionParameter))
#11 D:\\File Khan\\Koolyeah\\Sem 4\\PAD2\\kantin_dtedi\\vendor\\laravel\\framework\\src\\Illuminate\\Container\\Container.php(943): Illuminate\\Container\\Container->resolveDependencies(Array)
#12 D:\\File Khan\\Koolyeah\\Sem 4\\PAD2\\kantin_dtedi\\vendor\\laravel\\framework\\src\\Illuminate\\Container\\Container.php(795): Illuminate\\Container\\Container->build('App\\\\Http\\\\Middle...')
#13 D:\\File Khan\\Koolyeah\\Sem 4\\PAD2\\kantin_dtedi\\vendor\\laravel\\framework\\src\\Illuminate\\Foundation\\Application.php(961): Illuminate\\Container\\Container->resolve('App\\\\Http\\\\Middle...', Array, true)
#14 D:\\File Khan\\Koolyeah\\Sem 4\\PAD2\\kantin_dtedi\\vendor\\laravel\\framework\\src\\Illuminate\\Container\\Container.php(731): Illuminate\\Foundation\\Application->resolve('App\\\\Http\\\\Middle...', Array)
#15 D:\\File Khan\\Koolyeah\\Sem 4\\PAD2\\kantin_dtedi\\vendor\\laravel\\framework\\src\\Illuminate\\Foundation\\Application.php(946): Illuminate\\Container\\Container->make('App\\\\Http\\\\Middle...', Array)
#16 D:\\File Khan\\Koolyeah\\Sem 4\\PAD2\\kantin_dtedi\\vendor\\laravel\\framework\\src\\Illuminate\\Foundation\\Http\\Kernel.php(255): Illuminate\\Foundation\\Application->make('App\\\\Http\\\\Middle...')
#17 D:\\File Khan\\Koolyeah\\Sem 4\\PAD2\\kantin_dtedi\\vendor\\laravel\\framework\\src\\Illuminate\\Foundation\\Http\\Kernel.php(213): Illuminate\\Foundation\\Http\\Kernel->terminateMiddleware(Object(Illuminate\\Http\\Request), Object(Illuminate\\Http\\Response))
#18 D:\\File Khan\\Koolyeah\\Sem 4\\PAD2\\kantin_dtedi\\public\\index.php(55): Illuminate\\Foundation\\Http\\Kernel->terminate(Object(Illuminate\\Http\\Request), Object(Illuminate\\Http\\Response))
#19 D:\\File Khan\\Koolyeah\\Sem 4\\PAD2\\kantin_dtedi\\vendor\\laravel\\framework\\src\\Illuminate\\Foundation\\resources\\server.php(16): require_once('D:\\\\File Khan\\\\Ko...')
#20 {main}
"} 
[2025-02-22 05:17:09] local.ERROR: Route [login] not defined. {"exception":"[object] (Symfony\\Component\\Routing\\Exception\\RouteNotFoundException(code: 0): Route [login] not defined. at D:\\File Khan\\Koolyeah\\Sem 4\\PAD2\\kantin_dtedi\\vendor\\laravel\\framework\\src\\Illuminate\\Routing\\UrlGenerator.php:477)
[stacktrace]
#0 D:\\File Khan\\Koolyeah\\Sem 4\\PAD2\\kantin_dtedi\\vendor\\laravel\\framework\\src\\Illuminate\\Foundation\\helpers.php(811): Illuminate\\Routing\\UrlGenerator->route('login', Array, true)
#1 D:\\File Khan\\Koolyeah\\Sem 4\\PAD2\\kantin_dtedi\\app\\Http\\Middleware\\Authenticate.php(15): route('login')
#2 D:\\File Khan\\Koolyeah\\Sem 4\\PAD2\\kantin_dtedi\\vendor\\laravel\\framework\\src\\Illuminate\\Auth\\Middleware\\Authenticate.php(96): App\\Http\\Middleware\\Authenticate->redirectTo(Object(Illuminate\\Http\\Request))
#3 D:\\File Khan\\Koolyeah\\Sem 4\\PAD2\\kantin_dtedi\\vendor\\laravel\\framework\\src\\Illuminate\\Auth\\Middleware\\Authenticate.php(81): Illuminate\\Auth\\Middleware\\Authenticate->unauthenticated(Object(Illuminate\\Http\\Request), Array)
#4 D:\\File Khan\\Koolyeah\\Sem 4\\PAD2\\kantin_dtedi\\vendor\\laravel\\framework\\src\\Illuminate\\Auth\\Middleware\\Authenticate.php(55): Illuminate\\Auth\\Middleware\\Authenticate->authenticate(Object(Illuminate\\Http\\Request), Array)
#5 D:\\File Khan\\Koolyeah\\Sem 4\\PAD2\\kantin_dtedi\\vendor\\laravel\\framework\\src\\Illuminate\\Pipeline\\Pipeline.php(183): Illuminate\\Auth\\Middleware\\Authenticate->handle(Object(Illuminate\\Http\\Request), Object(Closure), 'sanctum')
#6 D:\\File Khan\\Koolyeah\\Sem 4\\PAD2\\kantin_dtedi\\vendor\\laravel\\sanctum\\src\\Http\\Middleware\\EnsureFrontendRequestsAreStateful.php(25): Illuminate\\Pipeline\\Pipeline->Illuminate\\Pipeline\\{closure}(Object(Illuminate\\Http\\Request))
#7 D:\\File Khan\\Koolyeah\\Sem 4\\PAD2\\kantin_dtedi\\vendor\\laravel\\framework\\src\\Illuminate\\Pipeline\\Pipeline.php(144): Laravel\\Sanctum\\Http\\Middleware\\EnsureFrontendRequestsAreStateful->Laravel\\Sanctum\\Http\\Middleware\\{closure}(Object(Illuminate\\Http\\Request))
#8 D:\\File Khan\\Koolyeah\\Sem 4\\PAD2\\kantin_dtedi\\vendor\\laravel\\framework\\src\\Illuminate\\Pipeline\\Pipeline.php(119): Illuminate\\Pipeline\\Pipeline->Illuminate\\Pipeline\\{closure}(Object(Illuminate\\Http\\Request))
#9 D:\\File Khan\\Koolyeah\\Sem 4\\PAD2\\kantin_dtedi\\vendor\\laravel\\sanctum\\src\\Http\\Middleware\\EnsureFrontendRequestsAreStateful.php(26): Illuminate\\Pipeline\\Pipeline->then(Object(Closure))
#10 D:\\File Khan\\Koolyeah\\Sem 4\\PAD2\\kantin_dtedi\\vendor\\laravel\\framework\\src\\Illuminate\\Pipeline\\Pipeline.php(183): Laravel\\Sanctum\\Http\\Middleware\\EnsureFrontendRequestsAreStateful->handle(Object(Illuminate\\Http\\Request), Object(Closure))
#11 D:\\File Khan\\Koolyeah\\Sem 4\\PAD2\\kantin_dtedi\\vendor\\laravel\\framework\\src\\Illuminate\\Pipeline\\Pipeline.php(119): Illuminate\\Pipeline\\Pipeline->Illuminate\\Pipeline\\{closure}(Object(Illuminate\\Http\\Request))
#12 D:\\File Khan\\Koolyeah\\Sem 4\\PAD2\\kantin_dtedi\\vendor\\laravel\\framework\\src\\Illuminate\\Routing\\Router.php(807): Illuminate\\Pipeline\\Pipeline->then(Object(Closure))
#13 D:\\File Khan\\Koolyeah\\Sem 4\\PAD2\\kantin_dtedi\\vendor\\laravel\\framework\\src\\Illuminate\\Routing\\Router.php(784): Illuminate\\Routing\\Router->runRouteWithinStack(Object(Illuminate\\Routing\\Route), Object(Illuminate\\Http\\Request))
#14 D:\\File Khan\\Koolyeah\\Sem 4\\PAD2\\kantin_dtedi\\vendor\\laravel\\framework\\src\\Illuminate\\Routing\\Router.php(748): Illuminate\\Routing\\Router->runRoute(Object(Illuminate\\Http\\Request), Object(Illuminate\\Routing\\Route))
#15 D:\\File Khan\\Koolyeah\\Sem 4\\PAD2\\kantin_dtedi\\vendor\\laravel\\framework\\src\\Illuminate\\Routing\\Router.php(737): Illuminate\\Routing\\Router->dispatchToRoute(Object(Illuminate\\Http\\Request))
#16 D:\\File Khan\\Koolyeah\\Sem 4\\PAD2\\kantin_dtedi\\vendor\\laravel\\framework\\src\\Illuminate\\Foundation\\Http\\Kernel.php(200): Illuminate\\Routing\\Router->dispatch(Object(Illuminate\\Http\\Request))
#17 D:\\File Khan\\Koolyeah\\Sem 4\\PAD2\\kantin_dtedi\\vendor\\laravel\\framework\\src\\Illuminate\\Pipeline\\Pipeline.php(144): Illuminate\\Foundation\\Http\\Kernel->Illuminate\\Foundation\\Http\\{closure}(Object(Illuminate\\Http\\Request))
#18 D:\\File Khan\\Koolyeah\\Sem 4\\PAD2\\kantin_dtedi\\vendor\\laravel\\framework\\src\\Illuminate\\Foundation\\Http\\Middleware\\TransformsRequest.php(21): Illuminate\\Pipeline\\Pipeline->Illuminate\\Pipeline\\{closure}(Object(Illuminate\\Http\\Request))
#19 D:\\File Khan\\Koolyeah\\Sem 4\\PAD2\\kantin_dtedi\\vendor\\laravel\\framework\\src\\Illuminate\\Foundation\\Http\\Middleware\\ConvertEmptyStringsToNull.php(31): Illuminate\\Foundation\\Http\\Middleware\\TransformsRequest->handle(Object(Illuminate\\Http\\Request), Object(Closure))
#20 D:\\File Khan\\Koolyeah\\Sem 4\\PAD2\\kantin_dtedi\\vendor\\laravel\\framework\\src\\Illuminate\\Pipeline\\Pipeline.php(183): Illuminate\\Foundation\\Http\\Middleware\\ConvertEmptyStringsToNull->handle(Object(Illuminate\\Http\\Request), Object(Closure))
#21 D:\\File Khan\\Koolyeah\\Sem 4\\PAD2\\kantin_dtedi\\vendor\\laravel\\framework\\src\\Illuminate\\Foundation\\Http\\Middleware\\TransformsRequest.php(21): Illuminate\\Pipeline\\Pipeline->Illuminate\\Pipeline\\{closure}(Object(Illuminate\\Http\\Request))
#22 D:\\File Khan\\Koolyeah\\Sem 4\\PAD2\\kantin_dtedi\\vendor\\laravel\\framework\\src\\Illuminate\\Foundation\\Http\\Middleware\\TrimStrings.php(40): Illuminate\\Foundation\\Http\\Middleware\\TransformsRequest->handle(Object(Illuminate\\Http\\Request), Object(Closure))
#23 D:\\File Khan\\Koolyeah\\Sem 4\\PAD2\\kantin_dtedi\\vendor\\laravel\\framework\\src\\Illuminate\\Pipeline\\Pipeline.php(183): Illuminate\\Foundation\\Http\\Middleware\\TrimStrings->handle(Object(Illuminate\\Http\\Request), Object(Closure))
#24 D:\\File Khan\\Koolyeah\\Sem 4\\PAD2\\kantin_dtedi\\vendor\\laravel\\framework\\src\\Illuminate\\Foundation\\Http\\Middleware\\ValidatePostSize.php(27): Illuminate\\Pipeline\\Pipeline->Illuminate\\Pipeline\\{closure}(Object(Illuminate\\Http\\Request))
#25 D:\\File Khan\\Koolyeah\\Sem 4\\PAD2\\kantin_dtedi\\vendor\\laravel\\framework\\src\\Illuminate\\Pipeline\\Pipeline.php(183): Illuminate\\Foundation\\Http\\Middleware\\ValidatePostSize->handle(Object(Illuminate\\Http\\Request), Object(Closure))
#26 D:\\File Khan\\Koolyeah\\Sem 4\\PAD2\\kantin_dtedi\\vendor\\laravel\\framework\\src\\Illuminate\\Foundation\\Http\\Middleware\\PreventRequestsDuringMaintenance.php(99): Illuminate\\Pipeline\\Pipeline->Illuminate\\Pipeline\\{closure}(Object(Illuminate\\Http\\Request))
#27 D:\\File Khan\\Koolyeah\\Sem 4\\PAD2\\kantin_dtedi\\vendor\\laravel\\framework\\src\\Illuminate\\Pipeline\\Pipeline.php(183): Illuminate\\Foundation\\Http\\Middleware\\PreventRequestsDuringMaintenance->handle(Object(Illuminate\\Http\\Request), Object(Closure))
#28 D:\\File Khan\\Koolyeah\\Sem 4\\PAD2\\kantin_dtedi\\vendor\\laravel\\framework\\src\\Illuminate\\Http\\Middleware\\HandleCors.php(62): Illuminate\\Pipeline\\Pipeline->Illuminate\\Pipeline\\{closure}(Object(Illuminate\\Http\\Request))
#29 D:\\File Khan\\Koolyeah\\Sem 4\\PAD2\\kantin_dtedi\\vendor\\laravel\\framework\\src\\Illuminate\\Pipeline\\Pipeline.php(183): Illuminate\\Http\\Middleware\\HandleCors->handle(Object(Illuminate\\Http\\Request), Object(Closure))
#30 D:\\File Khan\\Koolyeah\\Sem 4\\PAD2\\kantin_dtedi\\vendor\\laravel\\framework\\src\\Illuminate\\Http\\Middleware\\TrustProxies.php(39): Illuminate\\Pipeline\\Pipeline->Illuminate\\Pipeline\\{closure}(Object(Illuminate\\Http\\Request))
#31 D:\\File Khan\\Koolyeah\\Sem 4\\PAD2\\kantin_dtedi\\vendor\\laravel\\framework\\src\\Illuminate\\Pipeline\\Pipeline.php(183): Illuminate\\Http\\Middleware\\TrustProxies->handle(Object(Illuminate\\Http\\Request), Object(Closure))
#32 D:\\File Khan\\Koolyeah\\Sem 4\\PAD2\\kantin_dtedi\\vendor\\laravel\\framework\\src\\Illuminate\\Pipeline\\Pipeline.php(119): Illuminate\\Pipeline\\Pipeline->Illuminate\\Pipeline\\{closure}(Object(Illuminate\\Http\\Request))
#33 D:\\File Khan\\Koolyeah\\Sem 4\\PAD2\\kantin_dtedi\\vendor\\laravel\\framework\\src\\Illuminate\\Foundation\\Http\\Kernel.php(175): Illuminate\\Pipeline\\Pipeline->then(Object(Closure))
#34 D:\\File Khan\\Koolyeah\\Sem 4\\PAD2\\kantin_dtedi\\vendor\\laravel\\framework\\src\\Illuminate\\Foundation\\Http\\Kernel.php(144): Illuminate\\Foundation\\Http\\Kernel->sendRequestThroughRouter(Object(Illuminate\\Http\\Request))
#35 D:\\File Khan\\Koolyeah\\Sem 4\\PAD2\\kantin_dtedi\\public\\index.php(52): Illuminate\\Foundation\\Http\\Kernel->handle(Object(Illuminate\\Http\\Request))
#36 D:\\File Khan\\Koolyeah\\Sem 4\\PAD2\\kantin_dtedi\\vendor\\laravel\\framework\\src\\Illuminate\\Foundation\\resources\\server.php(16): require_once('D:\\\\File Khan\\\\Ko...')
#37 {main}
"} 
[2025-02-25 09:30:13] local.ERROR: SQLSTATE[HY000]: General error: 1824 Failed to open the referenced table 'supplier' (Connection: mysql, SQL: alter table `menu` add constraint `menu_id_supplier_foreign` foreign key (`id_supplier`) references `supplier` (`id`)) {"exception":"[object] (Illuminate\\Database\\QueryException(code: HY000): SQLSTATE[HY000]: General error: 1824 Failed to open the referenced table 'supplier' (Connection: mysql, SQL: alter table `menu` add constraint `menu_id_supplier_foreign` foreign key (`id_supplier`) references `supplier` (`id`)) at D:\\File Khan\\Koolyeah\\Sem 4\\PAD2\\kantin_dtedi\\vendor\\laravel\\framework\\src\\Illuminate\\Database\\Connection.php:829)
[stacktrace]
#0 D:\\File Khan\\Koolyeah\\Sem 4\\PAD2\\kantin_dtedi\\vendor\\laravel\\framework\\src\\Illuminate\\Database\\Connection.php(783): Illuminate\\Database\\Connection->runQueryCallback('alter table `me...', Array, Object(Closure))
#1 D:\\File Khan\\Koolyeah\\Sem 4\\PAD2\\kantin_dtedi\\vendor\\laravel\\framework\\src\\Illuminate\\Database\\Connection.php(588): Illuminate\\Database\\Connection->run('alter table `me...', Array, Object(Closure))
#2 D:\\File Khan\\Koolyeah\\Sem 4\\PAD2\\kantin_dtedi\\vendor\\laravel\\framework\\src\\Illuminate\\Database\\Schema\\Blueprint.php(110): Illuminate\\Database\\Connection->statement('alter table `me...')
#3 D:\\File Khan\\Koolyeah\\Sem 4\\PAD2\\kantin_dtedi\\vendor\\laravel\\framework\\src\\Illuminate\\Database\\Schema\\Builder.php(602): Illuminate\\Database\\Schema\\Blueprint->build(Object(Illuminate\\Database\\MySqlConnection), Object(Illuminate\\Database\\Schema\\Grammars\\MySqlGrammar))
#4 D:\\File Khan\\Koolyeah\\Sem 4\\PAD2\\kantin_dtedi\\vendor\\laravel\\framework\\src\\Illuminate\\Database\\Schema\\Builder.php(460): Illuminate\\Database\\Schema\\Builder->build(Object(Illuminate\\Database\\Schema\\Blueprint))
#5 D:\\File Khan\\Koolyeah\\Sem 4\\PAD2\\kantin_dtedi\\vendor\\laravel\\framework\\src\\Illuminate\\Support\\Facades\\Facade.php(355): Illuminate\\Database\\Schema\\Builder->create('menu', Object(Closure))
#6 D:\\File Khan\\Koolyeah\\Sem 4\\PAD2\\kantin_dtedi\\database\\migrations\\2024_11_01_094501_create_menu_table.php(23): Illuminate\\Support\\Facades\\Facade::__callStatic('create', Array)
#7 D:\\File Khan\\Koolyeah\\Sem 4\\PAD2\\kantin_dtedi\\vendor\\laravel\\framework\\src\\Illuminate\\Database\\Migrations\\Migrator.php(493): Illuminate\\Database\\Migrations\\Migration@anonymous->up()
#8 D:\\File Khan\\Koolyeah\\Sem 4\\PAD2\\kantin_dtedi\\vendor\\laravel\\framework\\src\\Illuminate\\Database\\Migrations\\Migrator.php(410): Illuminate\\Database\\Migrations\\Migrator->runMethod(Object(Illuminate\\Database\\MySqlConnection), Object(Illuminate\\Database\\Migrations\\Migration@anonymous), 'up')
#9 D:\\File Khan\\Koolyeah\\Sem 4\\PAD2\\kantin_dtedi\\vendor\\laravel\\framework\\src\\Illuminate\\Database\\Migrations\\Migrator.php(419): Illuminate\\Database\\Migrations\\Migrator->Illuminate\\Database\\Migrations\\{closure}()
#10 D:\\File Khan\\Koolyeah\\Sem 4\\PAD2\\kantin_dtedi\\vendor\\laravel\\framework\\src\\Illuminate\\Database\\Migrations\\Migrator.php(216): Illuminate\\Database\\Migrations\\Migrator->runMigration(Object(Illuminate\\Database\\Migrations\\Migration@anonymous), 'up')
#11 D:\\File Khan\\Koolyeah\\Sem 4\\PAD2\\kantin_dtedi\\vendor\\laravel\\framework\\src\\Illuminate\\Console\\View\\Components\\Task.php(37): Illuminate\\Database\\Migrations\\Migrator->Illuminate\\Database\\Migrations\\{closure}()
#12 D:\\File Khan\\Koolyeah\\Sem 4\\PAD2\\kantin_dtedi\\vendor\\laravel\\framework\\src\\Illuminate\\Database\\Migrations\\Migrator.php(756): Illuminate\\Console\\View\\Components\\Task->render('2024_11_01_0945...', Object(Closure))
#13 D:\\File Khan\\Koolyeah\\Sem 4\\PAD2\\kantin_dtedi\\vendor\\laravel\\framework\\src\\Illuminate\\Database\\Migrations\\Migrator.php(216): Illuminate\\Database\\Migrations\\Migrator->write('Illuminate\\\\Cons...', '2024_11_01_0945...', Object(Closure))
#14 D:\\File Khan\\Koolyeah\\Sem 4\\PAD2\\kantin_dtedi\\vendor\\laravel\\framework\\src\\Illuminate\\Database\\Migrations\\Migrator.php(181): Illuminate\\Database\\Migrations\\Migrator->runUp('D:\\\\File Khan\\\\Ko...', 1, false)
#15 D:\\File Khan\\Koolyeah\\Sem 4\\PAD2\\kantin_dtedi\\vendor\\laravel\\framework\\src\\Illuminate\\Database\\Migrations\\Migrator.php(124): Illuminate\\Database\\Migrations\\Migrator->runPending(Array, Array)
#16 D:\\File Khan\\Koolyeah\\Sem 4\\PAD2\\kantin_dtedi\\vendor\\laravel\\framework\\src\\Illuminate\\Database\\Console\\Migrations\\MigrateCommand.php(92): Illuminate\\Database\\Migrations\\Migrator->run(Array, Array)
#17 D:\\File Khan\\Koolyeah\\Sem 4\\PAD2\\kantin_dtedi\\vendor\\laravel\\framework\\src\\Illuminate\\Database\\Migrations\\Migrator.php(633): Illuminate\\Database\\Console\\Migrations\\MigrateCommand->Illuminate\\Database\\Console\\Migrations\\{closure}()
#18 D:\\File Khan\\Koolyeah\\Sem 4\\PAD2\\kantin_dtedi\\vendor\\laravel\\framework\\src\\Illuminate\\Database\\Console\\Migrations\\MigrateCommand.php(104): Illuminate\\Database\\Migrations\\Migrator->usingConnection(NULL, Object(Closure))
#19 D:\\File Khan\\Koolyeah\\Sem 4\\PAD2\\kantin_dtedi\\vendor\\laravel\\framework\\src\\Illuminate\\Container\\BoundMethod.php(36): Illuminate\\Database\\Console\\Migrations\\MigrateCommand->handle()
#20 D:\\File Khan\\Koolyeah\\Sem 4\\PAD2\\kantin_dtedi\\vendor\\laravel\\framework\\src\\Illuminate\\Container\\Util.php(41): Illuminate\\Container\\BoundMethod::Illuminate\\Container\\{closure}()
#21 D:\\File Khan\\Koolyeah\\Sem 4\\PAD2\\kantin_dtedi\\vendor\\laravel\\framework\\src\\Illuminate\\Container\\BoundMethod.php(93): Illuminate\\Container\\Util::unwrapIfClosure(Object(Closure))
#22 D:\\File Khan\\Koolyeah\\Sem 4\\PAD2\\kantin_dtedi\\vendor\\laravel\\framework\\src\\Illuminate\\Container\\BoundMethod.php(37): Illuminate\\Container\\BoundMethod::callBoundMethod(Object(Illuminate\\Foundation\\Application), Array, Object(Closure))
#23 D:\\File Khan\\Koolyeah\\Sem 4\\PAD2\\kantin_dtedi\\vendor\\laravel\\framework\\src\\Illuminate\\Container\\Container.php(662): Illuminate\\Container\\BoundMethod::call(Object(Illuminate\\Foundation\\Application), Array, Array, NULL)
#24 D:\\File Khan\\Koolyeah\\Sem 4\\PAD2\\kantin_dtedi\\vendor\\laravel\\framework\\src\\Illuminate\\Console\\Command.php(211): Illuminate\\Container\\Container->call(Array)
#25 D:\\File Khan\\Koolyeah\\Sem 4\\PAD2\\kantin_dtedi\\vendor\\symfony\\console\\Command\\Command.php(326): Illuminate\\Console\\Command->execute(Object(Symfony\\Component\\Console\\Input\\ArrayInput), Object(Illuminate\\Console\\OutputStyle))
#26 D:\\File Khan\\Koolyeah\\Sem 4\\PAD2\\kantin_dtedi\\vendor\\laravel\\framework\\src\\Illuminate\\Console\\Command.php(181): Symfony\\Component\\Console\\Command\\Command->run(Object(Symfony\\Component\\Console\\Input\\ArrayInput), Object(Illuminate\\Console\\OutputStyle))
#27 D:\\File Khan\\Koolyeah\\Sem 4\\PAD2\\kantin_dtedi\\vendor\\laravel\\framework\\src\\Illuminate\\Console\\Concerns\\CallsCommands.php(68): Illuminate\\Console\\Command->run(Object(Symfony\\Component\\Console\\Input\\ArrayInput), Object(Illuminate\\Console\\OutputStyle))
#28 D:\\File Khan\\Koolyeah\\Sem 4\\PAD2\\kantin_dtedi\\vendor\\laravel\\framework\\src\\Illuminate\\Console\\Concerns\\CallsCommands.php(28): Illuminate\\Console\\Command->runCommand('migrate', Array, Object(Illuminate\\Console\\OutputStyle))
#29 D:\\File Khan\\Koolyeah\\Sem 4\\PAD2\\kantin_dtedi\\vendor\\laravel\\framework\\src\\Illuminate\\Database\\Console\\Migrations\\FreshCommand.php(59): Illuminate\\Console\\Command->call('migrate', Array)
#30 D:\\File Khan\\Koolyeah\\Sem 4\\PAD2\\kantin_dtedi\\vendor\\laravel\\framework\\src\\Illuminate\\Container\\BoundMethod.php(36): Illuminate\\Database\\Console\\Migrations\\FreshCommand->handle()
#31 D:\\File Khan\\Koolyeah\\Sem 4\\PAD2\\kantin_dtedi\\vendor\\laravel\\framework\\src\\Illuminate\\Container\\Util.php(41): Illuminate\\Container\\BoundMethod::Illuminate\\Container\\{closure}()
#32 D:\\File Khan\\Koolyeah\\Sem 4\\PAD2\\kantin_dtedi\\vendor\\laravel\\framework\\src\\Illuminate\\Container\\BoundMethod.php(93): Illuminate\\Container\\Util::unwrapIfClosure(Object(Closure))
#33 D:\\File Khan\\Koolyeah\\Sem 4\\PAD2\\kantin_dtedi\\vendor\\laravel\\framework\\src\\Illuminate\\Container\\BoundMethod.php(37): Illuminate\\Container\\BoundMethod::callBoundMethod(Object(Illuminate\\Foundation\\Application), Array, Object(Closure))
#34 D:\\File Khan\\Koolyeah\\Sem 4\\PAD2\\kantin_dtedi\\vendor\\laravel\\framework\\src\\Illuminate\\Container\\Container.php(662): Illuminate\\Container\\BoundMethod::call(Object(Illuminate\\Foundation\\Application), Array, Array, NULL)
#35 D:\\File Khan\\Koolyeah\\Sem 4\\PAD2\\kantin_dtedi\\vendor\\laravel\\framework\\src\\Illuminate\\Console\\Command.php(211): Illuminate\\Container\\Container->call(Array)
#36 D:\\File Khan\\Koolyeah\\Sem 4\\PAD2\\kantin_dtedi\\vendor\\symfony\\console\\Command\\Command.php(326): Illuminate\\Console\\Command->execute(Object(Symfony\\Component\\Console\\Input\\ArgvInput), Object(Illuminate\\Console\\OutputStyle))
#37 D:\\File Khan\\Koolyeah\\Sem 4\\PAD2\\kantin_dtedi\\vendor\\laravel\\framework\\src\\Illuminate\\Console\\Command.php(181): Symfony\\Component\\Console\\Command\\Command->run(Object(Symfony\\Component\\Console\\Input\\ArgvInput), Object(Illuminate\\Console\\OutputStyle))
#38 D:\\File Khan\\Koolyeah\\Sem 4\\PAD2\\kantin_dtedi\\vendor\\symfony\\console\\Application.php(1096): Illuminate\\Console\\Command->run(Object(Symfony\\Component\\Console\\Input\\ArgvInput), Object(Symfony\\Component\\Console\\Output\\ConsoleOutput))
#39 D:\\File Khan\\Koolyeah\\Sem 4\\PAD2\\kantin_dtedi\\vendor\\symfony\\console\\Application.php(324): Symfony\\Component\\Console\\Application->doRunCommand(Object(Illuminate\\Database\\Console\\Migrations\\FreshCommand), Object(Symfony\\Component\\Console\\Input\\ArgvInput), Object(Symfony\\Component\\Console\\Output\\ConsoleOutput))
#40 D:\\File Khan\\Koolyeah\\Sem 4\\PAD2\\kantin_dtedi\\vendor\\symfony\\console\\Application.php(175): Symfony\\Component\\Console\\Application->doRun(Object(Symfony\\Component\\Console\\Input\\ArgvInput), Object(Symfony\\Component\\Console\\Output\\ConsoleOutput))
#41 D:\\File Khan\\Koolyeah\\Sem 4\\PAD2\\kantin_dtedi\\vendor\\laravel\\framework\\src\\Illuminate\\Foundation\\Console\\Kernel.php(201): Symfony\\Component\\Console\\Application->run(Object(Symfony\\Component\\Console\\Input\\ArgvInput), Object(Symfony\\Component\\Console\\Output\\ConsoleOutput))
#42 D:\\File Khan\\Koolyeah\\Sem 4\\PAD2\\kantin_dtedi\\artisan(37): Illuminate\\Foundation\\Console\\Kernel->handle(Object(Symfony\\Component\\Console\\Input\\ArgvInput), Object(Symfony\\Component\\Console\\Output\\ConsoleOutput))
#43 {main}

[previous exception] [object] (PDOException(code: HY000): SQLSTATE[HY000]: General error: 1824 Failed to open the referenced table 'supplier' at D:\\File Khan\\Koolyeah\\Sem 4\\PAD2\\kantin_dtedi\\vendor\\laravel\\framework\\src\\Illuminate\\Database\\Connection.php:587)
[stacktrace]
#0 D:\\File Khan\\Koolyeah\\Sem 4\\PAD2\\kantin_dtedi\\vendor\\laravel\\framework\\src\\Illuminate\\Database\\Connection.php(587): PDOStatement->execute()
#1 D:\\File Khan\\Koolyeah\\Sem 4\\PAD2\\kantin_dtedi\\vendor\\laravel\\framework\\src\\Illuminate\\Database\\Connection.php(816): Illuminate\\Database\\Connection->Illuminate\\Database\\{closure}('alter table `me...', Array)
#2 D:\\File Khan\\Koolyeah\\Sem 4\\PAD2\\kantin_dtedi\\vendor\\laravel\\framework\\src\\Illuminate\\Database\\Connection.php(783): Illuminate\\Database\\Connection->runQueryCallback('alter table `me...', Array, Object(Closure))
#3 D:\\File Khan\\Koolyeah\\Sem 4\\PAD2\\kantin_dtedi\\vendor\\laravel\\framework\\src\\Illuminate\\Database\\Connection.php(588): Illuminate\\Database\\Connection->run('alter table `me...', Array, Object(Closure))
#4 D:\\File Khan\\Koolyeah\\Sem 4\\PAD2\\kantin_dtedi\\vendor\\laravel\\framework\\src\\Illuminate\\Database\\Schema\\Blueprint.php(110): Illuminate\\Database\\Connection->statement('alter table `me...')
#5 D:\\File Khan\\Koolyeah\\Sem 4\\PAD2\\kantin_dtedi\\vendor\\laravel\\framework\\src\\Illuminate\\Database\\Schema\\Builder.php(602): Illuminate\\Database\\Schema\\Blueprint->build(Object(Illuminate\\Database\\MySqlConnection), Object(Illuminate\\Database\\Schema\\Grammars\\MySqlGrammar))
#6 D:\\File Khan\\Koolyeah\\Sem 4\\PAD2\\kantin_dtedi\\vendor\\laravel\\framework\\src\\Illuminate\\Database\\Schema\\Builder.php(460): Illuminate\\Database\\Schema\\Builder->build(Object(Illuminate\\Database\\Schema\\Blueprint))
#7 D:\\File Khan\\Koolyeah\\Sem 4\\PAD2\\kantin_dtedi\\vendor\\laravel\\framework\\src\\Illuminate\\Support\\Facades\\Facade.php(355): Illuminate\\Database\\Schema\\Builder->create('menu', Object(Closure))
#8 D:\\File Khan\\Koolyeah\\Sem 4\\PAD2\\kantin_dtedi\\database\\migrations\\2024_11_01_094501_create_menu_table.php(23): Illuminate\\Support\\Facades\\Facade::__callStatic('create', Array)
#9 D:\\File Khan\\Koolyeah\\Sem 4\\PAD2\\kantin_dtedi\\vendor\\laravel\\framework\\src\\Illuminate\\Database\\Migrations\\Migrator.php(493): Illuminate\\Database\\Migrations\\Migration@anonymous->up()
#10 D:\\File Khan\\Koolyeah\\Sem 4\\PAD2\\kantin_dtedi\\vendor\\laravel\\framework\\src\\Illuminate\\Database\\Migrations\\Migrator.php(410): Illuminate\\Database\\Migrations\\Migrator->runMethod(Object(Illuminate\\Database\\MySqlConnection), Object(Illuminate\\Database\\Migrations\\Migration@anonymous), 'up')
#11 D:\\File Khan\\Koolyeah\\Sem 4\\PAD2\\kantin_dtedi\\vendor\\laravel\\framework\\src\\Illuminate\\Database\\Migrations\\Migrator.php(419): Illuminate\\Database\\Migrations\\Migrator->Illuminate\\Database\\Migrations\\{closure}()
#12 D:\\File Khan\\Koolyeah\\Sem 4\\PAD2\\kantin_dtedi\\vendor\\laravel\\framework\\src\\Illuminate\\Database\\Migrations\\Migrator.php(216): Illuminate\\Database\\Migrations\\Migrator->runMigration(Object(Illuminate\\Database\\Migrations\\Migration@anonymous), 'up')
#13 D:\\File Khan\\Koolyeah\\Sem 4\\PAD2\\kantin_dtedi\\vendor\\laravel\\framework\\src\\Illuminate\\Console\\View\\Components\\Task.php(37): Illuminate\\Database\\Migrations\\Migrator->Illuminate\\Database\\Migrations\\{closure}()
#14 D:\\File Khan\\Koolyeah\\Sem 4\\PAD2\\kantin_dtedi\\vendor\\laravel\\framework\\src\\Illuminate\\Database\\Migrations\\Migrator.php(756): Illuminate\\Console\\View\\Components\\Task->render('2024_11_01_0945...', Object(Closure))
#15 D:\\File Khan\\Koolyeah\\Sem 4\\PAD2\\kantin_dtedi\\vendor\\laravel\\framework\\src\\Illuminate\\Database\\Migrations\\Migrator.php(216): Illuminate\\Database\\Migrations\\Migrator->write('Illuminate\\\\Cons...', '2024_11_01_0945...', Object(Closure))
#16 D:\\File Khan\\Koolyeah\\Sem 4\\PAD2\\kantin_dtedi\\vendor\\laravel\\framework\\src\\Illuminate\\Database\\Migrations\\Migrator.php(181): Illuminate\\Database\\Migrations\\Migrator->runUp('D:\\\\File Khan\\\\Ko...', 1, false)
#17 D:\\File Khan\\Koolyeah\\Sem 4\\PAD2\\kantin_dtedi\\vendor\\laravel\\framework\\src\\Illuminate\\Database\\Migrations\\Migrator.php(124): Illuminate\\Database\\Migrations\\Migrator->runPending(Array, Array)
#18 D:\\File Khan\\Koolyeah\\Sem 4\\PAD2\\kantin_dtedi\\vendor\\laravel\\framework\\src\\Illuminate\\Database\\Console\\Migrations\\MigrateCommand.php(92): Illuminate\\Database\\Migrations\\Migrator->run(Array, Array)
#19 D:\\File Khan\\Koolyeah\\Sem 4\\PAD2\\kantin_dtedi\\vendor\\laravel\\framework\\src\\Illuminate\\Database\\Migrations\\Migrator.php(633): Illuminate\\Database\\Console\\Migrations\\MigrateCommand->Illuminate\\Database\\Console\\Migrations\\{closure}()
#20 D:\\File Khan\\Koolyeah\\Sem 4\\PAD2\\kantin_dtedi\\vendor\\laravel\\framework\\src\\Illuminate\\Database\\Console\\Migrations\\MigrateCommand.php(104): Illuminate\\Database\\Migrations\\Migrator->usingConnection(NULL, Object(Closure))
#21 D:\\File Khan\\Koolyeah\\Sem 4\\PAD2\\kantin_dtedi\\vendor\\laravel\\framework\\src\\Illuminate\\Container\\BoundMethod.php(36): Illuminate\\Database\\Console\\Migrations\\MigrateCommand->handle()
#22 D:\\File Khan\\Koolyeah\\Sem 4\\PAD2\\kantin_dtedi\\vendor\\laravel\\framework\\src\\Illuminate\\Container\\Util.php(41): Illuminate\\Container\\BoundMethod::Illuminate\\Container\\{closure}()
#23 D:\\File Khan\\Koolyeah\\Sem 4\\PAD2\\kantin_dtedi\\vendor\\laravel\\framework\\src\\Illuminate\\Container\\BoundMethod.php(93): Illuminate\\Container\\Util::unwrapIfClosure(Object(Closure))
#24 D:\\File Khan\\Koolyeah\\Sem 4\\PAD2\\kantin_dtedi\\vendor\\laravel\\framework\\src\\Illuminate\\Container\\BoundMethod.php(37): Illuminate\\Container\\BoundMethod::callBoundMethod(Object(Illuminate\\Foundation\\Application), Array, Object(Closure))
#25 D:\\File Khan\\Koolyeah\\Sem 4\\PAD2\\kantin_dtedi\\vendor\\laravel\\framework\\src\\Illuminate\\Container\\Container.php(662): Illuminate\\Container\\BoundMethod::call(Object(Illuminate\\Foundation\\Application), Array, Array, NULL)
#26 D:\\File Khan\\Koolyeah\\Sem 4\\PAD2\\kantin_dtedi\\vendor\\laravel\\framework\\src\\Illuminate\\Console\\Command.php(211): Illuminate\\Container\\Container->call(Array)
#27 D:\\File Khan\\Koolyeah\\Sem 4\\PAD2\\kantin_dtedi\\vendor\\symfony\\console\\Command\\Command.php(326): Illuminate\\Console\\Command->execute(Object(Symfony\\Component\\Console\\Input\\ArrayInput), Object(Illuminate\\Console\\OutputStyle))
#28 D:\\File Khan\\Koolyeah\\Sem 4\\PAD2\\kantin_dtedi\\vendor\\laravel\\framework\\src\\Illuminate\\Console\\Command.php(181): Symfony\\Component\\Console\\Command\\Command->run(Object(Symfony\\Component\\Console\\Input\\ArrayInput), Object(Illuminate\\Console\\OutputStyle))
#29 D:\\File Khan\\Koolyeah\\Sem 4\\PAD2\\kantin_dtedi\\vendor\\laravel\\framework\\src\\Illuminate\\Console\\Concerns\\CallsCommands.php(68): Illuminate\\Console\\Command->run(Object(Symfony\\Component\\Console\\Input\\ArrayInput), Object(Illuminate\\Console\\OutputStyle))
#30 D:\\File Khan\\Koolyeah\\Sem 4\\PAD2\\kantin_dtedi\\vendor\\laravel\\framework\\src\\Illuminate\\Console\\Concerns\\CallsCommands.php(28): Illuminate\\Console\\Command->runCommand('migrate', Array, Object(Illuminate\\Console\\OutputStyle))
#31 D:\\File Khan\\Koolyeah\\Sem 4\\PAD2\\kantin_dtedi\\vendor\\laravel\\framework\\src\\Illuminate\\Database\\Console\\Migrations\\FreshCommand.php(59): Illuminate\\Console\\Command->call('migrate', Array)
#32 D:\\File Khan\\Koolyeah\\Sem 4\\PAD2\\kantin_dtedi\\vendor\\laravel\\framework\\src\\Illuminate\\Container\\BoundMethod.php(36): Illuminate\\Database\\Console\\Migrations\\FreshCommand->handle()
#33 D:\\File Khan\\Koolyeah\\Sem 4\\PAD2\\kantin_dtedi\\vendor\\laravel\\framework\\src\\Illuminate\\Container\\Util.php(41): Illuminate\\Container\\BoundMethod::Illuminate\\Container\\{closure}()
#34 D:\\File Khan\\Koolyeah\\Sem 4\\PAD2\\kantin_dtedi\\vendor\\laravel\\framework\\src\\Illuminate\\Container\\BoundMethod.php(93): Illuminate\\Container\\Util::unwrapIfClosure(Object(Closure))
#35 D:\\File Khan\\Koolyeah\\Sem 4\\PAD2\\kantin_dtedi\\vendor\\laravel\\framework\\src\\Illuminate\\Container\\BoundMethod.php(37): Illuminate\\Container\\BoundMethod::callBoundMethod(Object(Illuminate\\Foundation\\Application), Array, Object(Closure))
#36 D:\\File Khan\\Koolyeah\\Sem 4\\PAD2\\kantin_dtedi\\vendor\\laravel\\framework\\src\\Illuminate\\Container\\Container.php(662): Illuminate\\Container\\BoundMethod::call(Object(Illuminate\\Foundation\\Application), Array, Array, NULL)
#37 D:\\File Khan\\Koolyeah\\Sem 4\\PAD2\\kantin_dtedi\\vendor\\laravel\\framework\\src\\Illuminate\\Console\\Command.php(211): Illuminate\\Container\\Container->call(Array)
#38 D:\\File Khan\\Koolyeah\\Sem 4\\PAD2\\kantin_dtedi\\vendor\\symfony\\console\\Command\\Command.php(326): Illuminate\\Console\\Command->execute(Object(Symfony\\Component\\Console\\Input\\ArgvInput), Object(Illuminate\\Console\\OutputStyle))
#39 D:\\File Khan\\Koolyeah\\Sem 4\\PAD2\\kantin_dtedi\\vendor\\laravel\\framework\\src\\Illuminate\\Console\\Command.php(181): Symfony\\Component\\Console\\Command\\Command->run(Object(Symfony\\Component\\Console\\Input\\ArgvInput), Object(Illuminate\\Console\\OutputStyle))
#40 D:\\File Khan\\Koolyeah\\Sem 4\\PAD2\\kantin_dtedi\\vendor\\symfony\\console\\Application.php(1096): Illuminate\\Console\\Command->run(Object(Symfony\\Component\\Console\\Input\\ArgvInput), Object(Symfony\\Component\\Console\\Output\\ConsoleOutput))
#41 D:\\File Khan\\Koolyeah\\Sem 4\\PAD2\\kantin_dtedi\\vendor\\symfony\\console\\Application.php(324): Symfony\\Component\\Console\\Application->doRunCommand(Object(Illuminate\\Database\\Console\\Migrations\\FreshCommand), Object(Symfony\\Component\\Console\\Input\\ArgvInput), Object(Symfony\\Component\\Console\\Output\\ConsoleOutput))
#42 D:\\File Khan\\Koolyeah\\Sem 4\\PAD2\\kantin_dtedi\\vendor\\symfony\\console\\Application.php(175): Symfony\\Component\\Console\\Application->doRun(Object(Symfony\\Component\\Console\\Input\\ArgvInput), Object(Symfony\\Component\\Console\\Output\\ConsoleOutput))
#43 D:\\File Khan\\Koolyeah\\Sem 4\\PAD2\\kantin_dtedi\\vendor\\laravel\\framework\\src\\Illuminate\\Foundation\\Console\\Kernel.php(201): Symfony\\Component\\Console\\Application->run(Object(Symfony\\Component\\Console\\Input\\ArgvInput), Object(Symfony\\Component\\Console\\Output\\ConsoleOutput))
#44 D:\\File Khan\\Koolyeah\\Sem 4\\PAD2\\kantin_dtedi\\artisan(37): Illuminate\\Foundation\\Console\\Kernel->handle(Object(Symfony\\Component\\Console\\Input\\ArgvInput), Object(Symfony\\Component\\Console\\Output\\ConsoleOutput))
#45 {main}
"} 
[2025-02-25 09:32:29] local.ERROR: SQLSTATE[HY000]: General error: 1824 Failed to open the referenced table 'schedules' (Connection: mysql, SQL: alter table `attendances` add constraint `attendances_id_schedules_foreign` foreign key (`id_schedules`) references `schedules` (`id`)) {"exception":"[object] (Illuminate\\Database\\QueryException(code: HY000): SQLSTATE[HY000]: General error: 1824 Failed to open the referenced table 'schedules' (Connection: mysql, SQL: alter table `attendances` add constraint `attendances_id_schedules_foreign` foreign key (`id_schedules`) references `schedules` (`id`)) at D:\\File Khan\\Koolyeah\\Sem 4\\PAD2\\kantin_dtedi\\vendor\\laravel\\framework\\src\\Illuminate\\Database\\Connection.php:829)
[stacktrace]
#0 D:\\File Khan\\Koolyeah\\Sem 4\\PAD2\\kantin_dtedi\\vendor\\laravel\\framework\\src\\Illuminate\\Database\\Connection.php(783): Illuminate\\Database\\Connection->runQueryCallback('alter table `at...', Array, Object(Closure))
#1 D:\\File Khan\\Koolyeah\\Sem 4\\PAD2\\kantin_dtedi\\vendor\\laravel\\framework\\src\\Illuminate\\Database\\Connection.php(588): Illuminate\\Database\\Connection->run('alter table `at...', Array, Object(Closure))
#2 D:\\File Khan\\Koolyeah\\Sem 4\\PAD2\\kantin_dtedi\\vendor\\laravel\\framework\\src\\Illuminate\\Database\\Schema\\Blueprint.php(110): Illuminate\\Database\\Connection->statement('alter table `at...')
#3 D:\\File Khan\\Koolyeah\\Sem 4\\PAD2\\kantin_dtedi\\vendor\\laravel\\framework\\src\\Illuminate\\Database\\Schema\\Builder.php(602): Illuminate\\Database\\Schema\\Blueprint->build(Object(Illuminate\\Database\\MySqlConnection), Object(Illuminate\\Database\\Schema\\Grammars\\MySqlGrammar))
#4 D:\\File Khan\\Koolyeah\\Sem 4\\PAD2\\kantin_dtedi\\vendor\\laravel\\framework\\src\\Illuminate\\Database\\Schema\\Builder.php(460): Illuminate\\Database\\Schema\\Builder->build(Object(Illuminate\\Database\\Schema\\Blueprint))
#5 D:\\File Khan\\Koolyeah\\Sem 4\\PAD2\\kantin_dtedi\\vendor\\laravel\\framework\\src\\Illuminate\\Support\\Facades\\Facade.php(355): Illuminate\\Database\\Schema\\Builder->create('attendances', Object(Closure))
#6 D:\\File Khan\\Koolyeah\\Sem 4\\PAD2\\kantin_dtedi\\database\\migrations\\2024_11_01_094917_create_attendances_table.php(21): Illuminate\\Support\\Facades\\Facade::__callStatic('create', Array)
#7 D:\\File Khan\\Koolyeah\\Sem 4\\PAD2\\kantin_dtedi\\vendor\\laravel\\framework\\src\\Illuminate\\Database\\Migrations\\Migrator.php(493): Illuminate\\Database\\Migrations\\Migration@anonymous->up()
#8 D:\\File Khan\\Koolyeah\\Sem 4\\PAD2\\kantin_dtedi\\vendor\\laravel\\framework\\src\\Illuminate\\Database\\Migrations\\Migrator.php(410): Illuminate\\Database\\Migrations\\Migrator->runMethod(Object(Illuminate\\Database\\MySqlConnection), Object(Illuminate\\Database\\Migrations\\Migration@anonymous), 'up')
#9 D:\\File Khan\\Koolyeah\\Sem 4\\PAD2\\kantin_dtedi\\vendor\\laravel\\framework\\src\\Illuminate\\Database\\Migrations\\Migrator.php(419): Illuminate\\Database\\Migrations\\Migrator->Illuminate\\Database\\Migrations\\{closure}()
#10 D:\\File Khan\\Koolyeah\\Sem 4\\PAD2\\kantin_dtedi\\vendor\\laravel\\framework\\src\\Illuminate\\Database\\Migrations\\Migrator.php(216): Illuminate\\Database\\Migrations\\Migrator->runMigration(Object(Illuminate\\Database\\Migrations\\Migration@anonymous), 'up')
#11 D:\\File Khan\\Koolyeah\\Sem 4\\PAD2\\kantin_dtedi\\vendor\\laravel\\framework\\src\\Illuminate\\Console\\View\\Components\\Task.php(37): Illuminate\\Database\\Migrations\\Migrator->Illuminate\\Database\\Migrations\\{closure}()
#12 D:\\File Khan\\Koolyeah\\Sem 4\\PAD2\\kantin_dtedi\\vendor\\laravel\\framework\\src\\Illuminate\\Database\\Migrations\\Migrator.php(756): Illuminate\\Console\\View\\Components\\Task->render('2024_11_01_0949...', Object(Closure))
#13 D:\\File Khan\\Koolyeah\\Sem 4\\PAD2\\kantin_dtedi\\vendor\\laravel\\framework\\src\\Illuminate\\Database\\Migrations\\Migrator.php(216): Illuminate\\Database\\Migrations\\Migrator->write('Illuminate\\\\Cons...', '2024_11_01_0949...', Object(Closure))
#14 D:\\File Khan\\Koolyeah\\Sem 4\\PAD2\\kantin_dtedi\\vendor\\laravel\\framework\\src\\Illuminate\\Database\\Migrations\\Migrator.php(181): Illuminate\\Database\\Migrations\\Migrator->runUp('D:\\\\File Khan\\\\Ko...', 1, false)
#15 D:\\File Khan\\Koolyeah\\Sem 4\\PAD2\\kantin_dtedi\\vendor\\laravel\\framework\\src\\Illuminate\\Database\\Migrations\\Migrator.php(124): Illuminate\\Database\\Migrations\\Migrator->runPending(Array, Array)
#16 D:\\File Khan\\Koolyeah\\Sem 4\\PAD2\\kantin_dtedi\\vendor\\laravel\\framework\\src\\Illuminate\\Database\\Console\\Migrations\\MigrateCommand.php(92): Illuminate\\Database\\Migrations\\Migrator->run(Array, Array)
#17 D:\\File Khan\\Koolyeah\\Sem 4\\PAD2\\kantin_dtedi\\vendor\\laravel\\framework\\src\\Illuminate\\Database\\Migrations\\Migrator.php(633): Illuminate\\Database\\Console\\Migrations\\MigrateCommand->Illuminate\\Database\\Console\\Migrations\\{closure}()
#18 D:\\File Khan\\Koolyeah\\Sem 4\\PAD2\\kantin_dtedi\\vendor\\laravel\\framework\\src\\Illuminate\\Database\\Console\\Migrations\\MigrateCommand.php(104): Illuminate\\Database\\Migrations\\Migrator->usingConnection(NULL, Object(Closure))
#19 D:\\File Khan\\Koolyeah\\Sem 4\\PAD2\\kantin_dtedi\\vendor\\laravel\\framework\\src\\Illuminate\\Container\\BoundMethod.php(36): Illuminate\\Database\\Console\\Migrations\\MigrateCommand->handle()
#20 D:\\File Khan\\Koolyeah\\Sem 4\\PAD2\\kantin_dtedi\\vendor\\laravel\\framework\\src\\Illuminate\\Container\\Util.php(41): Illuminate\\Container\\BoundMethod::Illuminate\\Container\\{closure}()
#21 D:\\File Khan\\Koolyeah\\Sem 4\\PAD2\\kantin_dtedi\\vendor\\laravel\\framework\\src\\Illuminate\\Container\\BoundMethod.php(93): Illuminate\\Container\\Util::unwrapIfClosure(Object(Closure))
#22 D:\\File Khan\\Koolyeah\\Sem 4\\PAD2\\kantin_dtedi\\vendor\\laravel\\framework\\src\\Illuminate\\Container\\BoundMethod.php(37): Illuminate\\Container\\BoundMethod::callBoundMethod(Object(Illuminate\\Foundation\\Application), Array, Object(Closure))
#23 D:\\File Khan\\Koolyeah\\Sem 4\\PAD2\\kantin_dtedi\\vendor\\laravel\\framework\\src\\Illuminate\\Container\\Container.php(662): Illuminate\\Container\\BoundMethod::call(Object(Illuminate\\Foundation\\Application), Array, Array, NULL)
#24 D:\\File Khan\\Koolyeah\\Sem 4\\PAD2\\kantin_dtedi\\vendor\\laravel\\framework\\src\\Illuminate\\Console\\Command.php(211): Illuminate\\Container\\Container->call(Array)
#25 D:\\File Khan\\Koolyeah\\Sem 4\\PAD2\\kantin_dtedi\\vendor\\symfony\\console\\Command\\Command.php(326): Illuminate\\Console\\Command->execute(Object(Symfony\\Component\\Console\\Input\\ArrayInput), Object(Illuminate\\Console\\OutputStyle))
#26 D:\\File Khan\\Koolyeah\\Sem 4\\PAD2\\kantin_dtedi\\vendor\\laravel\\framework\\src\\Illuminate\\Console\\Command.php(181): Symfony\\Component\\Console\\Command\\Command->run(Object(Symfony\\Component\\Console\\Input\\ArrayInput), Object(Illuminate\\Console\\OutputStyle))
#27 D:\\File Khan\\Koolyeah\\Sem 4\\PAD2\\kantin_dtedi\\vendor\\laravel\\framework\\src\\Illuminate\\Console\\Concerns\\CallsCommands.php(68): Illuminate\\Console\\Command->run(Object(Symfony\\Component\\Console\\Input\\ArrayInput), Object(Illuminate\\Console\\OutputStyle))
#28 D:\\File Khan\\Koolyeah\\Sem 4\\PAD2\\kantin_dtedi\\vendor\\laravel\\framework\\src\\Illuminate\\Console\\Concerns\\CallsCommands.php(28): Illuminate\\Console\\Command->runCommand('migrate', Array, Object(Illuminate\\Console\\OutputStyle))
#29 D:\\File Khan\\Koolyeah\\Sem 4\\PAD2\\kantin_dtedi\\vendor\\laravel\\framework\\src\\Illuminate\\Database\\Console\\Migrations\\FreshCommand.php(59): Illuminate\\Console\\Command->call('migrate', Array)
#30 D:\\File Khan\\Koolyeah\\Sem 4\\PAD2\\kantin_dtedi\\vendor\\laravel\\framework\\src\\Illuminate\\Container\\BoundMethod.php(36): Illuminate\\Database\\Console\\Migrations\\FreshCommand->handle()
#31 D:\\File Khan\\Koolyeah\\Sem 4\\PAD2\\kantin_dtedi\\vendor\\laravel\\framework\\src\\Illuminate\\Container\\Util.php(41): Illuminate\\Container\\BoundMethod::Illuminate\\Container\\{closure}()
#32 D:\\File Khan\\Koolyeah\\Sem 4\\PAD2\\kantin_dtedi\\vendor\\laravel\\framework\\src\\Illuminate\\Container\\BoundMethod.php(93): Illuminate\\Container\\Util::unwrapIfClosure(Object(Closure))
#33 D:\\File Khan\\Koolyeah\\Sem 4\\PAD2\\kantin_dtedi\\vendor\\laravel\\framework\\src\\Illuminate\\Container\\BoundMethod.php(37): Illuminate\\Container\\BoundMethod::callBoundMethod(Object(Illuminate\\Foundation\\Application), Array, Object(Closure))
#34 D:\\File Khan\\Koolyeah\\Sem 4\\PAD2\\kantin_dtedi\\vendor\\laravel\\framework\\src\\Illuminate\\Container\\Container.php(662): Illuminate\\Container\\BoundMethod::call(Object(Illuminate\\Foundation\\Application), Array, Array, NULL)
#35 D:\\File Khan\\Koolyeah\\Sem 4\\PAD2\\kantin_dtedi\\vendor\\laravel\\framework\\src\\Illuminate\\Console\\Command.php(211): Illuminate\\Container\\Container->call(Array)
#36 D:\\File Khan\\Koolyeah\\Sem 4\\PAD2\\kantin_dtedi\\vendor\\symfony\\console\\Command\\Command.php(326): Illuminate\\Console\\Command->execute(Object(Symfony\\Component\\Console\\Input\\ArgvInput), Object(Illuminate\\Console\\OutputStyle))
#37 D:\\File Khan\\Koolyeah\\Sem 4\\PAD2\\kantin_dtedi\\vendor\\laravel\\framework\\src\\Illuminate\\Console\\Command.php(181): Symfony\\Component\\Console\\Command\\Command->run(Object(Symfony\\Component\\Console\\Input\\ArgvInput), Object(Illuminate\\Console\\OutputStyle))
#38 D:\\File Khan\\Koolyeah\\Sem 4\\PAD2\\kantin_dtedi\\vendor\\symfony\\console\\Application.php(1096): Illuminate\\Console\\Command->run(Object(Symfony\\Component\\Console\\Input\\ArgvInput), Object(Symfony\\Component\\Console\\Output\\ConsoleOutput))
#39 D:\\File Khan\\Koolyeah\\Sem 4\\PAD2\\kantin_dtedi\\vendor\\symfony\\console\\Application.php(324): Symfony\\Component\\Console\\Application->doRunCommand(Object(Illuminate\\Database\\Console\\Migrations\\FreshCommand), Object(Symfony\\Component\\Console\\Input\\ArgvInput), Object(Symfony\\Component\\Console\\Output\\ConsoleOutput))
#40 D:\\File Khan\\Koolyeah\\Sem 4\\PAD2\\kantin_dtedi\\vendor\\symfony\\console\\Application.php(175): Symfony\\Component\\Console\\Application->doRun(Object(Symfony\\Component\\Console\\Input\\ArgvInput), Object(Symfony\\Component\\Console\\Output\\ConsoleOutput))
#41 D:\\File Khan\\Koolyeah\\Sem 4\\PAD2\\kantin_dtedi\\vendor\\laravel\\framework\\src\\Illuminate\\Foundation\\Console\\Kernel.php(201): Symfony\\Component\\Console\\Application->run(Object(Symfony\\Component\\Console\\Input\\ArgvInput), Object(Symfony\\Component\\Console\\Output\\ConsoleOutput))
#42 D:\\File Khan\\Koolyeah\\Sem 4\\PAD2\\kantin_dtedi\\artisan(37): Illuminate\\Foundation\\Console\\Kernel->handle(Object(Symfony\\Component\\Console\\Input\\ArgvInput), Object(Symfony\\Component\\Console\\Output\\ConsoleOutput))
#43 {main}

[previous exception] [object] (PDOException(code: HY000): SQLSTATE[HY000]: General error: 1824 Failed to open the referenced table 'schedules' at D:\\File Khan\\Koolyeah\\Sem 4\\PAD2\\kantin_dtedi\\vendor\\laravel\\framework\\src\\Illuminate\\Database\\Connection.php:587)
[stacktrace]
#0 D:\\File Khan\\Koolyeah\\Sem 4\\PAD2\\kantin_dtedi\\vendor\\laravel\\framework\\src\\Illuminate\\Database\\Connection.php(587): PDOStatement->execute()
#1 D:\\File Khan\\Koolyeah\\Sem 4\\PAD2\\kantin_dtedi\\vendor\\laravel\\framework\\src\\Illuminate\\Database\\Connection.php(816): Illuminate\\Database\\Connection->Illuminate\\Database\\{closure}('alter table `at...', Array)
#2 D:\\File Khan\\Koolyeah\\Sem 4\\PAD2\\kantin_dtedi\\vendor\\laravel\\framework\\src\\Illuminate\\Database\\Connection.php(783): Illuminate\\Database\\Connection->runQueryCallback('alter table `at...', Array, Object(Closure))
#3 D:\\File Khan\\Koolyeah\\Sem 4\\PAD2\\kantin_dtedi\\vendor\\laravel\\framework\\src\\Illuminate\\Database\\Connection.php(588): Illuminate\\Database\\Connection->run('alter table `at...', Array, Object(Closure))
#4 D:\\File Khan\\Koolyeah\\Sem 4\\PAD2\\kantin_dtedi\\vendor\\laravel\\framework\\src\\Illuminate\\Database\\Schema\\Blueprint.php(110): Illuminate\\Database\\Connection->statement('alter table `at...')
#5 D:\\File Khan\\Koolyeah\\Sem 4\\PAD2\\kantin_dtedi\\vendor\\laravel\\framework\\src\\Illuminate\\Database\\Schema\\Builder.php(602): Illuminate\\Database\\Schema\\Blueprint->build(Object(Illuminate\\Database\\MySqlConnection), Object(Illuminate\\Database\\Schema\\Grammars\\MySqlGrammar))
#6 D:\\File Khan\\Koolyeah\\Sem 4\\PAD2\\kantin_dtedi\\vendor\\laravel\\framework\\src\\Illuminate\\Database\\Schema\\Builder.php(460): Illuminate\\Database\\Schema\\Builder->build(Object(Illuminate\\Database\\Schema\\Blueprint))
#7 D:\\File Khan\\Koolyeah\\Sem 4\\PAD2\\kantin_dtedi\\vendor\\laravel\\framework\\src\\Illuminate\\Support\\Facades\\Facade.php(355): Illuminate\\Database\\Schema\\Builder->create('attendances', Object(Closure))
#8 D:\\File Khan\\Koolyeah\\Sem 4\\PAD2\\kantin_dtedi\\database\\migrations\\2024_11_01_094917_create_attendances_table.php(21): Illuminate\\Support\\Facades\\Facade::__callStatic('create', Array)
#9 D:\\File Khan\\Koolyeah\\Sem 4\\PAD2\\kantin_dtedi\\vendor\\laravel\\framework\\src\\Illuminate\\Database\\Migrations\\Migrator.php(493): Illuminate\\Database\\Migrations\\Migration@anonymous->up()
#10 D:\\File Khan\\Koolyeah\\Sem 4\\PAD2\\kantin_dtedi\\vendor\\laravel\\framework\\src\\Illuminate\\Database\\Migrations\\Migrator.php(410): Illuminate\\Database\\Migrations\\Migrator->runMethod(Object(Illuminate\\Database\\MySqlConnection), Object(Illuminate\\Database\\Migrations\\Migration@anonymous), 'up')
#11 D:\\File Khan\\Koolyeah\\Sem 4\\PAD2\\kantin_dtedi\\vendor\\laravel\\framework\\src\\Illuminate\\Database\\Migrations\\Migrator.php(419): Illuminate\\Database\\Migrations\\Migrator->Illuminate\\Database\\Migrations\\{closure}()
#12 D:\\File Khan\\Koolyeah\\Sem 4\\PAD2\\kantin_dtedi\\vendor\\laravel\\framework\\src\\Illuminate\\Database\\Migrations\\Migrator.php(216): Illuminate\\Database\\Migrations\\Migrator->runMigration(Object(Illuminate\\Database\\Migrations\\Migration@anonymous), 'up')
#13 D:\\File Khan\\Koolyeah\\Sem 4\\PAD2\\kantin_dtedi\\vendor\\laravel\\framework\\src\\Illuminate\\Console\\View\\Components\\Task.php(37): Illuminate\\Database\\Migrations\\Migrator->Illuminate\\Database\\Migrations\\{closure}()
#14 D:\\File Khan\\Koolyeah\\Sem 4\\PAD2\\kantin_dtedi\\vendor\\laravel\\framework\\src\\Illuminate\\Database\\Migrations\\Migrator.php(756): Illuminate\\Console\\View\\Components\\Task->render('2024_11_01_0949...', Object(Closure))
#15 D:\\File Khan\\Koolyeah\\Sem 4\\PAD2\\kantin_dtedi\\vendor\\laravel\\framework\\src\\Illuminate\\Database\\Migrations\\Migrator.php(216): Illuminate\\Database\\Migrations\\Migrator->write('Illuminate\\\\Cons...', '2024_11_01_0949...', Object(Closure))
#16 D:\\File Khan\\Koolyeah\\Sem 4\\PAD2\\kantin_dtedi\\vendor\\laravel\\framework\\src\\Illuminate\\Database\\Migrations\\Migrator.php(181): Illuminate\\Database\\Migrations\\Migrator->runUp('D:\\\\File Khan\\\\Ko...', 1, false)
#17 D:\\File Khan\\Koolyeah\\Sem 4\\PAD2\\kantin_dtedi\\vendor\\laravel\\framework\\src\\Illuminate\\Database\\Migrations\\Migrator.php(124): Illuminate\\Database\\Migrations\\Migrator->runPending(Array, Array)
#18 D:\\File Khan\\Koolyeah\\Sem 4\\PAD2\\kantin_dtedi\\vendor\\laravel\\framework\\src\\Illuminate\\Database\\Console\\Migrations\\MigrateCommand.php(92): Illuminate\\Database\\Migrations\\Migrator->run(Array, Array)
#19 D:\\File Khan\\Koolyeah\\Sem 4\\PAD2\\kantin_dtedi\\vendor\\laravel\\framework\\src\\Illuminate\\Database\\Migrations\\Migrator.php(633): Illuminate\\Database\\Console\\Migrations\\MigrateCommand->Illuminate\\Database\\Console\\Migrations\\{closure}()
#20 D:\\File Khan\\Koolyeah\\Sem 4\\PAD2\\kantin_dtedi\\vendor\\laravel\\framework\\src\\Illuminate\\Database\\Console\\Migrations\\MigrateCommand.php(104): Illuminate\\Database\\Migrations\\Migrator->usingConnection(NULL, Object(Closure))
#21 D:\\File Khan\\Koolyeah\\Sem 4\\PAD2\\kantin_dtedi\\vendor\\laravel\\framework\\src\\Illuminate\\Container\\BoundMethod.php(36): Illuminate\\Database\\Console\\Migrations\\MigrateCommand->handle()
#22 D:\\File Khan\\Koolyeah\\Sem 4\\PAD2\\kantin_dtedi\\vendor\\laravel\\framework\\src\\Illuminate\\Container\\Util.php(41): Illuminate\\Container\\BoundMethod::Illuminate\\Container\\{closure}()
#23 D:\\File Khan\\Koolyeah\\Sem 4\\PAD2\\kantin_dtedi\\vendor\\laravel\\framework\\src\\Illuminate\\Container\\BoundMethod.php(93): Illuminate\\Container\\Util::unwrapIfClosure(Object(Closure))
#24 D:\\File Khan\\Koolyeah\\Sem 4\\PAD2\\kantin_dtedi\\vendor\\laravel\\framework\\src\\Illuminate\\Container\\BoundMethod.php(37): Illuminate\\Container\\BoundMethod::callBoundMethod(Object(Illuminate\\Foundation\\Application), Array, Object(Closure))
#25 D:\\File Khan\\Koolyeah\\Sem 4\\PAD2\\kantin_dtedi\\vendor\\laravel\\framework\\src\\Illuminate\\Container\\Container.php(662): Illuminate\\Container\\BoundMethod::call(Object(Illuminate\\Foundation\\Application), Array, Array, NULL)
#26 D:\\File Khan\\Koolyeah\\Sem 4\\PAD2\\kantin_dtedi\\vendor\\laravel\\framework\\src\\Illuminate\\Console\\Command.php(211): Illuminate\\Container\\Container->call(Array)
#27 D:\\File Khan\\Koolyeah\\Sem 4\\PAD2\\kantin_dtedi\\vendor\\symfony\\console\\Command\\Command.php(326): Illuminate\\Console\\Command->execute(Object(Symfony\\Component\\Console\\Input\\ArrayInput), Object(Illuminate\\Console\\OutputStyle))
#28 D:\\File Khan\\Koolyeah\\Sem 4\\PAD2\\kantin_dtedi\\vendor\\laravel\\framework\\src\\Illuminate\\Console\\Command.php(181): Symfony\\Component\\Console\\Command\\Command->run(Object(Symfony\\Component\\Console\\Input\\ArrayInput), Object(Illuminate\\Console\\OutputStyle))
#29 D:\\File Khan\\Koolyeah\\Sem 4\\PAD2\\kantin_dtedi\\vendor\\laravel\\framework\\src\\Illuminate\\Console\\Concerns\\CallsCommands.php(68): Illuminate\\Console\\Command->run(Object(Symfony\\Component\\Console\\Input\\ArrayInput), Object(Illuminate\\Console\\OutputStyle))
#30 D:\\File Khan\\Koolyeah\\Sem 4\\PAD2\\kantin_dtedi\\vendor\\laravel\\framework\\src\\Illuminate\\Console\\Concerns\\CallsCommands.php(28): Illuminate\\Console\\Command->runCommand('migrate', Array, Object(Illuminate\\Console\\OutputStyle))
#31 D:\\File Khan\\Koolyeah\\Sem 4\\PAD2\\kantin_dtedi\\vendor\\laravel\\framework\\src\\Illuminate\\Database\\Console\\Migrations\\FreshCommand.php(59): Illuminate\\Console\\Command->call('migrate', Array)
#32 D:\\File Khan\\Koolyeah\\Sem 4\\PAD2\\kantin_dtedi\\vendor\\laravel\\framework\\src\\Illuminate\\Container\\BoundMethod.php(36): Illuminate\\Database\\Console\\Migrations\\FreshCommand->handle()
#33 D:\\File Khan\\Koolyeah\\Sem 4\\PAD2\\kantin_dtedi\\vendor\\laravel\\framework\\src\\Illuminate\\Container\\Util.php(41): Illuminate\\Container\\BoundMethod::Illuminate\\Container\\{closure}()
#34 D:\\File Khan\\Koolyeah\\Sem 4\\PAD2\\kantin_dtedi\\vendor\\laravel\\framework\\src\\Illuminate\\Container\\BoundMethod.php(93): Illuminate\\Container\\Util::unwrapIfClosure(Object(Closure))
#35 D:\\File Khan\\Koolyeah\\Sem 4\\PAD2\\kantin_dtedi\\vendor\\laravel\\framework\\src\\Illuminate\\Container\\BoundMethod.php(37): Illuminate\\Container\\BoundMethod::callBoundMethod(Object(Illuminate\\Foundation\\Application), Array, Object(Closure))
#36 D:\\File Khan\\Koolyeah\\Sem 4\\PAD2\\kantin_dtedi\\vendor\\laravel\\framework\\src\\Illuminate\\Container\\Container.php(662): Illuminate\\Container\\BoundMethod::call(Object(Illuminate\\Foundation\\Application), Array, Array, NULL)
#37 D:\\File Khan\\Koolyeah\\Sem 4\\PAD2\\kantin_dtedi\\vendor\\laravel\\framework\\src\\Illuminate\\Console\\Command.php(211): Illuminate\\Container\\Container->call(Array)
#38 D:\\File Khan\\Koolyeah\\Sem 4\\PAD2\\kantin_dtedi\\vendor\\symfony\\console\\Command\\Command.php(326): Illuminate\\Console\\Command->execute(Object(Symfony\\Component\\Console\\Input\\ArgvInput), Object(Illuminate\\Console\\OutputStyle))
#39 D:\\File Khan\\Koolyeah\\Sem 4\\PAD2\\kantin_dtedi\\vendor\\laravel\\framework\\src\\Illuminate\\Console\\Command.php(181): Symfony\\Component\\Console\\Command\\Command->run(Object(Symfony\\Component\\Console\\Input\\ArgvInput), Object(Illuminate\\Console\\OutputStyle))
#40 D:\\File Khan\\Koolyeah\\Sem 4\\PAD2\\kantin_dtedi\\vendor\\symfony\\console\\Application.php(1096): Illuminate\\Console\\Command->run(Object(Symfony\\Component\\Console\\Input\\ArgvInput), Object(Symfony\\Component\\Console\\Output\\ConsoleOutput))
#41 D:\\File Khan\\Koolyeah\\Sem 4\\PAD2\\kantin_dtedi\\vendor\\symfony\\console\\Application.php(324): Symfony\\Component\\Console\\Application->doRunCommand(Object(Illuminate\\Database\\Console\\Migrations\\FreshCommand), Object(Symfony\\Component\\Console\\Input\\ArgvInput), Object(Symfony\\Component\\Console\\Output\\ConsoleOutput))
#42 D:\\File Khan\\Koolyeah\\Sem 4\\PAD2\\kantin_dtedi\\vendor\\symfony\\console\\Application.php(175): Symfony\\Component\\Console\\Application->doRun(Object(Symfony\\Component\\Console\\Input\\ArgvInput), Object(Symfony\\Component\\Console\\Output\\ConsoleOutput))
#43 D:\\File Khan\\Koolyeah\\Sem 4\\PAD2\\kantin_dtedi\\vendor\\laravel\\framework\\src\\Illuminate\\Foundation\\Console\\Kernel.php(201): Symfony\\Component\\Console\\Application->run(Object(Symfony\\Component\\Console\\Input\\ArgvInput), Object(Symfony\\Component\\Console\\Output\\ConsoleOutput))
#44 D:\\File Khan\\Koolyeah\\Sem 4\\PAD2\\kantin_dtedi\\artisan(37): Illuminate\\Foundation\\Console\\Kernel->handle(Object(Symfony\\Component\\Console\\Input\\ArgvInput), Object(Symfony\\Component\\Console\\Output\\ConsoleOutput))
#45 {main}
"} 
[2025-02-25 09:33:28] local.ERROR: SQLSTATE[HY000]: General error: 1824 Failed to open the referenced table 'shifts' (Connection: mysql, SQL: alter table `schedules` add constraint `schedules_id_shifts_foreign` foreign key (`id_shifts`) references `shifts` (`id`)) {"exception":"[object] (Illuminate\\Database\\QueryException(code: HY000): SQLSTATE[HY000]: General error: 1824 Failed to open the referenced table 'shifts' (Connection: mysql, SQL: alter table `schedules` add constraint `schedules_id_shifts_foreign` foreign key (`id_shifts`) references `shifts` (`id`)) at D:\\File Khan\\Koolyeah\\Sem 4\\PAD2\\kantin_dtedi\\vendor\\laravel\\framework\\src\\Illuminate\\Database\\Connection.php:829)
[stacktrace]
#0 D:\\File Khan\\Koolyeah\\Sem 4\\PAD2\\kantin_dtedi\\vendor\\laravel\\framework\\src\\Illuminate\\Database\\Connection.php(783): Illuminate\\Database\\Connection->runQueryCallback('alter table `sc...', Array, Object(Closure))
#1 D:\\File Khan\\Koolyeah\\Sem 4\\PAD2\\kantin_dtedi\\vendor\\laravel\\framework\\src\\Illuminate\\Database\\Connection.php(588): Illuminate\\Database\\Connection->run('alter table `sc...', Array, Object(Closure))
#2 D:\\File Khan\\Koolyeah\\Sem 4\\PAD2\\kantin_dtedi\\vendor\\laravel\\framework\\src\\Illuminate\\Database\\Schema\\Blueprint.php(110): Illuminate\\Database\\Connection->statement('alter table `sc...')
#3 D:\\File Khan\\Koolyeah\\Sem 4\\PAD2\\kantin_dtedi\\vendor\\laravel\\framework\\src\\Illuminate\\Database\\Schema\\Builder.php(602): Illuminate\\Database\\Schema\\Blueprint->build(Object(Illuminate\\Database\\MySqlConnection), Object(Illuminate\\Database\\Schema\\Grammars\\MySqlGrammar))
#4 D:\\File Khan\\Koolyeah\\Sem 4\\PAD2\\kantin_dtedi\\vendor\\laravel\\framework\\src\\Illuminate\\Database\\Schema\\Builder.php(460): Illuminate\\Database\\Schema\\Builder->build(Object(Illuminate\\Database\\Schema\\Blueprint))
#5 D:\\File Khan\\Koolyeah\\Sem 4\\PAD2\\kantin_dtedi\\vendor\\laravel\\framework\\src\\Illuminate\\Support\\Facades\\Facade.php(355): Illuminate\\Database\\Schema\\Builder->create('schedules', Object(Closure))
#6 D:\\File Khan\\Koolyeah\\Sem 4\\PAD2\\kantin_dtedi\\database\\migrations\\2024_11_01_094850_create_schedules_table.php(20): Illuminate\\Support\\Facades\\Facade::__callStatic('create', Array)
#7 D:\\File Khan\\Koolyeah\\Sem 4\\PAD2\\kantin_dtedi\\vendor\\laravel\\framework\\src\\Illuminate\\Database\\Migrations\\Migrator.php(493): Illuminate\\Database\\Migrations\\Migration@anonymous->up()
#8 D:\\File Khan\\Koolyeah\\Sem 4\\PAD2\\kantin_dtedi\\vendor\\laravel\\framework\\src\\Illuminate\\Database\\Migrations\\Migrator.php(410): Illuminate\\Database\\Migrations\\Migrator->runMethod(Object(Illuminate\\Database\\MySqlConnection), Object(Illuminate\\Database\\Migrations\\Migration@anonymous), 'up')
#9 D:\\File Khan\\Koolyeah\\Sem 4\\PAD2\\kantin_dtedi\\vendor\\laravel\\framework\\src\\Illuminate\\Database\\Migrations\\Migrator.php(419): Illuminate\\Database\\Migrations\\Migrator->Illuminate\\Database\\Migrations\\{closure}()
#10 D:\\File Khan\\Koolyeah\\Sem 4\\PAD2\\kantin_dtedi\\vendor\\laravel\\framework\\src\\Illuminate\\Database\\Migrations\\Migrator.php(216): Illuminate\\Database\\Migrations\\Migrator->runMigration(Object(Illuminate\\Database\\Migrations\\Migration@anonymous), 'up')
#11 D:\\File Khan\\Koolyeah\\Sem 4\\PAD2\\kantin_dtedi\\vendor\\laravel\\framework\\src\\Illuminate\\Console\\View\\Components\\Task.php(37): Illuminate\\Database\\Migrations\\Migrator->Illuminate\\Database\\Migrations\\{closure}()
#12 D:\\File Khan\\Koolyeah\\Sem 4\\PAD2\\kantin_dtedi\\vendor\\laravel\\framework\\src\\Illuminate\\Database\\Migrations\\Migrator.php(756): Illuminate\\Console\\View\\Components\\Task->render('2024_11_01_0948...', Object(Closure))
#13 D:\\File Khan\\Koolyeah\\Sem 4\\PAD2\\kantin_dtedi\\vendor\\laravel\\framework\\src\\Illuminate\\Database\\Migrations\\Migrator.php(216): Illuminate\\Database\\Migrations\\Migrator->write('Illuminate\\\\Cons...', '2024_11_01_0948...', Object(Closure))
#14 D:\\File Khan\\Koolyeah\\Sem 4\\PAD2\\kantin_dtedi\\vendor\\laravel\\framework\\src\\Illuminate\\Database\\Migrations\\Migrator.php(181): Illuminate\\Database\\Migrations\\Migrator->runUp('D:\\\\File Khan\\\\Ko...', 1, false)
#15 D:\\File Khan\\Koolyeah\\Sem 4\\PAD2\\kantin_dtedi\\vendor\\laravel\\framework\\src\\Illuminate\\Database\\Migrations\\Migrator.php(124): Illuminate\\Database\\Migrations\\Migrator->runPending(Array, Array)
#16 D:\\File Khan\\Koolyeah\\Sem 4\\PAD2\\kantin_dtedi\\vendor\\laravel\\framework\\src\\Illuminate\\Database\\Console\\Migrations\\MigrateCommand.php(92): Illuminate\\Database\\Migrations\\Migrator->run(Array, Array)
#17 D:\\File Khan\\Koolyeah\\Sem 4\\PAD2\\kantin_dtedi\\vendor\\laravel\\framework\\src\\Illuminate\\Database\\Migrations\\Migrator.php(633): Illuminate\\Database\\Console\\Migrations\\MigrateCommand->Illuminate\\Database\\Console\\Migrations\\{closure}()
#18 D:\\File Khan\\Koolyeah\\Sem 4\\PAD2\\kantin_dtedi\\vendor\\laravel\\framework\\src\\Illuminate\\Database\\Console\\Migrations\\MigrateCommand.php(104): Illuminate\\Database\\Migrations\\Migrator->usingConnection(NULL, Object(Closure))
#19 D:\\File Khan\\Koolyeah\\Sem 4\\PAD2\\kantin_dtedi\\vendor\\laravel\\framework\\src\\Illuminate\\Container\\BoundMethod.php(36): Illuminate\\Database\\Console\\Migrations\\MigrateCommand->handle()
#20 D:\\File Khan\\Koolyeah\\Sem 4\\PAD2\\kantin_dtedi\\vendor\\laravel\\framework\\src\\Illuminate\\Container\\Util.php(41): Illuminate\\Container\\BoundMethod::Illuminate\\Container\\{closure}()
#21 D:\\File Khan\\Koolyeah\\Sem 4\\PAD2\\kantin_dtedi\\vendor\\laravel\\framework\\src\\Illuminate\\Container\\BoundMethod.php(93): Illuminate\\Container\\Util::unwrapIfClosure(Object(Closure))
#22 D:\\File Khan\\Koolyeah\\Sem 4\\PAD2\\kantin_dtedi\\vendor\\laravel\\framework\\src\\Illuminate\\Container\\BoundMethod.php(37): Illuminate\\Container\\BoundMethod::callBoundMethod(Object(Illuminate\\Foundation\\Application), Array, Object(Closure))
#23 D:\\File Khan\\Koolyeah\\Sem 4\\PAD2\\kantin_dtedi\\vendor\\laravel\\framework\\src\\Illuminate\\Container\\Container.php(662): Illuminate\\Container\\BoundMethod::call(Object(Illuminate\\Foundation\\Application), Array, Array, NULL)
#24 D:\\File Khan\\Koolyeah\\Sem 4\\PAD2\\kantin_dtedi\\vendor\\laravel\\framework\\src\\Illuminate\\Console\\Command.php(211): Illuminate\\Container\\Container->call(Array)
#25 D:\\File Khan\\Koolyeah\\Sem 4\\PAD2\\kantin_dtedi\\vendor\\symfony\\console\\Command\\Command.php(326): Illuminate\\Console\\Command->execute(Object(Symfony\\Component\\Console\\Input\\ArrayInput), Object(Illuminate\\Console\\OutputStyle))
#26 D:\\File Khan\\Koolyeah\\Sem 4\\PAD2\\kantin_dtedi\\vendor\\laravel\\framework\\src\\Illuminate\\Console\\Command.php(181): Symfony\\Component\\Console\\Command\\Command->run(Object(Symfony\\Component\\Console\\Input\\ArrayInput), Object(Illuminate\\Console\\OutputStyle))
#27 D:\\File Khan\\Koolyeah\\Sem 4\\PAD2\\kantin_dtedi\\vendor\\laravel\\framework\\src\\Illuminate\\Console\\Concerns\\CallsCommands.php(68): Illuminate\\Console\\Command->run(Object(Symfony\\Component\\Console\\Input\\ArrayInput), Object(Illuminate\\Console\\OutputStyle))
#28 D:\\File Khan\\Koolyeah\\Sem 4\\PAD2\\kantin_dtedi\\vendor\\laravel\\framework\\src\\Illuminate\\Console\\Concerns\\CallsCommands.php(28): Illuminate\\Console\\Command->runCommand('migrate', Array, Object(Illuminate\\Console\\OutputStyle))
#29 D:\\File Khan\\Koolyeah\\Sem 4\\PAD2\\kantin_dtedi\\vendor\\laravel\\framework\\src\\Illuminate\\Database\\Console\\Migrations\\FreshCommand.php(59): Illuminate\\Console\\Command->call('migrate', Array)
#30 D:\\File Khan\\Koolyeah\\Sem 4\\PAD2\\kantin_dtedi\\vendor\\laravel\\framework\\src\\Illuminate\\Container\\BoundMethod.php(36): Illuminate\\Database\\Console\\Migrations\\FreshCommand->handle()
#31 D:\\File Khan\\Koolyeah\\Sem 4\\PAD2\\kantin_dtedi\\vendor\\laravel\\framework\\src\\Illuminate\\Container\\Util.php(41): Illuminate\\Container\\BoundMethod::Illuminate\\Container\\{closure}()
#32 D:\\File Khan\\Koolyeah\\Sem 4\\PAD2\\kantin_dtedi\\vendor\\laravel\\framework\\src\\Illuminate\\Container\\BoundMethod.php(93): Illuminate\\Container\\Util::unwrapIfClosure(Object(Closure))
#33 D:\\File Khan\\Koolyeah\\Sem 4\\PAD2\\kantin_dtedi\\vendor\\laravel\\framework\\src\\Illuminate\\Container\\BoundMethod.php(37): Illuminate\\Container\\BoundMethod::callBoundMethod(Object(Illuminate\\Foundation\\Application), Array, Object(Closure))
#34 D:\\File Khan\\Koolyeah\\Sem 4\\PAD2\\kantin_dtedi\\vendor\\laravel\\framework\\src\\Illuminate\\Container\\Container.php(662): Illuminate\\Container\\BoundMethod::call(Object(Illuminate\\Foundation\\Application), Array, Array, NULL)
#35 D:\\File Khan\\Koolyeah\\Sem 4\\PAD2\\kantin_dtedi\\vendor\\laravel\\framework\\src\\Illuminate\\Console\\Command.php(211): Illuminate\\Container\\Container->call(Array)
#36 D:\\File Khan\\Koolyeah\\Sem 4\\PAD2\\kantin_dtedi\\vendor\\symfony\\console\\Command\\Command.php(326): Illuminate\\Console\\Command->execute(Object(Symfony\\Component\\Console\\Input\\ArgvInput), Object(Illuminate\\Console\\OutputStyle))
#37 D:\\File Khan\\Koolyeah\\Sem 4\\PAD2\\kantin_dtedi\\vendor\\laravel\\framework\\src\\Illuminate\\Console\\Command.php(181): Symfony\\Component\\Console\\Command\\Command->run(Object(Symfony\\Component\\Console\\Input\\ArgvInput), Object(Illuminate\\Console\\OutputStyle))
#38 D:\\File Khan\\Koolyeah\\Sem 4\\PAD2\\kantin_dtedi\\vendor\\symfony\\console\\Application.php(1096): Illuminate\\Console\\Command->run(Object(Symfony\\Component\\Console\\Input\\ArgvInput), Object(Symfony\\Component\\Console\\Output\\ConsoleOutput))
#39 D:\\File Khan\\Koolyeah\\Sem 4\\PAD2\\kantin_dtedi\\vendor\\symfony\\console\\Application.php(324): Symfony\\Component\\Console\\Application->doRunCommand(Object(Illuminate\\Database\\Console\\Migrations\\FreshCommand), Object(Symfony\\Component\\Console\\Input\\ArgvInput), Object(Symfony\\Component\\Console\\Output\\ConsoleOutput))
#40 D:\\File Khan\\Koolyeah\\Sem 4\\PAD2\\kantin_dtedi\\vendor\\symfony\\console\\Application.php(175): Symfony\\Component\\Console\\Application->doRun(Object(Symfony\\Component\\Console\\Input\\ArgvInput), Object(Symfony\\Component\\Console\\Output\\ConsoleOutput))
#41 D:\\File Khan\\Koolyeah\\Sem 4\\PAD2\\kantin_dtedi\\vendor\\laravel\\framework\\src\\Illuminate\\Foundation\\Console\\Kernel.php(201): Symfony\\Component\\Console\\Application->run(Object(Symfony\\Component\\Console\\Input\\ArgvInput), Object(Symfony\\Component\\Console\\Output\\ConsoleOutput))
#42 D:\\File Khan\\Koolyeah\\Sem 4\\PAD2\\kantin_dtedi\\artisan(37): Illuminate\\Foundation\\Console\\Kernel->handle(Object(Symfony\\Component\\Console\\Input\\ArgvInput), Object(Symfony\\Component\\Console\\Output\\ConsoleOutput))
#43 {main}

[previous exception] [object] (PDOException(code: HY000): SQLSTATE[HY000]: General error: 1824 Failed to open the referenced table 'shifts' at D:\\File Khan\\Koolyeah\\Sem 4\\PAD2\\kantin_dtedi\\vendor\\laravel\\framework\\src\\Illuminate\\Database\\Connection.php:587)
[stacktrace]
#0 D:\\File Khan\\Koolyeah\\Sem 4\\PAD2\\kantin_dtedi\\vendor\\laravel\\framework\\src\\Illuminate\\Database\\Connection.php(587): PDOStatement->execute()
#1 D:\\File Khan\\Koolyeah\\Sem 4\\PAD2\\kantin_dtedi\\vendor\\laravel\\framework\\src\\Illuminate\\Database\\Connection.php(816): Illuminate\\Database\\Connection->Illuminate\\Database\\{closure}('alter table `sc...', Array)
#2 D:\\File Khan\\Koolyeah\\Sem 4\\PAD2\\kantin_dtedi\\vendor\\laravel\\framework\\src\\Illuminate\\Database\\Connection.php(783): Illuminate\\Database\\Connection->runQueryCallback('alter table `sc...', Array, Object(Closure))
#3 D:\\File Khan\\Koolyeah\\Sem 4\\PAD2\\kantin_dtedi\\vendor\\laravel\\framework\\src\\Illuminate\\Database\\Connection.php(588): Illuminate\\Database\\Connection->run('alter table `sc...', Array, Object(Closure))
#4 D:\\File Khan\\Koolyeah\\Sem 4\\PAD2\\kantin_dtedi\\vendor\\laravel\\framework\\src\\Illuminate\\Database\\Schema\\Blueprint.php(110): Illuminate\\Database\\Connection->statement('alter table `sc...')
#5 D:\\File Khan\\Koolyeah\\Sem 4\\PAD2\\kantin_dtedi\\vendor\\laravel\\framework\\src\\Illuminate\\Database\\Schema\\Builder.php(602): Illuminate\\Database\\Schema\\Blueprint->build(Object(Illuminate\\Database\\MySqlConnection), Object(Illuminate\\Database\\Schema\\Grammars\\MySqlGrammar))
#6 D:\\File Khan\\Koolyeah\\Sem 4\\PAD2\\kantin_dtedi\\vendor\\laravel\\framework\\src\\Illuminate\\Database\\Schema\\Builder.php(460): Illuminate\\Database\\Schema\\Builder->build(Object(Illuminate\\Database\\Schema\\Blueprint))
#7 D:\\File Khan\\Koolyeah\\Sem 4\\PAD2\\kantin_dtedi\\vendor\\laravel\\framework\\src\\Illuminate\\Support\\Facades\\Facade.php(355): Illuminate\\Database\\Schema\\Builder->create('schedules', Object(Closure))
#8 D:\\File Khan\\Koolyeah\\Sem 4\\PAD2\\kantin_dtedi\\database\\migrations\\2024_11_01_094850_create_schedules_table.php(20): Illuminate\\Support\\Facades\\Facade::__callStatic('create', Array)
#9 D:\\File Khan\\Koolyeah\\Sem 4\\PAD2\\kantin_dtedi\\vendor\\laravel\\framework\\src\\Illuminate\\Database\\Migrations\\Migrator.php(493): Illuminate\\Database\\Migrations\\Migration@anonymous->up()
#10 D:\\File Khan\\Koolyeah\\Sem 4\\PAD2\\kantin_dtedi\\vendor\\laravel\\framework\\src\\Illuminate\\Database\\Migrations\\Migrator.php(410): Illuminate\\Database\\Migrations\\Migrator->runMethod(Object(Illuminate\\Database\\MySqlConnection), Object(Illuminate\\Database\\Migrations\\Migration@anonymous), 'up')
#11 D:\\File Khan\\Koolyeah\\Sem 4\\PAD2\\kantin_dtedi\\vendor\\laravel\\framework\\src\\Illuminate\\Database\\Migrations\\Migrator.php(419): Illuminate\\Database\\Migrations\\Migrator->Illuminate\\Database\\Migrations\\{closure}()
#12 D:\\File Khan\\Koolyeah\\Sem 4\\PAD2\\kantin_dtedi\\vendor\\laravel\\framework\\src\\Illuminate\\Database\\Migrations\\Migrator.php(216): Illuminate\\Database\\Migrations\\Migrator->runMigration(Object(Illuminate\\Database\\Migrations\\Migration@anonymous), 'up')
#13 D:\\File Khan\\Koolyeah\\Sem 4\\PAD2\\kantin_dtedi\\vendor\\laravel\\framework\\src\\Illuminate\\Console\\View\\Components\\Task.php(37): Illuminate\\Database\\Migrations\\Migrator->Illuminate\\Database\\Migrations\\{closure}()
#14 D:\\File Khan\\Koolyeah\\Sem 4\\PAD2\\kantin_dtedi\\vendor\\laravel\\framework\\src\\Illuminate\\Database\\Migrations\\Migrator.php(756): Illuminate\\Console\\View\\Components\\Task->render('2024_11_01_0948...', Object(Closure))
#15 D:\\File Khan\\Koolyeah\\Sem 4\\PAD2\\kantin_dtedi\\vendor\\laravel\\framework\\src\\Illuminate\\Database\\Migrations\\Migrator.php(216): Illuminate\\Database\\Migrations\\Migrator->write('Illuminate\\\\Cons...', '2024_11_01_0948...', Object(Closure))
#16 D:\\File Khan\\Koolyeah\\Sem 4\\PAD2\\kantin_dtedi\\vendor\\laravel\\framework\\src\\Illuminate\\Database\\Migrations\\Migrator.php(181): Illuminate\\Database\\Migrations\\Migrator->runUp('D:\\\\File Khan\\\\Ko...', 1, false)
#17 D:\\File Khan\\Koolyeah\\Sem 4\\PAD2\\kantin_dtedi\\vendor\\laravel\\framework\\src\\Illuminate\\Database\\Migrations\\Migrator.php(124): Illuminate\\Database\\Migrations\\Migrator->runPending(Array, Array)
#18 D:\\File Khan\\Koolyeah\\Sem 4\\PAD2\\kantin_dtedi\\vendor\\laravel\\framework\\src\\Illuminate\\Database\\Console\\Migrations\\MigrateCommand.php(92): Illuminate\\Database\\Migrations\\Migrator->run(Array, Array)
#19 D:\\File Khan\\Koolyeah\\Sem 4\\PAD2\\kantin_dtedi\\vendor\\laravel\\framework\\src\\Illuminate\\Database\\Migrations\\Migrator.php(633): Illuminate\\Database\\Console\\Migrations\\MigrateCommand->Illuminate\\Database\\Console\\Migrations\\{closure}()
#20 D:\\File Khan\\Koolyeah\\Sem 4\\PAD2\\kantin_dtedi\\vendor\\laravel\\framework\\src\\Illuminate\\Database\\Console\\Migrations\\MigrateCommand.php(104): Illuminate\\Database\\Migrations\\Migrator->usingConnection(NULL, Object(Closure))
#21 D:\\File Khan\\Koolyeah\\Sem 4\\PAD2\\kantin_dtedi\\vendor\\laravel\\framework\\src\\Illuminate\\Container\\BoundMethod.php(36): Illuminate\\Database\\Console\\Migrations\\MigrateCommand->handle()
#22 D:\\File Khan\\Koolyeah\\Sem 4\\PAD2\\kantin_dtedi\\vendor\\laravel\\framework\\src\\Illuminate\\Container\\Util.php(41): Illuminate\\Container\\BoundMethod::Illuminate\\Container\\{closure}()
#23 D:\\File Khan\\Koolyeah\\Sem 4\\PAD2\\kantin_dtedi\\vendor\\laravel\\framework\\src\\Illuminate\\Container\\BoundMethod.php(93): Illuminate\\Container\\Util::unwrapIfClosure(Object(Closure))
#24 D:\\File Khan\\Koolyeah\\Sem 4\\PAD2\\kantin_dtedi\\vendor\\laravel\\framework\\src\\Illuminate\\Container\\BoundMethod.php(37): Illuminate\\Container\\BoundMethod::callBoundMethod(Object(Illuminate\\Foundation\\Application), Array, Object(Closure))
#25 D:\\File Khan\\Koolyeah\\Sem 4\\PAD2\\kantin_dtedi\\vendor\\laravel\\framework\\src\\Illuminate\\Container\\Container.php(662): Illuminate\\Container\\BoundMethod::call(Object(Illuminate\\Foundation\\Application), Array, Array, NULL)
#26 D:\\File Khan\\Koolyeah\\Sem 4\\PAD2\\kantin_dtedi\\vendor\\laravel\\framework\\src\\Illuminate\\Console\\Command.php(211): Illuminate\\Container\\Container->call(Array)
#27 D:\\File Khan\\Koolyeah\\Sem 4\\PAD2\\kantin_dtedi\\vendor\\symfony\\console\\Command\\Command.php(326): Illuminate\\Console\\Command->execute(Object(Symfony\\Component\\Console\\Input\\ArrayInput), Object(Illuminate\\Console\\OutputStyle))
#28 D:\\File Khan\\Koolyeah\\Sem 4\\PAD2\\kantin_dtedi\\vendor\\laravel\\framework\\src\\Illuminate\\Console\\Command.php(181): Symfony\\Component\\Console\\Command\\Command->run(Object(Symfony\\Component\\Console\\Input\\ArrayInput), Object(Illuminate\\Console\\OutputStyle))
#29 D:\\File Khan\\Koolyeah\\Sem 4\\PAD2\\kantin_dtedi\\vendor\\laravel\\framework\\src\\Illuminate\\Console\\Concerns\\CallsCommands.php(68): Illuminate\\Console\\Command->run(Object(Symfony\\Component\\Console\\Input\\ArrayInput), Object(Illuminate\\Console\\OutputStyle))
#30 D:\\File Khan\\Koolyeah\\Sem 4\\PAD2\\kantin_dtedi\\vendor\\laravel\\framework\\src\\Illuminate\\Console\\Concerns\\CallsCommands.php(28): Illuminate\\Console\\Command->runCommand('migrate', Array, Object(Illuminate\\Console\\OutputStyle))
#31 D:\\File Khan\\Koolyeah\\Sem 4\\PAD2\\kantin_dtedi\\vendor\\laravel\\framework\\src\\Illuminate\\Database\\Console\\Migrations\\FreshCommand.php(59): Illuminate\\Console\\Command->call('migrate', Array)
#32 D:\\File Khan\\Koolyeah\\Sem 4\\PAD2\\kantin_dtedi\\vendor\\laravel\\framework\\src\\Illuminate\\Container\\BoundMethod.php(36): Illuminate\\Database\\Console\\Migrations\\FreshCommand->handle()
#33 D:\\File Khan\\Koolyeah\\Sem 4\\PAD2\\kantin_dtedi\\vendor\\laravel\\framework\\src\\Illuminate\\Container\\Util.php(41): Illuminate\\Container\\BoundMethod::Illuminate\\Container\\{closure}()
#34 D:\\File Khan\\Koolyeah\\Sem 4\\PAD2\\kantin_dtedi\\vendor\\laravel\\framework\\src\\Illuminate\\Container\\BoundMethod.php(93): Illuminate\\Container\\Util::unwrapIfClosure(Object(Closure))
#35 D:\\File Khan\\Koolyeah\\Sem 4\\PAD2\\kantin_dtedi\\vendor\\laravel\\framework\\src\\Illuminate\\Container\\BoundMethod.php(37): Illuminate\\Container\\BoundMethod::callBoundMethod(Object(Illuminate\\Foundation\\Application), Array, Object(Closure))
#36 D:\\File Khan\\Koolyeah\\Sem 4\\PAD2\\kantin_dtedi\\vendor\\laravel\\framework\\src\\Illuminate\\Container\\Container.php(662): Illuminate\\Container\\BoundMethod::call(Object(Illuminate\\Foundation\\Application), Array, Array, NULL)
#37 D:\\File Khan\\Koolyeah\\Sem 4\\PAD2\\kantin_dtedi\\vendor\\laravel\\framework\\src\\Illuminate\\Console\\Command.php(211): Illuminate\\Container\\Container->call(Array)
#38 D:\\File Khan\\Koolyeah\\Sem 4\\PAD2\\kantin_dtedi\\vendor\\symfony\\console\\Command\\Command.php(326): Illuminate\\Console\\Command->execute(Object(Symfony\\Component\\Console\\Input\\ArgvInput), Object(Illuminate\\Console\\OutputStyle))
#39 D:\\File Khan\\Koolyeah\\Sem 4\\PAD2\\kantin_dtedi\\vendor\\laravel\\framework\\src\\Illuminate\\Console\\Command.php(181): Symfony\\Component\\Console\\Command\\Command->run(Object(Symfony\\Component\\Console\\Input\\ArgvInput), Object(Illuminate\\Console\\OutputStyle))
#40 D:\\File Khan\\Koolyeah\\Sem 4\\PAD2\\kantin_dtedi\\vendor\\symfony\\console\\Application.php(1096): Illuminate\\Console\\Command->run(Object(Symfony\\Component\\Console\\Input\\ArgvInput), Object(Symfony\\Component\\Console\\Output\\ConsoleOutput))
#41 D:\\File Khan\\Koolyeah\\Sem 4\\PAD2\\kantin_dtedi\\vendor\\symfony\\console\\Application.php(324): Symfony\\Component\\Console\\Application->doRunCommand(Object(Illuminate\\Database\\Console\\Migrations\\FreshCommand), Object(Symfony\\Component\\Console\\Input\\ArgvInput), Object(Symfony\\Component\\Console\\Output\\ConsoleOutput))
#42 D:\\File Khan\\Koolyeah\\Sem 4\\PAD2\\kantin_dtedi\\vendor\\symfony\\console\\Application.php(175): Symfony\\Component\\Console\\Application->doRun(Object(Symfony\\Component\\Console\\Input\\ArgvInput), Object(Symfony\\Component\\Console\\Output\\ConsoleOutput))
#43 D:\\File Khan\\Koolyeah\\Sem 4\\PAD2\\kantin_dtedi\\vendor\\laravel\\framework\\src\\Illuminate\\Foundation\\Console\\Kernel.php(201): Symfony\\Component\\Console\\Application->run(Object(Symfony\\Component\\Console\\Input\\ArgvInput), Object(Symfony\\Component\\Console\\Output\\ConsoleOutput))
#44 D:\\File Khan\\Koolyeah\\Sem 4\\PAD2\\kantin_dtedi\\artisan(37): Illuminate\\Foundation\\Console\\Kernel->handle(Object(Symfony\\Component\\Console\\Input\\ArgvInput), Object(Symfony\\Component\\Console\\Output\\ConsoleOutput))
#45 {main}
"} 
[2025-02-25 10:27:52] local.ERROR: Route [login] not defined. {"exception":"[object] (Symfony\\Component\\Routing\\Exception\\RouteNotFoundException(code: 0): Route [login] not defined. at D:\\File Khan\\Koolyeah\\Sem 4\\PAD2\\kantin_dtedi\\vendor\\laravel\\framework\\src\\Illuminate\\Routing\\UrlGenerator.php:477)
[stacktrace]
#0 D:\\File Khan\\Koolyeah\\Sem 4\\PAD2\\kantin_dtedi\\vendor\\laravel\\framework\\src\\Illuminate\\Foundation\\helpers.php(811): Illuminate\\Routing\\UrlGenerator->route('login', Array, true)
#1 D:\\File Khan\\Koolyeah\\Sem 4\\PAD2\\kantin_dtedi\\app\\Http\\Middleware\\Authenticate.php(15): route('login')
#2 D:\\File Khan\\Koolyeah\\Sem 4\\PAD2\\kantin_dtedi\\vendor\\laravel\\framework\\src\\Illuminate\\Auth\\Middleware\\Authenticate.php(96): App\\Http\\Middleware\\Authenticate->redirectTo(Object(Illuminate\\Http\\Request))
#3 D:\\File Khan\\Koolyeah\\Sem 4\\PAD2\\kantin_dtedi\\vendor\\laravel\\framework\\src\\Illuminate\\Auth\\Middleware\\Authenticate.php(81): Illuminate\\Auth\\Middleware\\Authenticate->unauthenticated(Object(Illuminate\\Http\\Request), Array)
#4 D:\\File Khan\\Koolyeah\\Sem 4\\PAD2\\kantin_dtedi\\vendor\\laravel\\framework\\src\\Illuminate\\Auth\\Middleware\\Authenticate.php(55): Illuminate\\Auth\\Middleware\\Authenticate->authenticate(Object(Illuminate\\Http\\Request), Array)
#5 D:\\File Khan\\Koolyeah\\Sem 4\\PAD2\\kantin_dtedi\\vendor\\laravel\\framework\\src\\Illuminate\\Pipeline\\Pipeline.php(183): Illuminate\\Auth\\Middleware\\Authenticate->handle(Object(Illuminate\\Http\\Request), Object(Closure), 'sanctum')
#6 D:\\File Khan\\Koolyeah\\Sem 4\\PAD2\\kantin_dtedi\\vendor\\laravel\\sanctum\\src\\Http\\Middleware\\EnsureFrontendRequestsAreStateful.php(25): Illuminate\\Pipeline\\Pipeline->Illuminate\\Pipeline\\{closure}(Object(Illuminate\\Http\\Request))
#7 D:\\File Khan\\Koolyeah\\Sem 4\\PAD2\\kantin_dtedi\\vendor\\laravel\\framework\\src\\Illuminate\\Pipeline\\Pipeline.php(144): Laravel\\Sanctum\\Http\\Middleware\\EnsureFrontendRequestsAreStateful->Laravel\\Sanctum\\Http\\Middleware\\{closure}(Object(Illuminate\\Http\\Request))
#8 D:\\File Khan\\Koolyeah\\Sem 4\\PAD2\\kantin_dtedi\\vendor\\laravel\\framework\\src\\Illuminate\\Pipeline\\Pipeline.php(119): Illuminate\\Pipeline\\Pipeline->Illuminate\\Pipeline\\{closure}(Object(Illuminate\\Http\\Request))
#9 D:\\File Khan\\Koolyeah\\Sem 4\\PAD2\\kantin_dtedi\\vendor\\laravel\\sanctum\\src\\Http\\Middleware\\EnsureFrontendRequestsAreStateful.php(26): Illuminate\\Pipeline\\Pipeline->then(Object(Closure))
#10 D:\\File Khan\\Koolyeah\\Sem 4\\PAD2\\kantin_dtedi\\vendor\\laravel\\framework\\src\\Illuminate\\Pipeline\\Pipeline.php(183): Laravel\\Sanctum\\Http\\Middleware\\EnsureFrontendRequestsAreStateful->handle(Object(Illuminate\\Http\\Request), Object(Closure))
#11 D:\\File Khan\\Koolyeah\\Sem 4\\PAD2\\kantin_dtedi\\vendor\\laravel\\framework\\src\\Illuminate\\Pipeline\\Pipeline.php(119): Illuminate\\Pipeline\\Pipeline->Illuminate\\Pipeline\\{closure}(Object(Illuminate\\Http\\Request))
#12 D:\\File Khan\\Koolyeah\\Sem 4\\PAD2\\kantin_dtedi\\vendor\\laravel\\framework\\src\\Illuminate\\Routing\\Router.php(807): Illuminate\\Pipeline\\Pipeline->then(Object(Closure))
#13 D:\\File Khan\\Koolyeah\\Sem 4\\PAD2\\kantin_dtedi\\vendor\\laravel\\framework\\src\\Illuminate\\Routing\\Router.php(784): Illuminate\\Routing\\Router->runRouteWithinStack(Object(Illuminate\\Routing\\Route), Object(Illuminate\\Http\\Request))
#14 D:\\File Khan\\Koolyeah\\Sem 4\\PAD2\\kantin_dtedi\\vendor\\laravel\\framework\\src\\Illuminate\\Routing\\Router.php(748): Illuminate\\Routing\\Router->runRoute(Object(Illuminate\\Http\\Request), Object(Illuminate\\Routing\\Route))
#15 D:\\File Khan\\Koolyeah\\Sem 4\\PAD2\\kantin_dtedi\\vendor\\laravel\\framework\\src\\Illuminate\\Routing\\Router.php(737): Illuminate\\Routing\\Router->dispatchToRoute(Object(Illuminate\\Http\\Request))
#16 D:\\File Khan\\Koolyeah\\Sem 4\\PAD2\\kantin_dtedi\\vendor\\laravel\\framework\\src\\Illuminate\\Foundation\\Http\\Kernel.php(200): Illuminate\\Routing\\Router->dispatch(Object(Illuminate\\Http\\Request))
#17 D:\\File Khan\\Koolyeah\\Sem 4\\PAD2\\kantin_dtedi\\vendor\\laravel\\framework\\src\\Illuminate\\Pipeline\\Pipeline.php(144): Illuminate\\Foundation\\Http\\Kernel->Illuminate\\Foundation\\Http\\{closure}(Object(Illuminate\\Http\\Request))
#18 D:\\File Khan\\Koolyeah\\Sem 4\\PAD2\\kantin_dtedi\\vendor\\laravel\\framework\\src\\Illuminate\\Foundation\\Http\\Middleware\\TransformsRequest.php(21): Illuminate\\Pipeline\\Pipeline->Illuminate\\Pipeline\\{closure}(Object(Illuminate\\Http\\Request))
#19 D:\\File Khan\\Koolyeah\\Sem 4\\PAD2\\kantin_dtedi\\vendor\\laravel\\framework\\src\\Illuminate\\Foundation\\Http\\Middleware\\ConvertEmptyStringsToNull.php(31): Illuminate\\Foundation\\Http\\Middleware\\TransformsRequest->handle(Object(Illuminate\\Http\\Request), Object(Closure))
#20 D:\\File Khan\\Koolyeah\\Sem 4\\PAD2\\kantin_dtedi\\vendor\\laravel\\framework\\src\\Illuminate\\Pipeline\\Pipeline.php(183): Illuminate\\Foundation\\Http\\Middleware\\ConvertEmptyStringsToNull->handle(Object(Illuminate\\Http\\Request), Object(Closure))
#21 D:\\File Khan\\Koolyeah\\Sem 4\\PAD2\\kantin_dtedi\\vendor\\laravel\\framework\\src\\Illuminate\\Foundation\\Http\\Middleware\\TransformsRequest.php(21): Illuminate\\Pipeline\\Pipeline->Illuminate\\Pipeline\\{closure}(Object(Illuminate\\Http\\Request))
#22 D:\\File Khan\\Koolyeah\\Sem 4\\PAD2\\kantin_dtedi\\vendor\\laravel\\framework\\src\\Illuminate\\Foundation\\Http\\Middleware\\TrimStrings.php(40): Illuminate\\Foundation\\Http\\Middleware\\TransformsRequest->handle(Object(Illuminate\\Http\\Request), Object(Closure))
#23 D:\\File Khan\\Koolyeah\\Sem 4\\PAD2\\kantin_dtedi\\vendor\\laravel\\framework\\src\\Illuminate\\Pipeline\\Pipeline.php(183): Illuminate\\Foundation\\Http\\Middleware\\TrimStrings->handle(Object(Illuminate\\Http\\Request), Object(Closure))
#24 D:\\File Khan\\Koolyeah\\Sem 4\\PAD2\\kantin_dtedi\\vendor\\laravel\\framework\\src\\Illuminate\\Foundation\\Http\\Middleware\\ValidatePostSize.php(27): Illuminate\\Pipeline\\Pipeline->Illuminate\\Pipeline\\{closure}(Object(Illuminate\\Http\\Request))
#25 D:\\File Khan\\Koolyeah\\Sem 4\\PAD2\\kantin_dtedi\\vendor\\laravel\\framework\\src\\Illuminate\\Pipeline\\Pipeline.php(183): Illuminate\\Foundation\\Http\\Middleware\\ValidatePostSize->handle(Object(Illuminate\\Http\\Request), Object(Closure))
#26 D:\\File Khan\\Koolyeah\\Sem 4\\PAD2\\kantin_dtedi\\vendor\\laravel\\framework\\src\\Illuminate\\Foundation\\Http\\Middleware\\PreventRequestsDuringMaintenance.php(99): Illuminate\\Pipeline\\Pipeline->Illuminate\\Pipeline\\{closure}(Object(Illuminate\\Http\\Request))
#27 D:\\File Khan\\Koolyeah\\Sem 4\\PAD2\\kantin_dtedi\\vendor\\laravel\\framework\\src\\Illuminate\\Pipeline\\Pipeline.php(183): Illuminate\\Foundation\\Http\\Middleware\\PreventRequestsDuringMaintenance->handle(Object(Illuminate\\Http\\Request), Object(Closure))
#28 D:\\File Khan\\Koolyeah\\Sem 4\\PAD2\\kantin_dtedi\\vendor\\laravel\\framework\\src\\Illuminate\\Http\\Middleware\\HandleCors.php(62): Illuminate\\Pipeline\\Pipeline->Illuminate\\Pipeline\\{closure}(Object(Illuminate\\Http\\Request))
#29 D:\\File Khan\\Koolyeah\\Sem 4\\PAD2\\kantin_dtedi\\vendor\\laravel\\framework\\src\\Illuminate\\Pipeline\\Pipeline.php(183): Illuminate\\Http\\Middleware\\HandleCors->handle(Object(Illuminate\\Http\\Request), Object(Closure))
#30 D:\\File Khan\\Koolyeah\\Sem 4\\PAD2\\kantin_dtedi\\vendor\\laravel\\framework\\src\\Illuminate\\Http\\Middleware\\TrustProxies.php(39): Illuminate\\Pipeline\\Pipeline->Illuminate\\Pipeline\\{closure}(Object(Illuminate\\Http\\Request))
#31 D:\\File Khan\\Koolyeah\\Sem 4\\PAD2\\kantin_dtedi\\vendor\\laravel\\framework\\src\\Illuminate\\Pipeline\\Pipeline.php(183): Illuminate\\Http\\Middleware\\TrustProxies->handle(Object(Illuminate\\Http\\Request), Object(Closure))
#32 D:\\File Khan\\Koolyeah\\Sem 4\\PAD2\\kantin_dtedi\\vendor\\laravel\\framework\\src\\Illuminate\\Pipeline\\Pipeline.php(119): Illuminate\\Pipeline\\Pipeline->Illuminate\\Pipeline\\{closure}(Object(Illuminate\\Http\\Request))
#33 D:\\File Khan\\Koolyeah\\Sem 4\\PAD2\\kantin_dtedi\\vendor\\laravel\\framework\\src\\Illuminate\\Foundation\\Http\\Kernel.php(175): Illuminate\\Pipeline\\Pipeline->then(Object(Closure))
#34 D:\\File Khan\\Koolyeah\\Sem 4\\PAD2\\kantin_dtedi\\vendor\\laravel\\framework\\src\\Illuminate\\Foundation\\Http\\Kernel.php(144): Illuminate\\Foundation\\Http\\Kernel->sendRequestThroughRouter(Object(Illuminate\\Http\\Request))
#35 D:\\File Khan\\Koolyeah\\Sem 4\\PAD2\\kantin_dtedi\\public\\index.php(52): Illuminate\\Foundation\\Http\\Kernel->handle(Object(Illuminate\\Http\\Request))
#36 D:\\File Khan\\Koolyeah\\Sem 4\\PAD2\\kantin_dtedi\\vendor\\laravel\\framework\\src\\Illuminate\\Foundation\\resources\\server.php(16): require_once('D:\\\\File Khan\\\\Ko...')
#37 {main}
"} 
[2025-02-25 10:28:28] local.ERROR: Route [login] not defined. {"exception":"[object] (Symfony\\Component\\Routing\\Exception\\RouteNotFoundException(code: 0): Route [login] not defined. at D:\\File Khan\\Koolyeah\\Sem 4\\PAD2\\kantin_dtedi\\vendor\\laravel\\framework\\src\\Illuminate\\Routing\\UrlGenerator.php:477)
[stacktrace]
#0 D:\\File Khan\\Koolyeah\\Sem 4\\PAD2\\kantin_dtedi\\vendor\\laravel\\framework\\src\\Illuminate\\Foundation\\helpers.php(811): Illuminate\\Routing\\UrlGenerator->route('login', Array, true)
#1 D:\\File Khan\\Koolyeah\\Sem 4\\PAD2\\kantin_dtedi\\app\\Http\\Middleware\\Authenticate.php(15): route('login')
#2 D:\\File Khan\\Koolyeah\\Sem 4\\PAD2\\kantin_dtedi\\vendor\\laravel\\framework\\src\\Illuminate\\Auth\\Middleware\\Authenticate.php(96): App\\Http\\Middleware\\Authenticate->redirectTo(Object(Illuminate\\Http\\Request))
#3 D:\\File Khan\\Koolyeah\\Sem 4\\PAD2\\kantin_dtedi\\vendor\\laravel\\framework\\src\\Illuminate\\Auth\\Middleware\\Authenticate.php(81): Illuminate\\Auth\\Middleware\\Authenticate->unauthenticated(Object(Illuminate\\Http\\Request), Array)
#4 D:\\File Khan\\Koolyeah\\Sem 4\\PAD2\\kantin_dtedi\\vendor\\laravel\\framework\\src\\Illuminate\\Auth\\Middleware\\Authenticate.php(55): Illuminate\\Auth\\Middleware\\Authenticate->authenticate(Object(Illuminate\\Http\\Request), Array)
#5 D:\\File Khan\\Koolyeah\\Sem 4\\PAD2\\kantin_dtedi\\vendor\\laravel\\framework\\src\\Illuminate\\Pipeline\\Pipeline.php(183): Illuminate\\Auth\\Middleware\\Authenticate->handle(Object(Illuminate\\Http\\Request), Object(Closure), 'sanctum')
#6 D:\\File Khan\\Koolyeah\\Sem 4\\PAD2\\kantin_dtedi\\vendor\\laravel\\sanctum\\src\\Http\\Middleware\\EnsureFrontendRequestsAreStateful.php(25): Illuminate\\Pipeline\\Pipeline->Illuminate\\Pipeline\\{closure}(Object(Illuminate\\Http\\Request))
#7 D:\\File Khan\\Koolyeah\\Sem 4\\PAD2\\kantin_dtedi\\vendor\\laravel\\framework\\src\\Illuminate\\Pipeline\\Pipeline.php(144): Laravel\\Sanctum\\Http\\Middleware\\EnsureFrontendRequestsAreStateful->Laravel\\Sanctum\\Http\\Middleware\\{closure}(Object(Illuminate\\Http\\Request))
#8 D:\\File Khan\\Koolyeah\\Sem 4\\PAD2\\kantin_dtedi\\vendor\\laravel\\framework\\src\\Illuminate\\Pipeline\\Pipeline.php(119): Illuminate\\Pipeline\\Pipeline->Illuminate\\Pipeline\\{closure}(Object(Illuminate\\Http\\Request))
#9 D:\\File Khan\\Koolyeah\\Sem 4\\PAD2\\kantin_dtedi\\vendor\\laravel\\sanctum\\src\\Http\\Middleware\\EnsureFrontendRequestsAreStateful.php(26): Illuminate\\Pipeline\\Pipeline->then(Object(Closure))
#10 D:\\File Khan\\Koolyeah\\Sem 4\\PAD2\\kantin_dtedi\\vendor\\laravel\\framework\\src\\Illuminate\\Pipeline\\Pipeline.php(183): Laravel\\Sanctum\\Http\\Middleware\\EnsureFrontendRequestsAreStateful->handle(Object(Illuminate\\Http\\Request), Object(Closure))
#11 D:\\File Khan\\Koolyeah\\Sem 4\\PAD2\\kantin_dtedi\\vendor\\laravel\\framework\\src\\Illuminate\\Pipeline\\Pipeline.php(119): Illuminate\\Pipeline\\Pipeline->Illuminate\\Pipeline\\{closure}(Object(Illuminate\\Http\\Request))
#12 D:\\File Khan\\Koolyeah\\Sem 4\\PAD2\\kantin_dtedi\\vendor\\laravel\\framework\\src\\Illuminate\\Routing\\Router.php(807): Illuminate\\Pipeline\\Pipeline->then(Object(Closure))
#13 D:\\File Khan\\Koolyeah\\Sem 4\\PAD2\\kantin_dtedi\\vendor\\laravel\\framework\\src\\Illuminate\\Routing\\Router.php(784): Illuminate\\Routing\\Router->runRouteWithinStack(Object(Illuminate\\Routing\\Route), Object(Illuminate\\Http\\Request))
#14 D:\\File Khan\\Koolyeah\\Sem 4\\PAD2\\kantin_dtedi\\vendor\\laravel\\framework\\src\\Illuminate\\Routing\\Router.php(748): Illuminate\\Routing\\Router->runRoute(Object(Illuminate\\Http\\Request), Object(Illuminate\\Routing\\Route))
#15 D:\\File Khan\\Koolyeah\\Sem 4\\PAD2\\kantin_dtedi\\vendor\\laravel\\framework\\src\\Illuminate\\Routing\\Router.php(737): Illuminate\\Routing\\Router->dispatchToRoute(Object(Illuminate\\Http\\Request))
#16 D:\\File Khan\\Koolyeah\\Sem 4\\PAD2\\kantin_dtedi\\vendor\\laravel\\framework\\src\\Illuminate\\Foundation\\Http\\Kernel.php(200): Illuminate\\Routing\\Router->dispatch(Object(Illuminate\\Http\\Request))
#17 D:\\File Khan\\Koolyeah\\Sem 4\\PAD2\\kantin_dtedi\\vendor\\laravel\\framework\\src\\Illuminate\\Pipeline\\Pipeline.php(144): Illuminate\\Foundation\\Http\\Kernel->Illuminate\\Foundation\\Http\\{closure}(Object(Illuminate\\Http\\Request))
#18 D:\\File Khan\\Koolyeah\\Sem 4\\PAD2\\kantin_dtedi\\vendor\\laravel\\framework\\src\\Illuminate\\Foundation\\Http\\Middleware\\TransformsRequest.php(21): Illuminate\\Pipeline\\Pipeline->Illuminate\\Pipeline\\{closure}(Object(Illuminate\\Http\\Request))
#19 D:\\File Khan\\Koolyeah\\Sem 4\\PAD2\\kantin_dtedi\\vendor\\laravel\\framework\\src\\Illuminate\\Foundation\\Http\\Middleware\\ConvertEmptyStringsToNull.php(31): Illuminate\\Foundation\\Http\\Middleware\\TransformsRequest->handle(Object(Illuminate\\Http\\Request), Object(Closure))
#20 D:\\File Khan\\Koolyeah\\Sem 4\\PAD2\\kantin_dtedi\\vendor\\laravel\\framework\\src\\Illuminate\\Pipeline\\Pipeline.php(183): Illuminate\\Foundation\\Http\\Middleware\\ConvertEmptyStringsToNull->handle(Object(Illuminate\\Http\\Request), Object(Closure))
#21 D:\\File Khan\\Koolyeah\\Sem 4\\PAD2\\kantin_dtedi\\vendor\\laravel\\framework\\src\\Illuminate\\Foundation\\Http\\Middleware\\TransformsRequest.php(21): Illuminate\\Pipeline\\Pipeline->Illuminate\\Pipeline\\{closure}(Object(Illuminate\\Http\\Request))
#22 D:\\File Khan\\Koolyeah\\Sem 4\\PAD2\\kantin_dtedi\\vendor\\laravel\\framework\\src\\Illuminate\\Foundation\\Http\\Middleware\\TrimStrings.php(40): Illuminate\\Foundation\\Http\\Middleware\\TransformsRequest->handle(Object(Illuminate\\Http\\Request), Object(Closure))
#23 D:\\File Khan\\Koolyeah\\Sem 4\\PAD2\\kantin_dtedi\\vendor\\laravel\\framework\\src\\Illuminate\\Pipeline\\Pipeline.php(183): Illuminate\\Foundation\\Http\\Middleware\\TrimStrings->handle(Object(Illuminate\\Http\\Request), Object(Closure))
#24 D:\\File Khan\\Koolyeah\\Sem 4\\PAD2\\kantin_dtedi\\vendor\\laravel\\framework\\src\\Illuminate\\Foundation\\Http\\Middleware\\ValidatePostSize.php(27): Illuminate\\Pipeline\\Pipeline->Illuminate\\Pipeline\\{closure}(Object(Illuminate\\Http\\Request))
#25 D:\\File Khan\\Koolyeah\\Sem 4\\PAD2\\kantin_dtedi\\vendor\\laravel\\framework\\src\\Illuminate\\Pipeline\\Pipeline.php(183): Illuminate\\Foundation\\Http\\Middleware\\ValidatePostSize->handle(Object(Illuminate\\Http\\Request), Object(Closure))
#26 D:\\File Khan\\Koolyeah\\Sem 4\\PAD2\\kantin_dtedi\\vendor\\laravel\\framework\\src\\Illuminate\\Foundation\\Http\\Middleware\\PreventRequestsDuringMaintenance.php(99): Illuminate\\Pipeline\\Pipeline->Illuminate\\Pipeline\\{closure}(Object(Illuminate\\Http\\Request))
#27 D:\\File Khan\\Koolyeah\\Sem 4\\PAD2\\kantin_dtedi\\vendor\\laravel\\framework\\src\\Illuminate\\Pipeline\\Pipeline.php(183): Illuminate\\Foundation\\Http\\Middleware\\PreventRequestsDuringMaintenance->handle(Object(Illuminate\\Http\\Request), Object(Closure))
#28 D:\\File Khan\\Koolyeah\\Sem 4\\PAD2\\kantin_dtedi\\vendor\\laravel\\framework\\src\\Illuminate\\Http\\Middleware\\HandleCors.php(62): Illuminate\\Pipeline\\Pipeline->Illuminate\\Pipeline\\{closure}(Object(Illuminate\\Http\\Request))
#29 D:\\File Khan\\Koolyeah\\Sem 4\\PAD2\\kantin_dtedi\\vendor\\laravel\\framework\\src\\Illuminate\\Pipeline\\Pipeline.php(183): Illuminate\\Http\\Middleware\\HandleCors->handle(Object(Illuminate\\Http\\Request), Object(Closure))
#30 D:\\File Khan\\Koolyeah\\Sem 4\\PAD2\\kantin_dtedi\\vendor\\laravel\\framework\\src\\Illuminate\\Http\\Middleware\\TrustProxies.php(39): Illuminate\\Pipeline\\Pipeline->Illuminate\\Pipeline\\{closure}(Object(Illuminate\\Http\\Request))
#31 D:\\File Khan\\Koolyeah\\Sem 4\\PAD2\\kantin_dtedi\\vendor\\laravel\\framework\\src\\Illuminate\\Pipeline\\Pipeline.php(183): Illuminate\\Http\\Middleware\\TrustProxies->handle(Object(Illuminate\\Http\\Request), Object(Closure))
#32 D:\\File Khan\\Koolyeah\\Sem 4\\PAD2\\kantin_dtedi\\vendor\\laravel\\framework\\src\\Illuminate\\Pipeline\\Pipeline.php(119): Illuminate\\Pipeline\\Pipeline->Illuminate\\Pipeline\\{closure}(Object(Illuminate\\Http\\Request))
#33 D:\\File Khan\\Koolyeah\\Sem 4\\PAD2\\kantin_dtedi\\vendor\\laravel\\framework\\src\\Illuminate\\Foundation\\Http\\Kernel.php(175): Illuminate\\Pipeline\\Pipeline->then(Object(Closure))
#34 D:\\File Khan\\Koolyeah\\Sem 4\\PAD2\\kantin_dtedi\\vendor\\laravel\\framework\\src\\Illuminate\\Foundation\\Http\\Kernel.php(144): Illuminate\\Foundation\\Http\\Kernel->sendRequestThroughRouter(Object(Illuminate\\Http\\Request))
#35 D:\\File Khan\\Koolyeah\\Sem 4\\PAD2\\kantin_dtedi\\public\\index.php(52): Illuminate\\Foundation\\Http\\Kernel->handle(Object(Illuminate\\Http\\Request))
#36 D:\\File Khan\\Koolyeah\\Sem 4\\PAD2\\kantin_dtedi\\vendor\\laravel\\framework\\src\\Illuminate\\Foundation\\resources\\server.php(16): require_once('D:\\\\File Khan\\\\Ko...')
#37 {main}
"} 
[2025-02-25 10:31:45] local.ERROR: There are no commands defined in the "install" namespace. {"exception":"[object] (Symfony\\Component\\Console\\Exception\\NamespaceNotFoundException(code: 0): There are no commands defined in the \"install\" namespace. at D:\\File Khan\\Koolyeah\\Sem 4\\PAD2\\kantin_dtedi\\vendor\\symfony\\console\\Application.php:669)
[stacktrace]
#0 D:\\File Khan\\Koolyeah\\Sem 4\\PAD2\\kantin_dtedi\\vendor\\symfony\\console\\Application.php(720): Symfony\\Component\\Console\\Application->findNamespace('install')
#1 D:\\File Khan\\Koolyeah\\Sem 4\\PAD2\\kantin_dtedi\\vendor\\symfony\\console\\Application.php(266): Symfony\\Component\\Console\\Application->find('install:api')
#2 D:\\File Khan\\Koolyeah\\Sem 4\\PAD2\\kantin_dtedi\\vendor\\symfony\\console\\Application.php(175): Symfony\\Component\\Console\\Application->doRun(Object(Symfony\\Component\\Console\\Input\\ArgvInput), Object(Symfony\\Component\\Console\\Output\\ConsoleOutput))
#3 D:\\File Khan\\Koolyeah\\Sem 4\\PAD2\\kantin_dtedi\\vendor\\laravel\\framework\\src\\Illuminate\\Foundation\\Console\\Kernel.php(201): Symfony\\Component\\Console\\Application->run(Object(Symfony\\Component\\Console\\Input\\ArgvInput), Object(Symfony\\Component\\Console\\Output\\ConsoleOutput))
#4 D:\\File Khan\\Koolyeah\\Sem 4\\PAD2\\kantin_dtedi\\artisan(37): Illuminate\\Foundation\\Console\\Kernel->handle(Object(Symfony\\Component\\Console\\Input\\ArgvInput), Object(Symfony\\Component\\Console\\Output\\ConsoleOutput))
#5 {main}
"} 
[2025-02-25 12:39:36] local.ERROR: Route [login] not defined. {"exception":"[object] (Symfony\\Component\\Routing\\Exception\\RouteNotFoundException(code: 0): Route [login] not defined. at D:\\File Khan\\Koolyeah\\Sem 4\\PAD2\\kantin_dtedi\\vendor\\laravel\\framework\\src\\Illuminate\\Routing\\UrlGenerator.php:477)
[stacktrace]
#0 D:\\File Khan\\Koolyeah\\Sem 4\\PAD2\\kantin_dtedi\\vendor\\laravel\\framework\\src\\Illuminate\\Foundation\\helpers.php(811): Illuminate\\Routing\\UrlGenerator->route('login', Array, true)
#1 D:\\File Khan\\Koolyeah\\Sem 4\\PAD2\\kantin_dtedi\\app\\Http\\Middleware\\Authenticate.php(15): route('login')
#2 D:\\File Khan\\Koolyeah\\Sem 4\\PAD2\\kantin_dtedi\\vendor\\laravel\\framework\\src\\Illuminate\\Auth\\Middleware\\Authenticate.php(96): App\\Http\\Middleware\\Authenticate->redirectTo(Object(Illuminate\\Http\\Request))
#3 D:\\File Khan\\Koolyeah\\Sem 4\\PAD2\\kantin_dtedi\\vendor\\laravel\\framework\\src\\Illuminate\\Auth\\Middleware\\Authenticate.php(81): Illuminate\\Auth\\Middleware\\Authenticate->unauthenticated(Object(Illuminate\\Http\\Request), Array)
#4 D:\\File Khan\\Koolyeah\\Sem 4\\PAD2\\kantin_dtedi\\vendor\\laravel\\framework\\src\\Illuminate\\Auth\\Middleware\\Authenticate.php(55): Illuminate\\Auth\\Middleware\\Authenticate->authenticate(Object(Illuminate\\Http\\Request), Array)
#5 D:\\File Khan\\Koolyeah\\Sem 4\\PAD2\\kantin_dtedi\\vendor\\laravel\\framework\\src\\Illuminate\\Pipeline\\Pipeline.php(183): Illuminate\\Auth\\Middleware\\Authenticate->handle(Object(Illuminate\\Http\\Request), Object(Closure), 'sanctum')
#6 D:\\File Khan\\Koolyeah\\Sem 4\\PAD2\\kantin_dtedi\\vendor\\laravel\\sanctum\\src\\Http\\Middleware\\EnsureFrontendRequestsAreStateful.php(25): Illuminate\\Pipeline\\Pipeline->Illuminate\\Pipeline\\{closure}(Object(Illuminate\\Http\\Request))
#7 D:\\File Khan\\Koolyeah\\Sem 4\\PAD2\\kantin_dtedi\\vendor\\laravel\\framework\\src\\Illuminate\\Pipeline\\Pipeline.php(144): Laravel\\Sanctum\\Http\\Middleware\\EnsureFrontendRequestsAreStateful->Laravel\\Sanctum\\Http\\Middleware\\{closure}(Object(Illuminate\\Http\\Request))
#8 D:\\File Khan\\Koolyeah\\Sem 4\\PAD2\\kantin_dtedi\\vendor\\laravel\\framework\\src\\Illuminate\\Pipeline\\Pipeline.php(119): Illuminate\\Pipeline\\Pipeline->Illuminate\\Pipeline\\{closure}(Object(Illuminate\\Http\\Request))
#9 D:\\File Khan\\Koolyeah\\Sem 4\\PAD2\\kantin_dtedi\\vendor\\laravel\\sanctum\\src\\Http\\Middleware\\EnsureFrontendRequestsAreStateful.php(26): Illuminate\\Pipeline\\Pipeline->then(Object(Closure))
#10 D:\\File Khan\\Koolyeah\\Sem 4\\PAD2\\kantin_dtedi\\vendor\\laravel\\framework\\src\\Illuminate\\Pipeline\\Pipeline.php(183): Laravel\\Sanctum\\Http\\Middleware\\EnsureFrontendRequestsAreStateful->handle(Object(Illuminate\\Http\\Request), Object(Closure))
#11 D:\\File Khan\\Koolyeah\\Sem 4\\PAD2\\kantin_dtedi\\vendor\\laravel\\framework\\src\\Illuminate\\Pipeline\\Pipeline.php(119): Illuminate\\Pipeline\\Pipeline->Illuminate\\Pipeline\\{closure}(Object(Illuminate\\Http\\Request))
#12 D:\\File Khan\\Koolyeah\\Sem 4\\PAD2\\kantin_dtedi\\vendor\\laravel\\framework\\src\\Illuminate\\Routing\\Router.php(807): Illuminate\\Pipeline\\Pipeline->then(Object(Closure))
#13 D:\\File Khan\\Koolyeah\\Sem 4\\PAD2\\kantin_dtedi\\vendor\\laravel\\framework\\src\\Illuminate\\Routing\\Router.php(784): Illuminate\\Routing\\Router->runRouteWithinStack(Object(Illuminate\\Routing\\Route), Object(Illuminate\\Http\\Request))
#14 D:\\File Khan\\Koolyeah\\Sem 4\\PAD2\\kantin_dtedi\\vendor\\laravel\\framework\\src\\Illuminate\\Routing\\Router.php(748): Illuminate\\Routing\\Router->runRoute(Object(Illuminate\\Http\\Request), Object(Illuminate\\Routing\\Route))
#15 D:\\File Khan\\Koolyeah\\Sem 4\\PAD2\\kantin_dtedi\\vendor\\laravel\\framework\\src\\Illuminate\\Routing\\Router.php(737): Illuminate\\Routing\\Router->dispatchToRoute(Object(Illuminate\\Http\\Request))
#16 D:\\File Khan\\Koolyeah\\Sem 4\\PAD2\\kantin_dtedi\\vendor\\laravel\\framework\\src\\Illuminate\\Foundation\\Http\\Kernel.php(200): Illuminate\\Routing\\Router->dispatch(Object(Illuminate\\Http\\Request))
#17 D:\\File Khan\\Koolyeah\\Sem 4\\PAD2\\kantin_dtedi\\vendor\\laravel\\framework\\src\\Illuminate\\Pipeline\\Pipeline.php(144): Illuminate\\Foundation\\Http\\Kernel->Illuminate\\Foundation\\Http\\{closure}(Object(Illuminate\\Http\\Request))
#18 D:\\File Khan\\Koolyeah\\Sem 4\\PAD2\\kantin_dtedi\\vendor\\laravel\\framework\\src\\Illuminate\\Foundation\\Http\\Middleware\\TransformsRequest.php(21): Illuminate\\Pipeline\\Pipeline->Illuminate\\Pipeline\\{closure}(Object(Illuminate\\Http\\Request))
#19 D:\\File Khan\\Koolyeah\\Sem 4\\PAD2\\kantin_dtedi\\vendor\\laravel\\framework\\src\\Illuminate\\Foundation\\Http\\Middleware\\ConvertEmptyStringsToNull.php(31): Illuminate\\Foundation\\Http\\Middleware\\TransformsRequest->handle(Object(Illuminate\\Http\\Request), Object(Closure))
#20 D:\\File Khan\\Koolyeah\\Sem 4\\PAD2\\kantin_dtedi\\vendor\\laravel\\framework\\src\\Illuminate\\Pipeline\\Pipeline.php(183): Illuminate\\Foundation\\Http\\Middleware\\ConvertEmptyStringsToNull->handle(Object(Illuminate\\Http\\Request), Object(Closure))
#21 D:\\File Khan\\Koolyeah\\Sem 4\\PAD2\\kantin_dtedi\\vendor\\laravel\\framework\\src\\Illuminate\\Foundation\\Http\\Middleware\\TransformsRequest.php(21): Illuminate\\Pipeline\\Pipeline->Illuminate\\Pipeline\\{closure}(Object(Illuminate\\Http\\Request))
#22 D:\\File Khan\\Koolyeah\\Sem 4\\PAD2\\kantin_dtedi\\vendor\\laravel\\framework\\src\\Illuminate\\Foundation\\Http\\Middleware\\TrimStrings.php(40): Illuminate\\Foundation\\Http\\Middleware\\TransformsRequest->handle(Object(Illuminate\\Http\\Request), Object(Closure))
#23 D:\\File Khan\\Koolyeah\\Sem 4\\PAD2\\kantin_dtedi\\vendor\\laravel\\framework\\src\\Illuminate\\Pipeline\\Pipeline.php(183): Illuminate\\Foundation\\Http\\Middleware\\TrimStrings->handle(Object(Illuminate\\Http\\Request), Object(Closure))
#24 D:\\File Khan\\Koolyeah\\Sem 4\\PAD2\\kantin_dtedi\\vendor\\laravel\\framework\\src\\Illuminate\\Foundation\\Http\\Middleware\\ValidatePostSize.php(27): Illuminate\\Pipeline\\Pipeline->Illuminate\\Pipeline\\{closure}(Object(Illuminate\\Http\\Request))
#25 D:\\File Khan\\Koolyeah\\Sem 4\\PAD2\\kantin_dtedi\\vendor\\laravel\\framework\\src\\Illuminate\\Pipeline\\Pipeline.php(183): Illuminate\\Foundation\\Http\\Middleware\\ValidatePostSize->handle(Object(Illuminate\\Http\\Request), Object(Closure))
#26 D:\\File Khan\\Koolyeah\\Sem 4\\PAD2\\kantin_dtedi\\vendor\\laravel\\framework\\src\\Illuminate\\Foundation\\Http\\Middleware\\PreventRequestsDuringMaintenance.php(99): Illuminate\\Pipeline\\Pipeline->Illuminate\\Pipeline\\{closure}(Object(Illuminate\\Http\\Request))
#27 D:\\File Khan\\Koolyeah\\Sem 4\\PAD2\\kantin_dtedi\\vendor\\laravel\\framework\\src\\Illuminate\\Pipeline\\Pipeline.php(183): Illuminate\\Foundation\\Http\\Middleware\\PreventRequestsDuringMaintenance->handle(Object(Illuminate\\Http\\Request), Object(Closure))
#28 D:\\File Khan\\Koolyeah\\Sem 4\\PAD2\\kantin_dtedi\\vendor\\laravel\\framework\\src\\Illuminate\\Http\\Middleware\\HandleCors.php(62): Illuminate\\Pipeline\\Pipeline->Illuminate\\Pipeline\\{closure}(Object(Illuminate\\Http\\Request))
#29 D:\\File Khan\\Koolyeah\\Sem 4\\PAD2\\kantin_dtedi\\vendor\\laravel\\framework\\src\\Illuminate\\Pipeline\\Pipeline.php(183): Illuminate\\Http\\Middleware\\HandleCors->handle(Object(Illuminate\\Http\\Request), Object(Closure))
#30 D:\\File Khan\\Koolyeah\\Sem 4\\PAD2\\kantin_dtedi\\vendor\\laravel\\framework\\src\\Illuminate\\Http\\Middleware\\TrustProxies.php(39): Illuminate\\Pipeline\\Pipeline->Illuminate\\Pipeline\\{closure}(Object(Illuminate\\Http\\Request))
#31 D:\\File Khan\\Koolyeah\\Sem 4\\PAD2\\kantin_dtedi\\vendor\\laravel\\framework\\src\\Illuminate\\Pipeline\\Pipeline.php(183): Illuminate\\Http\\Middleware\\TrustProxies->handle(Object(Illuminate\\Http\\Request), Object(Closure))
#32 D:\\File Khan\\Koolyeah\\Sem 4\\PAD2\\kantin_dtedi\\vendor\\laravel\\framework\\src\\Illuminate\\Pipeline\\Pipeline.php(119): Illuminate\\Pipeline\\Pipeline->Illuminate\\Pipeline\\{closure}(Object(Illuminate\\Http\\Request))
#33 D:\\File Khan\\Koolyeah\\Sem 4\\PAD2\\kantin_dtedi\\vendor\\laravel\\framework\\src\\Illuminate\\Foundation\\Http\\Kernel.php(175): Illuminate\\Pipeline\\Pipeline->then(Object(Closure))
#34 D:\\File Khan\\Koolyeah\\Sem 4\\PAD2\\kantin_dtedi\\vendor\\laravel\\framework\\src\\Illuminate\\Foundation\\Http\\Kernel.php(144): Illuminate\\Foundation\\Http\\Kernel->sendRequestThroughRouter(Object(Illuminate\\Http\\Request))
#35 D:\\File Khan\\Koolyeah\\Sem 4\\PAD2\\kantin_dtedi\\public\\index.php(52): Illuminate\\Foundation\\Http\\Kernel->handle(Object(Illuminate\\Http\\Request))
#36 D:\\File Khan\\Koolyeah\\Sem 4\\PAD2\\kantin_dtedi\\vendor\\laravel\\framework\\src\\Illuminate\\Foundation\\resources\\server.php(16): require_once('D:\\\\File Khan\\\\Ko...')
#37 {main}
"} 
[2025-02-25 12:39:37] local.ERROR: Route [login] not defined. {"exception":"[object] (Symfony\\Component\\Routing\\Exception\\RouteNotFoundException(code: 0): Route [login] not defined. at D:\\File Khan\\Koolyeah\\Sem 4\\PAD2\\kantin_dtedi\\vendor\\laravel\\framework\\src\\Illuminate\\Routing\\UrlGenerator.php:477)
[stacktrace]
#0 D:\\File Khan\\Koolyeah\\Sem 4\\PAD2\\kantin_dtedi\\vendor\\laravel\\framework\\src\\Illuminate\\Foundation\\helpers.php(811): Illuminate\\Routing\\UrlGenerator->route('login', Array, true)
#1 D:\\File Khan\\Koolyeah\\Sem 4\\PAD2\\kantin_dtedi\\app\\Http\\Middleware\\Authenticate.php(15): route('login')
#2 D:\\File Khan\\Koolyeah\\Sem 4\\PAD2\\kantin_dtedi\\vendor\\laravel\\framework\\src\\Illuminate\\Auth\\Middleware\\Authenticate.php(96): App\\Http\\Middleware\\Authenticate->redirectTo(Object(Illuminate\\Http\\Request))
#3 D:\\File Khan\\Koolyeah\\Sem 4\\PAD2\\kantin_dtedi\\vendor\\laravel\\framework\\src\\Illuminate\\Auth\\Middleware\\Authenticate.php(81): Illuminate\\Auth\\Middleware\\Authenticate->unauthenticated(Object(Illuminate\\Http\\Request), Array)
#4 D:\\File Khan\\Koolyeah\\Sem 4\\PAD2\\kantin_dtedi\\vendor\\laravel\\framework\\src\\Illuminate\\Auth\\Middleware\\Authenticate.php(55): Illuminate\\Auth\\Middleware\\Authenticate->authenticate(Object(Illuminate\\Http\\Request), Array)
#5 D:\\File Khan\\Koolyeah\\Sem 4\\PAD2\\kantin_dtedi\\vendor\\laravel\\framework\\src\\Illuminate\\Pipeline\\Pipeline.php(183): Illuminate\\Auth\\Middleware\\Authenticate->handle(Object(Illuminate\\Http\\Request), Object(Closure), 'sanctum')
#6 D:\\File Khan\\Koolyeah\\Sem 4\\PAD2\\kantin_dtedi\\vendor\\laravel\\sanctum\\src\\Http\\Middleware\\EnsureFrontendRequestsAreStateful.php(25): Illuminate\\Pipeline\\Pipeline->Illuminate\\Pipeline\\{closure}(Object(Illuminate\\Http\\Request))
#7 D:\\File Khan\\Koolyeah\\Sem 4\\PAD2\\kantin_dtedi\\vendor\\laravel\\framework\\src\\Illuminate\\Pipeline\\Pipeline.php(144): Laravel\\Sanctum\\Http\\Middleware\\EnsureFrontendRequestsAreStateful->Laravel\\Sanctum\\Http\\Middleware\\{closure}(Object(Illuminate\\Http\\Request))
#8 D:\\File Khan\\Koolyeah\\Sem 4\\PAD2\\kantin_dtedi\\vendor\\laravel\\framework\\src\\Illuminate\\Pipeline\\Pipeline.php(119): Illuminate\\Pipeline\\Pipeline->Illuminate\\Pipeline\\{closure}(Object(Illuminate\\Http\\Request))
#9 D:\\File Khan\\Koolyeah\\Sem 4\\PAD2\\kantin_dtedi\\vendor\\laravel\\sanctum\\src\\Http\\Middleware\\EnsureFrontendRequestsAreStateful.php(26): Illuminate\\Pipeline\\Pipeline->then(Object(Closure))
#10 D:\\File Khan\\Koolyeah\\Sem 4\\PAD2\\kantin_dtedi\\vendor\\laravel\\framework\\src\\Illuminate\\Pipeline\\Pipeline.php(183): Laravel\\Sanctum\\Http\\Middleware\\EnsureFrontendRequestsAreStateful->handle(Object(Illuminate\\Http\\Request), Object(Closure))
#11 D:\\File Khan\\Koolyeah\\Sem 4\\PAD2\\kantin_dtedi\\vendor\\laravel\\framework\\src\\Illuminate\\Pipeline\\Pipeline.php(119): Illuminate\\Pipeline\\Pipeline->Illuminate\\Pipeline\\{closure}(Object(Illuminate\\Http\\Request))
#12 D:\\File Khan\\Koolyeah\\Sem 4\\PAD2\\kantin_dtedi\\vendor\\laravel\\framework\\src\\Illuminate\\Routing\\Router.php(807): Illuminate\\Pipeline\\Pipeline->then(Object(Closure))
#13 D:\\File Khan\\Koolyeah\\Sem 4\\PAD2\\kantin_dtedi\\vendor\\laravel\\framework\\src\\Illuminate\\Routing\\Router.php(784): Illuminate\\Routing\\Router->runRouteWithinStack(Object(Illuminate\\Routing\\Route), Object(Illuminate\\Http\\Request))
#14 D:\\File Khan\\Koolyeah\\Sem 4\\PAD2\\kantin_dtedi\\vendor\\laravel\\framework\\src\\Illuminate\\Routing\\Router.php(748): Illuminate\\Routing\\Router->runRoute(Object(Illuminate\\Http\\Request), Object(Illuminate\\Routing\\Route))
#15 D:\\File Khan\\Koolyeah\\Sem 4\\PAD2\\kantin_dtedi\\vendor\\laravel\\framework\\src\\Illuminate\\Routing\\Router.php(737): Illuminate\\Routing\\Router->dispatchToRoute(Object(Illuminate\\Http\\Request))
#16 D:\\File Khan\\Koolyeah\\Sem 4\\PAD2\\kantin_dtedi\\vendor\\laravel\\framework\\src\\Illuminate\\Foundation\\Http\\Kernel.php(200): Illuminate\\Routing\\Router->dispatch(Object(Illuminate\\Http\\Request))
#17 D:\\File Khan\\Koolyeah\\Sem 4\\PAD2\\kantin_dtedi\\vendor\\laravel\\framework\\src\\Illuminate\\Pipeline\\Pipeline.php(144): Illuminate\\Foundation\\Http\\Kernel->Illuminate\\Foundation\\Http\\{closure}(Object(Illuminate\\Http\\Request))
#18 D:\\File Khan\\Koolyeah\\Sem 4\\PAD2\\kantin_dtedi\\vendor\\laravel\\framework\\src\\Illuminate\\Foundation\\Http\\Middleware\\TransformsRequest.php(21): Illuminate\\Pipeline\\Pipeline->Illuminate\\Pipeline\\{closure}(Object(Illuminate\\Http\\Request))
#19 D:\\File Khan\\Koolyeah\\Sem 4\\PAD2\\kantin_dtedi\\vendor\\laravel\\framework\\src\\Illuminate\\Foundation\\Http\\Middleware\\ConvertEmptyStringsToNull.php(31): Illuminate\\Foundation\\Http\\Middleware\\TransformsRequest->handle(Object(Illuminate\\Http\\Request), Object(Closure))
#20 D:\\File Khan\\Koolyeah\\Sem 4\\PAD2\\kantin_dtedi\\vendor\\laravel\\framework\\src\\Illuminate\\Pipeline\\Pipeline.php(183): Illuminate\\Foundation\\Http\\Middleware\\ConvertEmptyStringsToNull->handle(Object(Illuminate\\Http\\Request), Object(Closure))
#21 D:\\File Khan\\Koolyeah\\Sem 4\\PAD2\\kantin_dtedi\\vendor\\laravel\\framework\\src\\Illuminate\\Foundation\\Http\\Middleware\\TransformsRequest.php(21): Illuminate\\Pipeline\\Pipeline->Illuminate\\Pipeline\\{closure}(Object(Illuminate\\Http\\Request))
#22 D:\\File Khan\\Koolyeah\\Sem 4\\PAD2\\kantin_dtedi\\vendor\\laravel\\framework\\src\\Illuminate\\Foundation\\Http\\Middleware\\TrimStrings.php(40): Illuminate\\Foundation\\Http\\Middleware\\TransformsRequest->handle(Object(Illuminate\\Http\\Request), Object(Closure))
#23 D:\\File Khan\\Koolyeah\\Sem 4\\PAD2\\kantin_dtedi\\vendor\\laravel\\framework\\src\\Illuminate\\Pipeline\\Pipeline.php(183): Illuminate\\Foundation\\Http\\Middleware\\TrimStrings->handle(Object(Illuminate\\Http\\Request), Object(Closure))
#24 D:\\File Khan\\Koolyeah\\Sem 4\\PAD2\\kantin_dtedi\\vendor\\laravel\\framework\\src\\Illuminate\\Foundation\\Http\\Middleware\\ValidatePostSize.php(27): Illuminate\\Pipeline\\Pipeline->Illuminate\\Pipeline\\{closure}(Object(Illuminate\\Http\\Request))
#25 D:\\File Khan\\Koolyeah\\Sem 4\\PAD2\\kantin_dtedi\\vendor\\laravel\\framework\\src\\Illuminate\\Pipeline\\Pipeline.php(183): Illuminate\\Foundation\\Http\\Middleware\\ValidatePostSize->handle(Object(Illuminate\\Http\\Request), Object(Closure))
#26 D:\\File Khan\\Koolyeah\\Sem 4\\PAD2\\kantin_dtedi\\vendor\\laravel\\framework\\src\\Illuminate\\Foundation\\Http\\Middleware\\PreventRequestsDuringMaintenance.php(99): Illuminate\\Pipeline\\Pipeline->Illuminate\\Pipeline\\{closure}(Object(Illuminate\\Http\\Request))
#27 D:\\File Khan\\Koolyeah\\Sem 4\\PAD2\\kantin_dtedi\\vendor\\laravel\\framework\\src\\Illuminate\\Pipeline\\Pipeline.php(183): Illuminate\\Foundation\\Http\\Middleware\\PreventRequestsDuringMaintenance->handle(Object(Illuminate\\Http\\Request), Object(Closure))
#28 D:\\File Khan\\Koolyeah\\Sem 4\\PAD2\\kantin_dtedi\\vendor\\laravel\\framework\\src\\Illuminate\\Http\\Middleware\\HandleCors.php(62): Illuminate\\Pipeline\\Pipeline->Illuminate\\Pipeline\\{closure}(Object(Illuminate\\Http\\Request))
#29 D:\\File Khan\\Koolyeah\\Sem 4\\PAD2\\kantin_dtedi\\vendor\\laravel\\framework\\src\\Illuminate\\Pipeline\\Pipeline.php(183): Illuminate\\Http\\Middleware\\HandleCors->handle(Object(Illuminate\\Http\\Request), Object(Closure))
#30 D:\\File Khan\\Koolyeah\\Sem 4\\PAD2\\kantin_dtedi\\vendor\\laravel\\framework\\src\\Illuminate\\Http\\Middleware\\TrustProxies.php(39): Illuminate\\Pipeline\\Pipeline->Illuminate\\Pipeline\\{closure}(Object(Illuminate\\Http\\Request))
#31 D:\\File Khan\\Koolyeah\\Sem 4\\PAD2\\kantin_dtedi\\vendor\\laravel\\framework\\src\\Illuminate\\Pipeline\\Pipeline.php(183): Illuminate\\Http\\Middleware\\TrustProxies->handle(Object(Illuminate\\Http\\Request), Object(Closure))
#32 D:\\File Khan\\Koolyeah\\Sem 4\\PAD2\\kantin_dtedi\\vendor\\laravel\\framework\\src\\Illuminate\\Pipeline\\Pipeline.php(119): Illuminate\\Pipeline\\Pipeline->Illuminate\\Pipeline\\{closure}(Object(Illuminate\\Http\\Request))
#33 D:\\File Khan\\Koolyeah\\Sem 4\\PAD2\\kantin_dtedi\\vendor\\laravel\\framework\\src\\Illuminate\\Foundation\\Http\\Kernel.php(175): Illuminate\\Pipeline\\Pipeline->then(Object(Closure))
#34 D:\\File Khan\\Koolyeah\\Sem 4\\PAD2\\kantin_dtedi\\vendor\\laravel\\framework\\src\\Illuminate\\Foundation\\Http\\Kernel.php(144): Illuminate\\Foundation\\Http\\Kernel->sendRequestThroughRouter(Object(Illuminate\\Http\\Request))
#35 D:\\File Khan\\Koolyeah\\Sem 4\\PAD2\\kantin_dtedi\\public\\index.php(52): Illuminate\\Foundation\\Http\\Kernel->handle(Object(Illuminate\\Http\\Request))
#36 D:\\File Khan\\Koolyeah\\Sem 4\\PAD2\\kantin_dtedi\\vendor\\laravel\\framework\\src\\Illuminate\\Foundation\\resources\\server.php(16): require_once('D:\\\\File Khan\\\\Ko...')
#37 {main}
"} 
[2025-02-26 17:51:02] local.ERROR: SQLSTATE[42S02]: Base table or view not found: 1146 Table 'kantintedi.cashiers' doesn't exist (Connection: mysql, SQL: insert into `cashiers` (`name`, `username`, `no_telp`, `password`, `profile_picture`, `status`, `salary`, `updated_at`, `created_at`) values (Cashier 1, cashier1, 123456789, $2y$12$0LgQG/cKLhyzh1CT2ZF99OWTuVk33aNkw7ytxDycKh5YlhDT6NeKq, path, active, 50000, 2025-02-26 17:51:00, 2025-02-26 17:51:00)) {"exception":"[object] (Illuminate\\Database\\QueryException(code: 42S02): SQLSTATE[42S02]: Base table or view not found: 1146 Table 'kantintedi.cashiers' doesn't exist (Connection: mysql, SQL: insert into `cashiers` (`name`, `username`, `no_telp`, `password`, `profile_picture`, `status`, `salary`, `updated_at`, `created_at`) values (Cashier 1, cashier1, 123456789, $2y$12$0LgQG/cKLhyzh1CT2ZF99OWTuVk33aNkw7ytxDycKh5YlhDT6NeKq, path, active, 50000, 2025-02-26 17:51:00, 2025-02-26 17:51:00)) at D:\\File Khan\\Koolyeah\\Sem 4\\PAD2\\kantin_dtedi\\vendor\\laravel\\framework\\src\\Illuminate\\Database\\Connection.php:829)
[stacktrace]
#0 D:\\File Khan\\Koolyeah\\Sem 4\\PAD2\\kantin_dtedi\\vendor\\laravel\\framework\\src\\Illuminate\\Database\\Connection.php(783): Illuminate\\Database\\Connection->runQueryCallback('insert into `ca...', Array, Object(Closure))
#1 D:\\File Khan\\Koolyeah\\Sem 4\\PAD2\\kantin_dtedi\\vendor\\laravel\\framework\\src\\Illuminate\\Database\\MySqlConnection.php(50): Illuminate\\Database\\Connection->run('insert into `ca...', Array, Object(Closure))
#2 D:\\File Khan\\Koolyeah\\Sem 4\\PAD2\\kantin_dtedi\\vendor\\laravel\\framework\\src\\Illuminate\\Database\\Query\\Processors\\MySqlProcessor.php(35): Illuminate\\Database\\MySqlConnection->insert('insert into `ca...', Array, 'id')
#3 D:\\File Khan\\Koolyeah\\Sem 4\\PAD2\\kantin_dtedi\\vendor\\laravel\\framework\\src\\Illuminate\\Database\\Query\\Builder.php(3549): Illuminate\\Database\\Query\\Processors\\MySqlProcessor->processInsertGetId(Object(Illuminate\\Database\\Query\\Builder), 'insert into `ca...', Array, 'id')
#4 D:\\File Khan\\Koolyeah\\Sem 4\\PAD2\\kantin_dtedi\\vendor\\laravel\\framework\\src\\Illuminate\\Database\\Eloquent\\Builder.php(1982): Illuminate\\Database\\Query\\Builder->insertGetId(Array, 'id')
#5 D:\\File Khan\\Koolyeah\\Sem 4\\PAD2\\kantin_dtedi\\vendor\\laravel\\framework\\src\\Illuminate\\Database\\Eloquent\\Model.php(1334): Illuminate\\Database\\Eloquent\\Builder->__call('insertGetId', Array)
#6 D:\\File Khan\\Koolyeah\\Sem 4\\PAD2\\kantin_dtedi\\vendor\\laravel\\framework\\src\\Illuminate\\Database\\Eloquent\\Model.php(1299): Illuminate\\Database\\Eloquent\\Model->insertAndSetId(Object(Illuminate\\Database\\Eloquent\\Builder), Array)
#7 D:\\File Khan\\Koolyeah\\Sem 4\\PAD2\\kantin_dtedi\\vendor\\laravel\\framework\\src\\Illuminate\\Database\\Eloquent\\Model.php(1138): Illuminate\\Database\\Eloquent\\Model->performInsert(Object(Illuminate\\Database\\Eloquent\\Builder))
#8 D:\\File Khan\\Koolyeah\\Sem 4\\PAD2\\kantin_dtedi\\vendor\\laravel\\framework\\src\\Illuminate\\Database\\Eloquent\\Builder.php(1025): Illuminate\\Database\\Eloquent\\Model->save()
#9 D:\\File Khan\\Koolyeah\\Sem 4\\PAD2\\kantin_dtedi\\vendor\\laravel\\framework\\src\\Illuminate\\Support\\helpers.php(307): Illuminate\\Database\\Eloquent\\Builder->Illuminate\\Database\\Eloquent\\{closure}(Object(App\\Models\\cashier))
#10 D:\\File Khan\\Koolyeah\\Sem 4\\PAD2\\kantin_dtedi\\vendor\\laravel\\framework\\src\\Illuminate\\Database\\Eloquent\\Builder.php(1026): tap(Object(App\\Models\\cashier), Object(Closure))
#11 D:\\File Khan\\Koolyeah\\Sem 4\\PAD2\\kantin_dtedi\\vendor\\laravel\\framework\\src\\Illuminate\\Support\\Traits\\ForwardsCalls.php(23): Illuminate\\Database\\Eloquent\\Builder->create(Array)
#12 D:\\File Khan\\Koolyeah\\Sem 4\\PAD2\\kantin_dtedi\\vendor\\laravel\\framework\\src\\Illuminate\\Database\\Eloquent\\Model.php(2335): Illuminate\\Database\\Eloquent\\Model->forwardCallTo(Object(Illuminate\\Database\\Eloquent\\Builder), 'create', Array)
#13 D:\\File Khan\\Koolyeah\\Sem 4\\PAD2\\kantin_dtedi\\vendor\\laravel\\framework\\src\\Illuminate\\Database\\Eloquent\\Model.php(2347): Illuminate\\Database\\Eloquent\\Model->__call('create', Array)
#14 D:\\File Khan\\Koolyeah\\Sem 4\\PAD2\\kantin_dtedi\\database\\seeders\\CashierSeeder.php(28): Illuminate\\Database\\Eloquent\\Model::__callStatic('create', Array)
#15 D:\\File Khan\\Koolyeah\\Sem 4\\PAD2\\kantin_dtedi\\vendor\\laravel\\framework\\src\\Illuminate\\Container\\BoundMethod.php(36): Database\\Seeders\\CashierSeeder->run()
#16 D:\\File Khan\\Koolyeah\\Sem 4\\PAD2\\kantin_dtedi\\vendor\\laravel\\framework\\src\\Illuminate\\Container\\Util.php(41): Illuminate\\Container\\BoundMethod::Illuminate\\Container\\{closure}()
#17 D:\\File Khan\\Koolyeah\\Sem 4\\PAD2\\kantin_dtedi\\vendor\\laravel\\framework\\src\\Illuminate\\Container\\BoundMethod.php(93): Illuminate\\Container\\Util::unwrapIfClosure(Object(Closure))
#18 D:\\File Khan\\Koolyeah\\Sem 4\\PAD2\\kantin_dtedi\\vendor\\laravel\\framework\\src\\Illuminate\\Container\\BoundMethod.php(37): Illuminate\\Container\\BoundMethod::callBoundMethod(Object(Illuminate\\Foundation\\Application), Array, Object(Closure))
#19 D:\\File Khan\\Koolyeah\\Sem 4\\PAD2\\kantin_dtedi\\vendor\\laravel\\framework\\src\\Illuminate\\Container\\Container.php(662): Illuminate\\Container\\BoundMethod::call(Object(Illuminate\\Foundation\\Application), Array, Array, NULL)
#20 D:\\File Khan\\Koolyeah\\Sem 4\\PAD2\\kantin_dtedi\\vendor\\laravel\\framework\\src\\Illuminate\\Database\\Seeder.php(184): Illuminate\\Container\\Container->call(Array, Array)
#21 D:\\File Khan\\Koolyeah\\Sem 4\\PAD2\\kantin_dtedi\\vendor\\laravel\\framework\\src\\Illuminate\\Database\\Seeder.php(193): Illuminate\\Database\\Seeder->Illuminate\\Database\\{closure}()
#22 D:\\File Khan\\Koolyeah\\Sem 4\\PAD2\\kantin_dtedi\\vendor\\laravel\\framework\\src\\Illuminate\\Database\\Console\\Seeds\\SeedCommand.php(70): Illuminate\\Database\\Seeder->__invoke()
#23 D:\\File Khan\\Koolyeah\\Sem 4\\PAD2\\kantin_dtedi\\vendor\\laravel\\framework\\src\\Illuminate\\Database\\Eloquent\\Concerns\\GuardsAttributes.php(155): Illuminate\\Database\\Console\\Seeds\\SeedCommand->Illuminate\\Database\\Console\\Seeds\\{closure}()
#24 D:\\File Khan\\Koolyeah\\Sem 4\\PAD2\\kantin_dtedi\\vendor\\laravel\\framework\\src\\Illuminate\\Database\\Console\\Seeds\\SeedCommand.php(71): Illuminate\\Database\\Eloquent\\Model::unguarded(Object(Closure))
#25 D:\\File Khan\\Koolyeah\\Sem 4\\PAD2\\kantin_dtedi\\vendor\\laravel\\framework\\src\\Illuminate\\Container\\BoundMethod.php(36): Illuminate\\Database\\Console\\Seeds\\SeedCommand->handle()
#26 D:\\File Khan\\Koolyeah\\Sem 4\\PAD2\\kantin_dtedi\\vendor\\laravel\\framework\\src\\Illuminate\\Container\\Util.php(41): Illuminate\\Container\\BoundMethod::Illuminate\\Container\\{closure}()
#27 D:\\File Khan\\Koolyeah\\Sem 4\\PAD2\\kantin_dtedi\\vendor\\laravel\\framework\\src\\Illuminate\\Container\\BoundMethod.php(93): Illuminate\\Container\\Util::unwrapIfClosure(Object(Closure))
#28 D:\\File Khan\\Koolyeah\\Sem 4\\PAD2\\kantin_dtedi\\vendor\\laravel\\framework\\src\\Illuminate\\Container\\BoundMethod.php(37): Illuminate\\Container\\BoundMethod::callBoundMethod(Object(Illuminate\\Foundation\\Application), Array, Object(Closure))
#29 D:\\File Khan\\Koolyeah\\Sem 4\\PAD2\\kantin_dtedi\\vendor\\laravel\\framework\\src\\Illuminate\\Container\\Container.php(662): Illuminate\\Container\\BoundMethod::call(Object(Illuminate\\Foundation\\Application), Array, Array, NULL)
#30 D:\\File Khan\\Koolyeah\\Sem 4\\PAD2\\kantin_dtedi\\vendor\\laravel\\framework\\src\\Illuminate\\Console\\Command.php(211): Illuminate\\Container\\Container->call(Array)
#31 D:\\File Khan\\Koolyeah\\Sem 4\\PAD2\\kantin_dtedi\\vendor\\symfony\\console\\Command\\Command.php(326): Illuminate\\Console\\Command->execute(Object(Symfony\\Component\\Console\\Input\\ArgvInput), Object(Illuminate\\Console\\OutputStyle))
#32 D:\\File Khan\\Koolyeah\\Sem 4\\PAD2\\kantin_dtedi\\vendor\\laravel\\framework\\src\\Illuminate\\Console\\Command.php(181): Symfony\\Component\\Console\\Command\\Command->run(Object(Symfony\\Component\\Console\\Input\\ArgvInput), Object(Illuminate\\Console\\OutputStyle))
#33 D:\\File Khan\\Koolyeah\\Sem 4\\PAD2\\kantin_dtedi\\vendor\\symfony\\console\\Application.php(1096): Illuminate\\Console\\Command->run(Object(Symfony\\Component\\Console\\Input\\ArgvInput), Object(Symfony\\Component\\Console\\Output\\ConsoleOutput))
#34 D:\\File Khan\\Koolyeah\\Sem 4\\PAD2\\kantin_dtedi\\vendor\\symfony\\console\\Application.php(324): Symfony\\Component\\Console\\Application->doRunCommand(Object(Illuminate\\Database\\Console\\Seeds\\SeedCommand), Object(Symfony\\Component\\Console\\Input\\ArgvInput), Object(Symfony\\Component\\Console\\Output\\ConsoleOutput))
#35 D:\\File Khan\\Koolyeah\\Sem 4\\PAD2\\kantin_dtedi\\vendor\\symfony\\console\\Application.php(175): Symfony\\Component\\Console\\Application->doRun(Object(Symfony\\Component\\Console\\Input\\ArgvInput), Object(Symfony\\Component\\Console\\Output\\ConsoleOutput))
#36 D:\\File Khan\\Koolyeah\\Sem 4\\PAD2\\kantin_dtedi\\vendor\\laravel\\framework\\src\\Illuminate\\Foundation\\Console\\Kernel.php(201): Symfony\\Component\\Console\\Application->run(Object(Symfony\\Component\\Console\\Input\\ArgvInput), Object(Symfony\\Component\\Console\\Output\\ConsoleOutput))
#37 D:\\File Khan\\Koolyeah\\Sem 4\\PAD2\\kantin_dtedi\\artisan(37): Illuminate\\Foundation\\Console\\Kernel->handle(Object(Symfony\\Component\\Console\\Input\\ArgvInput), Object(Symfony\\Component\\Console\\Output\\ConsoleOutput))
#38 {main}

[previous exception] [object] (PDOException(code: 42S02): SQLSTATE[42S02]: Base table or view not found: 1146 Table 'kantintedi.cashiers' doesn't exist at D:\\File Khan\\Koolyeah\\Sem 4\\PAD2\\kantin_dtedi\\vendor\\laravel\\framework\\src\\Illuminate\\Database\\MySqlConnection.php:39)
[stacktrace]
#0 D:\\File Khan\\Koolyeah\\Sem 4\\PAD2\\kantin_dtedi\\vendor\\laravel\\framework\\src\\Illuminate\\Database\\MySqlConnection.php(39): PDO->prepare('insert into `ca...')
#1 D:\\File Khan\\Koolyeah\\Sem 4\\PAD2\\kantin_dtedi\\vendor\\laravel\\framework\\src\\Illuminate\\Database\\Connection.php(816): Illuminate\\Database\\MySqlConnection->Illuminate\\Database\\{closure}('insert into `ca...', Array)
#2 D:\\File Khan\\Koolyeah\\Sem 4\\PAD2\\kantin_dtedi\\vendor\\laravel\\framework\\src\\Illuminate\\Database\\Connection.php(783): Illuminate\\Database\\Connection->runQueryCallback('insert into `ca...', Array, Object(Closure))
#3 D:\\File Khan\\Koolyeah\\Sem 4\\PAD2\\kantin_dtedi\\vendor\\laravel\\framework\\src\\Illuminate\\Database\\MySqlConnection.php(50): Illuminate\\Database\\Connection->run('insert into `ca...', Array, Object(Closure))
#4 D:\\File Khan\\Koolyeah\\Sem 4\\PAD2\\kantin_dtedi\\vendor\\laravel\\framework\\src\\Illuminate\\Database\\Query\\Processors\\MySqlProcessor.php(35): Illuminate\\Database\\MySqlConnection->insert('insert into `ca...', Array, 'id')
#5 D:\\File Khan\\Koolyeah\\Sem 4\\PAD2\\kantin_dtedi\\vendor\\laravel\\framework\\src\\Illuminate\\Database\\Query\\Builder.php(3549): Illuminate\\Database\\Query\\Processors\\MySqlProcessor->processInsertGetId(Object(Illuminate\\Database\\Query\\Builder), 'insert into `ca...', Array, 'id')
#6 D:\\File Khan\\Koolyeah\\Sem 4\\PAD2\\kantin_dtedi\\vendor\\laravel\\framework\\src\\Illuminate\\Database\\Eloquent\\Builder.php(1982): Illuminate\\Database\\Query\\Builder->insertGetId(Array, 'id')
#7 D:\\File Khan\\Koolyeah\\Sem 4\\PAD2\\kantin_dtedi\\vendor\\laravel\\framework\\src\\Illuminate\\Database\\Eloquent\\Model.php(1334): Illuminate\\Database\\Eloquent\\Builder->__call('insertGetId', Array)
#8 D:\\File Khan\\Koolyeah\\Sem 4\\PAD2\\kantin_dtedi\\vendor\\laravel\\framework\\src\\Illuminate\\Database\\Eloquent\\Model.php(1299): Illuminate\\Database\\Eloquent\\Model->insertAndSetId(Object(Illuminate\\Database\\Eloquent\\Builder), Array)
#9 D:\\File Khan\\Koolyeah\\Sem 4\\PAD2\\kantin_dtedi\\vendor\\laravel\\framework\\src\\Illuminate\\Database\\Eloquent\\Model.php(1138): Illuminate\\Database\\Eloquent\\Model->performInsert(Object(Illuminate\\Database\\Eloquent\\Builder))
#10 D:\\File Khan\\Koolyeah\\Sem 4\\PAD2\\kantin_dtedi\\vendor\\laravel\\framework\\src\\Illuminate\\Database\\Eloquent\\Builder.php(1025): Illuminate\\Database\\Eloquent\\Model->save()
#11 D:\\File Khan\\Koolyeah\\Sem 4\\PAD2\\kantin_dtedi\\vendor\\laravel\\framework\\src\\Illuminate\\Support\\helpers.php(307): Illuminate\\Database\\Eloquent\\Builder->Illuminate\\Database\\Eloquent\\{closure}(Object(App\\Models\\cashier))
#12 D:\\File Khan\\Koolyeah\\Sem 4\\PAD2\\kantin_dtedi\\vendor\\laravel\\framework\\src\\Illuminate\\Database\\Eloquent\\Builder.php(1026): tap(Object(App\\Models\\cashier), Object(Closure))
#13 D:\\File Khan\\Koolyeah\\Sem 4\\PAD2\\kantin_dtedi\\vendor\\laravel\\framework\\src\\Illuminate\\Support\\Traits\\ForwardsCalls.php(23): Illuminate\\Database\\Eloquent\\Builder->create(Array)
#14 D:\\File Khan\\Koolyeah\\Sem 4\\PAD2\\kantin_dtedi\\vendor\\laravel\\framework\\src\\Illuminate\\Database\\Eloquent\\Model.php(2335): Illuminate\\Database\\Eloquent\\Model->forwardCallTo(Object(Illuminate\\Database\\Eloquent\\Builder), 'create', Array)
#15 D:\\File Khan\\Koolyeah\\Sem 4\\PAD2\\kantin_dtedi\\vendor\\laravel\\framework\\src\\Illuminate\\Database\\Eloquent\\Model.php(2347): Illuminate\\Database\\Eloquent\\Model->__call('create', Array)
#16 D:\\File Khan\\Koolyeah\\Sem 4\\PAD2\\kantin_dtedi\\database\\seeders\\CashierSeeder.php(28): Illuminate\\Database\\Eloquent\\Model::__callStatic('create', Array)
#17 D:\\File Khan\\Koolyeah\\Sem 4\\PAD2\\kantin_dtedi\\vendor\\laravel\\framework\\src\\Illuminate\\Container\\BoundMethod.php(36): Database\\Seeders\\CashierSeeder->run()
#18 D:\\File Khan\\Koolyeah\\Sem 4\\PAD2\\kantin_dtedi\\vendor\\laravel\\framework\\src\\Illuminate\\Container\\Util.php(41): Illuminate\\Container\\BoundMethod::Illuminate\\Container\\{closure}()
#19 D:\\File Khan\\Koolyeah\\Sem 4\\PAD2\\kantin_dtedi\\vendor\\laravel\\framework\\src\\Illuminate\\Container\\BoundMethod.php(93): Illuminate\\Container\\Util::unwrapIfClosure(Object(Closure))
#20 D:\\File Khan\\Koolyeah\\Sem 4\\PAD2\\kantin_dtedi\\vendor\\laravel\\framework\\src\\Illuminate\\Container\\BoundMethod.php(37): Illuminate\\Container\\BoundMethod::callBoundMethod(Object(Illuminate\\Foundation\\Application), Array, Object(Closure))
#21 D:\\File Khan\\Koolyeah\\Sem 4\\PAD2\\kantin_dtedi\\vendor\\laravel\\framework\\src\\Illuminate\\Container\\Container.php(662): Illuminate\\Container\\BoundMethod::call(Object(Illuminate\\Foundation\\Application), Array, Array, NULL)
#22 D:\\File Khan\\Koolyeah\\Sem 4\\PAD2\\kantin_dtedi\\vendor\\laravel\\framework\\src\\Illuminate\\Database\\Seeder.php(184): Illuminate\\Container\\Container->call(Array, Array)
#23 D:\\File Khan\\Koolyeah\\Sem 4\\PAD2\\kantin_dtedi\\vendor\\laravel\\framework\\src\\Illuminate\\Database\\Seeder.php(193): Illuminate\\Database\\Seeder->Illuminate\\Database\\{closure}()
#24 D:\\File Khan\\Koolyeah\\Sem 4\\PAD2\\kantin_dtedi\\vendor\\laravel\\framework\\src\\Illuminate\\Database\\Console\\Seeds\\SeedCommand.php(70): Illuminate\\Database\\Seeder->__invoke()
#25 D:\\File Khan\\Koolyeah\\Sem 4\\PAD2\\kantin_dtedi\\vendor\\laravel\\framework\\src\\Illuminate\\Database\\Eloquent\\Concerns\\GuardsAttributes.php(155): Illuminate\\Database\\Console\\Seeds\\SeedCommand->Illuminate\\Database\\Console\\Seeds\\{closure}()
#26 D:\\File Khan\\Koolyeah\\Sem 4\\PAD2\\kantin_dtedi\\vendor\\laravel\\framework\\src\\Illuminate\\Database\\Console\\Seeds\\SeedCommand.php(71): Illuminate\\Database\\Eloquent\\Model::unguarded(Object(Closure))
#27 D:\\File Khan\\Koolyeah\\Sem 4\\PAD2\\kantin_dtedi\\vendor\\laravel\\framework\\src\\Illuminate\\Container\\BoundMethod.php(36): Illuminate\\Database\\Console\\Seeds\\SeedCommand->handle()
#28 D:\\File Khan\\Koolyeah\\Sem 4\\PAD2\\kantin_dtedi\\vendor\\laravel\\framework\\src\\Illuminate\\Container\\Util.php(41): Illuminate\\Container\\BoundMethod::Illuminate\\Container\\{closure}()
#29 D:\\File Khan\\Koolyeah\\Sem 4\\PAD2\\kantin_dtedi\\vendor\\laravel\\framework\\src\\Illuminate\\Container\\BoundMethod.php(93): Illuminate\\Container\\Util::unwrapIfClosure(Object(Closure))
#30 D:\\File Khan\\Koolyeah\\Sem 4\\PAD2\\kantin_dtedi\\vendor\\laravel\\framework\\src\\Illuminate\\Container\\BoundMethod.php(37): Illuminate\\Container\\BoundMethod::callBoundMethod(Object(Illuminate\\Foundation\\Application), Array, Object(Closure))
#31 D:\\File Khan\\Koolyeah\\Sem 4\\PAD2\\kantin_dtedi\\vendor\\laravel\\framework\\src\\Illuminate\\Container\\Container.php(662): Illuminate\\Container\\BoundMethod::call(Object(Illuminate\\Foundation\\Application), Array, Array, NULL)
#32 D:\\File Khan\\Koolyeah\\Sem 4\\PAD2\\kantin_dtedi\\vendor\\laravel\\framework\\src\\Illuminate\\Console\\Command.php(211): Illuminate\\Container\\Container->call(Array)
#33 D:\\File Khan\\Koolyeah\\Sem 4\\PAD2\\kantin_dtedi\\vendor\\symfony\\console\\Command\\Command.php(326): Illuminate\\Console\\Command->execute(Object(Symfony\\Component\\Console\\Input\\ArgvInput), Object(Illuminate\\Console\\OutputStyle))
#34 D:\\File Khan\\Koolyeah\\Sem 4\\PAD2\\kantin_dtedi\\vendor\\laravel\\framework\\src\\Illuminate\\Console\\Command.php(181): Symfony\\Component\\Console\\Command\\Command->run(Object(Symfony\\Component\\Console\\Input\\ArgvInput), Object(Illuminate\\Console\\OutputStyle))
#35 D:\\File Khan\\Koolyeah\\Sem 4\\PAD2\\kantin_dtedi\\vendor\\symfony\\console\\Application.php(1096): Illuminate\\Console\\Command->run(Object(Symfony\\Component\\Console\\Input\\ArgvInput), Object(Symfony\\Component\\Console\\Output\\ConsoleOutput))
#36 D:\\File Khan\\Koolyeah\\Sem 4\\PAD2\\kantin_dtedi\\vendor\\symfony\\console\\Application.php(324): Symfony\\Component\\Console\\Application->doRunCommand(Object(Illuminate\\Database\\Console\\Seeds\\SeedCommand), Object(Symfony\\Component\\Console\\Input\\ArgvInput), Object(Symfony\\Component\\Console\\Output\\ConsoleOutput))
#37 D:\\File Khan\\Koolyeah\\Sem 4\\PAD2\\kantin_dtedi\\vendor\\symfony\\console\\Application.php(175): Symfony\\Component\\Console\\Application->doRun(Object(Symfony\\Component\\Console\\Input\\ArgvInput), Object(Symfony\\Component\\Console\\Output\\ConsoleOutput))
#38 D:\\File Khan\\Koolyeah\\Sem 4\\PAD2\\kantin_dtedi\\vendor\\laravel\\framework\\src\\Illuminate\\Foundation\\Console\\Kernel.php(201): Symfony\\Component\\Console\\Application->run(Object(Symfony\\Component\\Console\\Input\\ArgvInput), Object(Symfony\\Component\\Console\\Output\\ConsoleOutput))
#39 D:\\File Khan\\Koolyeah\\Sem 4\\PAD2\\kantin_dtedi\\artisan(37): Illuminate\\Foundation\\Console\\Kernel->handle(Object(Symfony\\Component\\Console\\Input\\ArgvInput), Object(Symfony\\Component\\Console\\Output\\ConsoleOutput))
#40 {main}
"} 
[2025-02-26 17:57:30] local.ERROR: SQLSTATE[42S22]: Column not found: 1054 Unknown column 'username' in 'where clause' (Connection: mysql, SQL: select * from `users` where `username` = cashier1 limit 1) {"exception":"[object] (Illuminate\\Database\\QueryException(code: 42S22): SQLSTATE[42S22]: Column not found: 1054 Unknown column 'username' in 'where clause' (Connection: mysql, SQL: select * from `users` where `username` = cashier1 limit 1) at D:\\File Khan\\Koolyeah\\Sem 4\\PAD2\\kantin_dtedi\\vendor\\laravel\\framework\\src\\Illuminate\\Database\\Connection.php:829)
[stacktrace]
#0 D:\\File Khan\\Koolyeah\\Sem 4\\PAD2\\kantin_dtedi\\vendor\\laravel\\framework\\src\\Illuminate\\Database\\Connection.php(783): Illuminate\\Database\\Connection->runQueryCallback('select * from `...', Array, Object(Closure))
#1 D:\\File Khan\\Koolyeah\\Sem 4\\PAD2\\kantin_dtedi\\vendor\\laravel\\framework\\src\\Illuminate\\Database\\Connection.php(431): Illuminate\\Database\\Connection->run('select * from `...', Array, Object(Closure))
#2 D:\\File Khan\\Koolyeah\\Sem 4\\PAD2\\kantin_dtedi\\vendor\\laravel\\framework\\src\\Illuminate\\Database\\Query\\Builder.php(2914): Illuminate\\Database\\Connection->select('select * from `...', Array, true)
#3 D:\\File Khan\\Koolyeah\\Sem 4\\PAD2\\kantin_dtedi\\vendor\\laravel\\framework\\src\\Illuminate\\Database\\Query\\Builder.php(2902): Illuminate\\Database\\Query\\Builder->runSelect()
#4 D:\\File Khan\\Koolyeah\\Sem 4\\PAD2\\kantin_dtedi\\vendor\\laravel\\framework\\src\\Illuminate\\Database\\Query\\Builder.php(3456): Illuminate\\Database\\Query\\Builder->Illuminate\\Database\\Query\\{closure}()
#5 D:\\File Khan\\Koolyeah\\Sem 4\\PAD2\\kantin_dtedi\\vendor\\laravel\\framework\\src\\Illuminate\\Database\\Query\\Builder.php(2903): Illuminate\\Database\\Query\\Builder->onceWithColumns(Array, Object(Closure))
#6 D:\\File Khan\\Koolyeah\\Sem 4\\PAD2\\kantin_dtedi\\vendor\\laravel\\framework\\src\\Illuminate\\Database\\Eloquent\\Builder.php(739): Illuminate\\Database\\Query\\Builder->get(Array)
#7 D:\\File Khan\\Koolyeah\\Sem 4\\PAD2\\kantin_dtedi\\vendor\\laravel\\framework\\src\\Illuminate\\Database\\Eloquent\\Builder.php(723): Illuminate\\Database\\Eloquent\\Builder->getModels(Array)
#8 D:\\File Khan\\Koolyeah\\Sem 4\\PAD2\\kantin_dtedi\\vendor\\laravel\\framework\\src\\Illuminate\\Database\\Concerns\\BuildsQueries.php(333): Illuminate\\Database\\Eloquent\\Builder->get(Array)
#9 D:\\File Khan\\Koolyeah\\Sem 4\\PAD2\\kantin_dtedi\\vendor\\laravel\\framework\\src\\Illuminate\\Auth\\EloquentUserProvider.php(139): Illuminate\\Database\\Eloquent\\Builder->first()
#10 D:\\File Khan\\Koolyeah\\Sem 4\\PAD2\\kantin_dtedi\\vendor\\laravel\\framework\\src\\Illuminate\\Auth\\SessionGuard.php(381): Illuminate\\Auth\\EloquentUserProvider->retrieveByCredentials(Array)
#11 D:\\File Khan\\Koolyeah\\Sem 4\\PAD2\\kantin_dtedi\\vendor\\laravel\\framework\\src\\Illuminate\\Auth\\AuthManager.php(340): Illuminate\\Auth\\SessionGuard->attempt(Array)
#12 D:\\File Khan\\Koolyeah\\Sem 4\\PAD2\\kantin_dtedi\\vendor\\laravel\\framework\\src\\Illuminate\\Support\\Facades\\Facade.php(355): Illuminate\\Auth\\AuthManager->__call('attempt', Array)
#13 D:\\File Khan\\Koolyeah\\Sem 4\\PAD2\\kantin_dtedi\\app\\Http\\Controllers\\AuthController.php(86): Illuminate\\Support\\Facades\\Facade::__callStatic('attempt', Array)
#14 D:\\File Khan\\Koolyeah\\Sem 4\\PAD2\\kantin_dtedi\\vendor\\laravel\\framework\\src\\Illuminate\\Routing\\Controller.php(54): App\\Http\\Controllers\\AuthController->login(Object(Illuminate\\Http\\Request))
#15 D:\\File Khan\\Koolyeah\\Sem 4\\PAD2\\kantin_dtedi\\vendor\\laravel\\framework\\src\\Illuminate\\Routing\\ControllerDispatcher.php(43): Illuminate\\Routing\\Controller->callAction('login', Array)
#16 D:\\File Khan\\Koolyeah\\Sem 4\\PAD2\\kantin_dtedi\\vendor\\laravel\\framework\\src\\Illuminate\\Routing\\Route.php(260): Illuminate\\Routing\\ControllerDispatcher->dispatch(Object(Illuminate\\Routing\\Route), Object(App\\Http\\Controllers\\AuthController), 'login')
#17 D:\\File Khan\\Koolyeah\\Sem 4\\PAD2\\kantin_dtedi\\vendor\\laravel\\framework\\src\\Illuminate\\Routing\\Route.php(205): Illuminate\\Routing\\Route->runController()
#18 D:\\File Khan\\Koolyeah\\Sem 4\\PAD2\\kantin_dtedi\\vendor\\laravel\\framework\\src\\Illuminate\\Routing\\Router.php(806): Illuminate\\Routing\\Route->run()
#19 D:\\File Khan\\Koolyeah\\Sem 4\\PAD2\\kantin_dtedi\\vendor\\laravel\\framework\\src\\Illuminate\\Pipeline\\Pipeline.php(144): Illuminate\\Routing\\Router->Illuminate\\Routing\\{closure}(Object(Illuminate\\Http\\Request))
#20 D:\\File Khan\\Koolyeah\\Sem 4\\PAD2\\kantin_dtedi\\vendor\\laravel\\framework\\src\\Illuminate\\Routing\\Middleware\\SubstituteBindings.php(50): Illuminate\\Pipeline\\Pipeline->Illuminate\\Pipeline\\{closure}(Object(Illuminate\\Http\\Request))
#21 D:\\File Khan\\Koolyeah\\Sem 4\\PAD2\\kantin_dtedi\\vendor\\laravel\\framework\\src\\Illuminate\\Pipeline\\Pipeline.php(183): Illuminate\\Routing\\Middleware\\SubstituteBindings->handle(Object(Illuminate\\Http\\Request), Object(Closure))
#22 D:\\File Khan\\Koolyeah\\Sem 4\\PAD2\\kantin_dtedi\\vendor\\laravel\\framework\\src\\Illuminate\\Routing\\Middleware\\ThrottleRequests.php(159): Illuminate\\Pipeline\\Pipeline->Illuminate\\Pipeline\\{closure}(Object(Illuminate\\Http\\Request))
#23 D:\\File Khan\\Koolyeah\\Sem 4\\PAD2\\kantin_dtedi\\vendor\\laravel\\framework\\src\\Illuminate\\Routing\\Middleware\\ThrottleRequests.php(135): Illuminate\\Routing\\Middleware\\ThrottleRequests->handleRequest(Object(Illuminate\\Http\\Request), Object(Closure), Array)
#24 D:\\File Khan\\Koolyeah\\Sem 4\\PAD2\\kantin_dtedi\\vendor\\laravel\\framework\\src\\Illuminate\\Routing\\Middleware\\ThrottleRequests.php(87): Illuminate\\Routing\\Middleware\\ThrottleRequests->handleRequestUsingNamedLimiter(Object(Illuminate\\Http\\Request), Object(Closure), 'api', Object(Closure))
#25 D:\\File Khan\\Koolyeah\\Sem 4\\PAD2\\kantin_dtedi\\vendor\\laravel\\framework\\src\\Illuminate\\Pipeline\\Pipeline.php(183): Illuminate\\Routing\\Middleware\\ThrottleRequests->handle(Object(Illuminate\\Http\\Request), Object(Closure), 'api')
#26 D:\\File Khan\\Koolyeah\\Sem 4\\PAD2\\kantin_dtedi\\vendor\\laravel\\sanctum\\src\\Http\\Middleware\\EnsureFrontendRequestsAreStateful.php(25): Illuminate\\Pipeline\\Pipeline->Illuminate\\Pipeline\\{closure}(Object(Illuminate\\Http\\Request))
#27 D:\\File Khan\\Koolyeah\\Sem 4\\PAD2\\kantin_dtedi\\vendor\\laravel\\framework\\src\\Illuminate\\Pipeline\\Pipeline.php(144): Laravel\\Sanctum\\Http\\Middleware\\EnsureFrontendRequestsAreStateful->Laravel\\Sanctum\\Http\\Middleware\\{closure}(Object(Illuminate\\Http\\Request))
#28 D:\\File Khan\\Koolyeah\\Sem 4\\PAD2\\kantin_dtedi\\vendor\\laravel\\framework\\src\\Illuminate\\Pipeline\\Pipeline.php(119): Illuminate\\Pipeline\\Pipeline->Illuminate\\Pipeline\\{closure}(Object(Illuminate\\Http\\Request))
#29 D:\\File Khan\\Koolyeah\\Sem 4\\PAD2\\kantin_dtedi\\vendor\\laravel\\sanctum\\src\\Http\\Middleware\\EnsureFrontendRequestsAreStateful.php(26): Illuminate\\Pipeline\\Pipeline->then(Object(Closure))
#30 D:\\File Khan\\Koolyeah\\Sem 4\\PAD2\\kantin_dtedi\\vendor\\laravel\\framework\\src\\Illuminate\\Pipeline\\Pipeline.php(183): Laravel\\Sanctum\\Http\\Middleware\\EnsureFrontendRequestsAreStateful->handle(Object(Illuminate\\Http\\Request), Object(Closure))
#31 D:\\File Khan\\Koolyeah\\Sem 4\\PAD2\\kantin_dtedi\\vendor\\laravel\\framework\\src\\Illuminate\\Pipeline\\Pipeline.php(119): Illuminate\\Pipeline\\Pipeline->Illuminate\\Pipeline\\{closure}(Object(Illuminate\\Http\\Request))
#32 D:\\File Khan\\Koolyeah\\Sem 4\\PAD2\\kantin_dtedi\\vendor\\laravel\\framework\\src\\Illuminate\\Routing\\Router.php(807): Illuminate\\Pipeline\\Pipeline->then(Object(Closure))
#33 D:\\File Khan\\Koolyeah\\Sem 4\\PAD2\\kantin_dtedi\\vendor\\laravel\\framework\\src\\Illuminate\\Routing\\Router.php(784): Illuminate\\Routing\\Router->runRouteWithinStack(Object(Illuminate\\Routing\\Route), Object(Illuminate\\Http\\Request))
#34 D:\\File Khan\\Koolyeah\\Sem 4\\PAD2\\kantin_dtedi\\vendor\\laravel\\framework\\src\\Illuminate\\Routing\\Router.php(748): Illuminate\\Routing\\Router->runRoute(Object(Illuminate\\Http\\Request), Object(Illuminate\\Routing\\Route))
#35 D:\\File Khan\\Koolyeah\\Sem 4\\PAD2\\kantin_dtedi\\vendor\\laravel\\framework\\src\\Illuminate\\Routing\\Router.php(737): Illuminate\\Routing\\Router->dispatchToRoute(Object(Illuminate\\Http\\Request))
#36 D:\\File Khan\\Koolyeah\\Sem 4\\PAD2\\kantin_dtedi\\vendor\\laravel\\framework\\src\\Illuminate\\Foundation\\Http\\Kernel.php(200): Illuminate\\Routing\\Router->dispatch(Object(Illuminate\\Http\\Request))
#37 D:\\File Khan\\Koolyeah\\Sem 4\\PAD2\\kantin_dtedi\\vendor\\laravel\\framework\\src\\Illuminate\\Pipeline\\Pipeline.php(144): Illuminate\\Foundation\\Http\\Kernel->Illuminate\\Foundation\\Http\\{closure}(Object(Illuminate\\Http\\Request))
#38 D:\\File Khan\\Koolyeah\\Sem 4\\PAD2\\kantin_dtedi\\vendor\\laravel\\framework\\src\\Illuminate\\Foundation\\Http\\Middleware\\TransformsRequest.php(21): Illuminate\\Pipeline\\Pipeline->Illuminate\\Pipeline\\{closure}(Object(Illuminate\\Http\\Request))
#39 D:\\File Khan\\Koolyeah\\Sem 4\\PAD2\\kantin_dtedi\\vendor\\laravel\\framework\\src\\Illuminate\\Foundation\\Http\\Middleware\\ConvertEmptyStringsToNull.php(31): Illuminate\\Foundation\\Http\\Middleware\\TransformsRequest->handle(Object(Illuminate\\Http\\Request), Object(Closure))
#40 D:\\File Khan\\Koolyeah\\Sem 4\\PAD2\\kantin_dtedi\\vendor\\laravel\\framework\\src\\Illuminate\\Pipeline\\Pipeline.php(183): Illuminate\\Foundation\\Http\\Middleware\\ConvertEmptyStringsToNull->handle(Object(Illuminate\\Http\\Request), Object(Closure))
#41 D:\\File Khan\\Koolyeah\\Sem 4\\PAD2\\kantin_dtedi\\vendor\\laravel\\framework\\src\\Illuminate\\Foundation\\Http\\Middleware\\TransformsRequest.php(21): Illuminate\\Pipeline\\Pipeline->Illuminate\\Pipeline\\{closure}(Object(Illuminate\\Http\\Request))
#42 D:\\File Khan\\Koolyeah\\Sem 4\\PAD2\\kantin_dtedi\\vendor\\laravel\\framework\\src\\Illuminate\\Foundation\\Http\\Middleware\\TrimStrings.php(40): Illuminate\\Foundation\\Http\\Middleware\\TransformsRequest->handle(Object(Illuminate\\Http\\Request), Object(Closure))
#43 D:\\File Khan\\Koolyeah\\Sem 4\\PAD2\\kantin_dtedi\\vendor\\laravel\\framework\\src\\Illuminate\\Pipeline\\Pipeline.php(183): Illuminate\\Foundation\\Http\\Middleware\\TrimStrings->handle(Object(Illuminate\\Http\\Request), Object(Closure))
#44 D:\\File Khan\\Koolyeah\\Sem 4\\PAD2\\kantin_dtedi\\vendor\\laravel\\framework\\src\\Illuminate\\Foundation\\Http\\Middleware\\ValidatePostSize.php(27): Illuminate\\Pipeline\\Pipeline->Illuminate\\Pipeline\\{closure}(Object(Illuminate\\Http\\Request))
#45 D:\\File Khan\\Koolyeah\\Sem 4\\PAD2\\kantin_dtedi\\vendor\\laravel\\framework\\src\\Illuminate\\Pipeline\\Pipeline.php(183): Illuminate\\Foundation\\Http\\Middleware\\ValidatePostSize->handle(Object(Illuminate\\Http\\Request), Object(Closure))
#46 D:\\File Khan\\Koolyeah\\Sem 4\\PAD2\\kantin_dtedi\\vendor\\laravel\\framework\\src\\Illuminate\\Foundation\\Http\\Middleware\\PreventRequestsDuringMaintenance.php(99): Illuminate\\Pipeline\\Pipeline->Illuminate\\Pipeline\\{closure}(Object(Illuminate\\Http\\Request))
#47 D:\\File Khan\\Koolyeah\\Sem 4\\PAD2\\kantin_dtedi\\vendor\\laravel\\framework\\src\\Illuminate\\Pipeline\\Pipeline.php(183): Illuminate\\Foundation\\Http\\Middleware\\PreventRequestsDuringMaintenance->handle(Object(Illuminate\\Http\\Request), Object(Closure))
#48 D:\\File Khan\\Koolyeah\\Sem 4\\PAD2\\kantin_dtedi\\vendor\\laravel\\framework\\src\\Illuminate\\Http\\Middleware\\HandleCors.php(62): Illuminate\\Pipeline\\Pipeline->Illuminate\\Pipeline\\{closure}(Object(Illuminate\\Http\\Request))
#49 D:\\File Khan\\Koolyeah\\Sem 4\\PAD2\\kantin_dtedi\\vendor\\laravel\\framework\\src\\Illuminate\\Pipeline\\Pipeline.php(183): Illuminate\\Http\\Middleware\\HandleCors->handle(Object(Illuminate\\Http\\Request), Object(Closure))
#50 D:\\File Khan\\Koolyeah\\Sem 4\\PAD2\\kantin_dtedi\\vendor\\laravel\\framework\\src\\Illuminate\\Http\\Middleware\\TrustProxies.php(39): Illuminate\\Pipeline\\Pipeline->Illuminate\\Pipeline\\{closure}(Object(Illuminate\\Http\\Request))
#51 D:\\File Khan\\Koolyeah\\Sem 4\\PAD2\\kantin_dtedi\\vendor\\laravel\\framework\\src\\Illuminate\\Pipeline\\Pipeline.php(183): Illuminate\\Http\\Middleware\\TrustProxies->handle(Object(Illuminate\\Http\\Request), Object(Closure))
#52 D:\\File Khan\\Koolyeah\\Sem 4\\PAD2\\kantin_dtedi\\vendor\\laravel\\framework\\src\\Illuminate\\Pipeline\\Pipeline.php(119): Illuminate\\Pipeline\\Pipeline->Illuminate\\Pipeline\\{closure}(Object(Illuminate\\Http\\Request))
#53 D:\\File Khan\\Koolyeah\\Sem 4\\PAD2\\kantin_dtedi\\vendor\\laravel\\framework\\src\\Illuminate\\Foundation\\Http\\Kernel.php(175): Illuminate\\Pipeline\\Pipeline->then(Object(Closure))
#54 D:\\File Khan\\Koolyeah\\Sem 4\\PAD2\\kantin_dtedi\\vendor\\laravel\\framework\\src\\Illuminate\\Foundation\\Http\\Kernel.php(144): Illuminate\\Foundation\\Http\\Kernel->sendRequestThroughRouter(Object(Illuminate\\Http\\Request))
#55 D:\\File Khan\\Koolyeah\\Sem 4\\PAD2\\kantin_dtedi\\public\\index.php(52): Illuminate\\Foundation\\Http\\Kernel->handle(Object(Illuminate\\Http\\Request))
#56 D:\\File Khan\\Koolyeah\\Sem 4\\PAD2\\kantin_dtedi\\vendor\\laravel\\framework\\src\\Illuminate\\Foundation\\resources\\server.php(16): require_once('D:\\\\File Khan\\\\Ko...')
#57 {main}

[previous exception] [object] (PDOException(code: 42S22): SQLSTATE[42S22]: Column not found: 1054 Unknown column 'username' in 'where clause' at D:\\File Khan\\Koolyeah\\Sem 4\\PAD2\\kantin_dtedi\\vendor\\laravel\\framework\\src\\Illuminate\\Database\\Connection.php:423)
[stacktrace]
#0 D:\\File Khan\\Koolyeah\\Sem 4\\PAD2\\kantin_dtedi\\vendor\\laravel\\framework\\src\\Illuminate\\Database\\Connection.php(423): PDO->prepare('select * from `...')
#1 D:\\File Khan\\Koolyeah\\Sem 4\\PAD2\\kantin_dtedi\\vendor\\laravel\\framework\\src\\Illuminate\\Database\\Connection.php(816): Illuminate\\Database\\Connection->Illuminate\\Database\\{closure}('select * from `...', Array)
#2 D:\\File Khan\\Koolyeah\\Sem 4\\PAD2\\kantin_dtedi\\vendor\\laravel\\framework\\src\\Illuminate\\Database\\Connection.php(783): Illuminate\\Database\\Connection->runQueryCallback('select * from `...', Array, Object(Closure))
#3 D:\\File Khan\\Koolyeah\\Sem 4\\PAD2\\kantin_dtedi\\vendor\\laravel\\framework\\src\\Illuminate\\Database\\Connection.php(431): Illuminate\\Database\\Connection->run('select * from `...', Array, Object(Closure))
#4 D:\\File Khan\\Koolyeah\\Sem 4\\PAD2\\kantin_dtedi\\vendor\\laravel\\framework\\src\\Illuminate\\Database\\Query\\Builder.php(2914): Illuminate\\Database\\Connection->select('select * from `...', Array, true)
#5 D:\\File Khan\\Koolyeah\\Sem 4\\PAD2\\kantin_dtedi\\vendor\\laravel\\framework\\src\\Illuminate\\Database\\Query\\Builder.php(2902): Illuminate\\Database\\Query\\Builder->runSelect()
#6 D:\\File Khan\\Koolyeah\\Sem 4\\PAD2\\kantin_dtedi\\vendor\\laravel\\framework\\src\\Illuminate\\Database\\Query\\Builder.php(3456): Illuminate\\Database\\Query\\Builder->Illuminate\\Database\\Query\\{closure}()
#7 D:\\File Khan\\Koolyeah\\Sem 4\\PAD2\\kantin_dtedi\\vendor\\laravel\\framework\\src\\Illuminate\\Database\\Query\\Builder.php(2903): Illuminate\\Database\\Query\\Builder->onceWithColumns(Array, Object(Closure))
#8 D:\\File Khan\\Koolyeah\\Sem 4\\PAD2\\kantin_dtedi\\vendor\\laravel\\framework\\src\\Illuminate\\Database\\Eloquent\\Builder.php(739): Illuminate\\Database\\Query\\Builder->get(Array)
#9 D:\\File Khan\\Koolyeah\\Sem 4\\PAD2\\kantin_dtedi\\vendor\\laravel\\framework\\src\\Illuminate\\Database\\Eloquent\\Builder.php(723): Illuminate\\Database\\Eloquent\\Builder->getModels(Array)
#10 D:\\File Khan\\Koolyeah\\Sem 4\\PAD2\\kantin_dtedi\\vendor\\laravel\\framework\\src\\Illuminate\\Database\\Concerns\\BuildsQueries.php(333): Illuminate\\Database\\Eloquent\\Builder->get(Array)
#11 D:\\File Khan\\Koolyeah\\Sem 4\\PAD2\\kantin_dtedi\\vendor\\laravel\\framework\\src\\Illuminate\\Auth\\EloquentUserProvider.php(139): Illuminate\\Database\\Eloquent\\Builder->first()
#12 D:\\File Khan\\Koolyeah\\Sem 4\\PAD2\\kantin_dtedi\\vendor\\laravel\\framework\\src\\Illuminate\\Auth\\SessionGuard.php(381): Illuminate\\Auth\\EloquentUserProvider->retrieveByCredentials(Array)
#13 D:\\File Khan\\Koolyeah\\Sem 4\\PAD2\\kantin_dtedi\\vendor\\laravel\\framework\\src\\Illuminate\\Auth\\AuthManager.php(340): Illuminate\\Auth\\SessionGuard->attempt(Array)
#14 D:\\File Khan\\Koolyeah\\Sem 4\\PAD2\\kantin_dtedi\\vendor\\laravel\\framework\\src\\Illuminate\\Support\\Facades\\Facade.php(355): Illuminate\\Auth\\AuthManager->__call('attempt', Array)
#15 D:\\File Khan\\Koolyeah\\Sem 4\\PAD2\\kantin_dtedi\\app\\Http\\Controllers\\AuthController.php(86): Illuminate\\Support\\Facades\\Facade::__callStatic('attempt', Array)
#16 D:\\File Khan\\Koolyeah\\Sem 4\\PAD2\\kantin_dtedi\\vendor\\laravel\\framework\\src\\Illuminate\\Routing\\Controller.php(54): App\\Http\\Controllers\\AuthController->login(Object(Illuminate\\Http\\Request))
#17 D:\\File Khan\\Koolyeah\\Sem 4\\PAD2\\kantin_dtedi\\vendor\\laravel\\framework\\src\\Illuminate\\Routing\\ControllerDispatcher.php(43): Illuminate\\Routing\\Controller->callAction('login', Array)
#18 D:\\File Khan\\Koolyeah\\Sem 4\\PAD2\\kantin_dtedi\\vendor\\laravel\\framework\\src\\Illuminate\\Routing\\Route.php(260): Illuminate\\Routing\\ControllerDispatcher->dispatch(Object(Illuminate\\Routing\\Route), Object(App\\Http\\Controllers\\AuthController), 'login')
#19 D:\\File Khan\\Koolyeah\\Sem 4\\PAD2\\kantin_dtedi\\vendor\\laravel\\framework\\src\\Illuminate\\Routing\\Route.php(205): Illuminate\\Routing\\Route->runController()
#20 D:\\File Khan\\Koolyeah\\Sem 4\\PAD2\\kantin_dtedi\\vendor\\laravel\\framework\\src\\Illuminate\\Routing\\Router.php(806): Illuminate\\Routing\\Route->run()
#21 D:\\File Khan\\Koolyeah\\Sem 4\\PAD2\\kantin_dtedi\\vendor\\laravel\\framework\\src\\Illuminate\\Pipeline\\Pipeline.php(144): Illuminate\\Routing\\Router->Illuminate\\Routing\\{closure}(Object(Illuminate\\Http\\Request))
#22 D:\\File Khan\\Koolyeah\\Sem 4\\PAD2\\kantin_dtedi\\vendor\\laravel\\framework\\src\\Illuminate\\Routing\\Middleware\\SubstituteBindings.php(50): Illuminate\\Pipeline\\Pipeline->Illuminate\\Pipeline\\{closure}(Object(Illuminate\\Http\\Request))
#23 D:\\File Khan\\Koolyeah\\Sem 4\\PAD2\\kantin_dtedi\\vendor\\laravel\\framework\\src\\Illuminate\\Pipeline\\Pipeline.php(183): Illuminate\\Routing\\Middleware\\SubstituteBindings->handle(Object(Illuminate\\Http\\Request), Object(Closure))
#24 D:\\File Khan\\Koolyeah\\Sem 4\\PAD2\\kantin_dtedi\\vendor\\laravel\\framework\\src\\Illuminate\\Routing\\Middleware\\ThrottleRequests.php(159): Illuminate\\Pipeline\\Pipeline->Illuminate\\Pipeline\\{closure}(Object(Illuminate\\Http\\Request))
#25 D:\\File Khan\\Koolyeah\\Sem 4\\PAD2\\kantin_dtedi\\vendor\\laravel\\framework\\src\\Illuminate\\Routing\\Middleware\\ThrottleRequests.php(135): Illuminate\\Routing\\Middleware\\ThrottleRequests->handleRequest(Object(Illuminate\\Http\\Request), Object(Closure), Array)
#26 D:\\File Khan\\Koolyeah\\Sem 4\\PAD2\\kantin_dtedi\\vendor\\laravel\\framework\\src\\Illuminate\\Routing\\Middleware\\ThrottleRequests.php(87): Illuminate\\Routing\\Middleware\\ThrottleRequests->handleRequestUsingNamedLimiter(Object(Illuminate\\Http\\Request), Object(Closure), 'api', Object(Closure))
#27 D:\\File Khan\\Koolyeah\\Sem 4\\PAD2\\kantin_dtedi\\vendor\\laravel\\framework\\src\\Illuminate\\Pipeline\\Pipeline.php(183): Illuminate\\Routing\\Middleware\\ThrottleRequests->handle(Object(Illuminate\\Http\\Request), Object(Closure), 'api')
#28 D:\\File Khan\\Koolyeah\\Sem 4\\PAD2\\kantin_dtedi\\vendor\\laravel\\sanctum\\src\\Http\\Middleware\\EnsureFrontendRequestsAreStateful.php(25): Illuminate\\Pipeline\\Pipeline->Illuminate\\Pipeline\\{closure}(Object(Illuminate\\Http\\Request))
#29 D:\\File Khan\\Koolyeah\\Sem 4\\PAD2\\kantin_dtedi\\vendor\\laravel\\framework\\src\\Illuminate\\Pipeline\\Pipeline.php(144): Laravel\\Sanctum\\Http\\Middleware\\EnsureFrontendRequestsAreStateful->Laravel\\Sanctum\\Http\\Middleware\\{closure}(Object(Illuminate\\Http\\Request))
#30 D:\\File Khan\\Koolyeah\\Sem 4\\PAD2\\kantin_dtedi\\vendor\\laravel\\framework\\src\\Illuminate\\Pipeline\\Pipeline.php(119): Illuminate\\Pipeline\\Pipeline->Illuminate\\Pipeline\\{closure}(Object(Illuminate\\Http\\Request))
#31 D:\\File Khan\\Koolyeah\\Sem 4\\PAD2\\kantin_dtedi\\vendor\\laravel\\sanctum\\src\\Http\\Middleware\\EnsureFrontendRequestsAreStateful.php(26): Illuminate\\Pipeline\\Pipeline->then(Object(Closure))
#32 D:\\File Khan\\Koolyeah\\Sem 4\\PAD2\\kantin_dtedi\\vendor\\laravel\\framework\\src\\Illuminate\\Pipeline\\Pipeline.php(183): Laravel\\Sanctum\\Http\\Middleware\\EnsureFrontendRequestsAreStateful->handle(Object(Illuminate\\Http\\Request), Object(Closure))
#33 D:\\File Khan\\Koolyeah\\Sem 4\\PAD2\\kantin_dtedi\\vendor\\laravel\\framework\\src\\Illuminate\\Pipeline\\Pipeline.php(119): Illuminate\\Pipeline\\Pipeline->Illuminate\\Pipeline\\{closure}(Object(Illuminate\\Http\\Request))
#34 D:\\File Khan\\Koolyeah\\Sem 4\\PAD2\\kantin_dtedi\\vendor\\laravel\\framework\\src\\Illuminate\\Routing\\Router.php(807): Illuminate\\Pipeline\\Pipeline->then(Object(Closure))
#35 D:\\File Khan\\Koolyeah\\Sem 4\\PAD2\\kantin_dtedi\\vendor\\laravel\\framework\\src\\Illuminate\\Routing\\Router.php(784): Illuminate\\Routing\\Router->runRouteWithinStack(Object(Illuminate\\Routing\\Route), Object(Illuminate\\Http\\Request))
#36 D:\\File Khan\\Koolyeah\\Sem 4\\PAD2\\kantin_dtedi\\vendor\\laravel\\framework\\src\\Illuminate\\Routing\\Router.php(748): Illuminate\\Routing\\Router->runRoute(Object(Illuminate\\Http\\Request), Object(Illuminate\\Routing\\Route))
#37 D:\\File Khan\\Koolyeah\\Sem 4\\PAD2\\kantin_dtedi\\vendor\\laravel\\framework\\src\\Illuminate\\Routing\\Router.php(737): Illuminate\\Routing\\Router->dispatchToRoute(Object(Illuminate\\Http\\Request))
#38 D:\\File Khan\\Koolyeah\\Sem 4\\PAD2\\kantin_dtedi\\vendor\\laravel\\framework\\src\\Illuminate\\Foundation\\Http\\Kernel.php(200): Illuminate\\Routing\\Router->dispatch(Object(Illuminate\\Http\\Request))
#39 D:\\File Khan\\Koolyeah\\Sem 4\\PAD2\\kantin_dtedi\\vendor\\laravel\\framework\\src\\Illuminate\\Pipeline\\Pipeline.php(144): Illuminate\\Foundation\\Http\\Kernel->Illuminate\\Foundation\\Http\\{closure}(Object(Illuminate\\Http\\Request))
#40 D:\\File Khan\\Koolyeah\\Sem 4\\PAD2\\kantin_dtedi\\vendor\\laravel\\framework\\src\\Illuminate\\Foundation\\Http\\Middleware\\TransformsRequest.php(21): Illuminate\\Pipeline\\Pipeline->Illuminate\\Pipeline\\{closure}(Object(Illuminate\\Http\\Request))
#41 D:\\File Khan\\Koolyeah\\Sem 4\\PAD2\\kantin_dtedi\\vendor\\laravel\\framework\\src\\Illuminate\\Foundation\\Http\\Middleware\\ConvertEmptyStringsToNull.php(31): Illuminate\\Foundation\\Http\\Middleware\\TransformsRequest->handle(Object(Illuminate\\Http\\Request), Object(Closure))
#42 D:\\File Khan\\Koolyeah\\Sem 4\\PAD2\\kantin_dtedi\\vendor\\laravel\\framework\\src\\Illuminate\\Pipeline\\Pipeline.php(183): Illuminate\\Foundation\\Http\\Middleware\\ConvertEmptyStringsToNull->handle(Object(Illuminate\\Http\\Request), Object(Closure))
#43 D:\\File Khan\\Koolyeah\\Sem 4\\PAD2\\kantin_dtedi\\vendor\\laravel\\framework\\src\\Illuminate\\Foundation\\Http\\Middleware\\TransformsRequest.php(21): Illuminate\\Pipeline\\Pipeline->Illuminate\\Pipeline\\{closure}(Object(Illuminate\\Http\\Request))
#44 D:\\File Khan\\Koolyeah\\Sem 4\\PAD2\\kantin_dtedi\\vendor\\laravel\\framework\\src\\Illuminate\\Foundation\\Http\\Middleware\\TrimStrings.php(40): Illuminate\\Foundation\\Http\\Middleware\\TransformsRequest->handle(Object(Illuminate\\Http\\Request), Object(Closure))
#45 D:\\File Khan\\Koolyeah\\Sem 4\\PAD2\\kantin_dtedi\\vendor\\laravel\\framework\\src\\Illuminate\\Pipeline\\Pipeline.php(183): Illuminate\\Foundation\\Http\\Middleware\\TrimStrings->handle(Object(Illuminate\\Http\\Request), Object(Closure))
#46 D:\\File Khan\\Koolyeah\\Sem 4\\PAD2\\kantin_dtedi\\vendor\\laravel\\framework\\src\\Illuminate\\Foundation\\Http\\Middleware\\ValidatePostSize.php(27): Illuminate\\Pipeline\\Pipeline->Illuminate\\Pipeline\\{closure}(Object(Illuminate\\Http\\Request))
#47 D:\\File Khan\\Koolyeah\\Sem 4\\PAD2\\kantin_dtedi\\vendor\\laravel\\framework\\src\\Illuminate\\Pipeline\\Pipeline.php(183): Illuminate\\Foundation\\Http\\Middleware\\ValidatePostSize->handle(Object(Illuminate\\Http\\Request), Object(Closure))
#48 D:\\File Khan\\Koolyeah\\Sem 4\\PAD2\\kantin_dtedi\\vendor\\laravel\\framework\\src\\Illuminate\\Foundation\\Http\\Middleware\\PreventRequestsDuringMaintenance.php(99): Illuminate\\Pipeline\\Pipeline->Illuminate\\Pipeline\\{closure}(Object(Illuminate\\Http\\Request))
#49 D:\\File Khan\\Koolyeah\\Sem 4\\PAD2\\kantin_dtedi\\vendor\\laravel\\framework\\src\\Illuminate\\Pipeline\\Pipeline.php(183): Illuminate\\Foundation\\Http\\Middleware\\PreventRequestsDuringMaintenance->handle(Object(Illuminate\\Http\\Request), Object(Closure))
#50 D:\\File Khan\\Koolyeah\\Sem 4\\PAD2\\kantin_dtedi\\vendor\\laravel\\framework\\src\\Illuminate\\Http\\Middleware\\HandleCors.php(62): Illuminate\\Pipeline\\Pipeline->Illuminate\\Pipeline\\{closure}(Object(Illuminate\\Http\\Request))
#51 D:\\File Khan\\Koolyeah\\Sem 4\\PAD2\\kantin_dtedi\\vendor\\laravel\\framework\\src\\Illuminate\\Pipeline\\Pipeline.php(183): Illuminate\\Http\\Middleware\\HandleCors->handle(Object(Illuminate\\Http\\Request), Object(Closure))
#52 D:\\File Khan\\Koolyeah\\Sem 4\\PAD2\\kantin_dtedi\\vendor\\laravel\\framework\\src\\Illuminate\\Http\\Middleware\\TrustProxies.php(39): Illuminate\\Pipeline\\Pipeline->Illuminate\\Pipeline\\{closure}(Object(Illuminate\\Http\\Request))
#53 D:\\File Khan\\Koolyeah\\Sem 4\\PAD2\\kantin_dtedi\\vendor\\laravel\\framework\\src\\Illuminate\\Pipeline\\Pipeline.php(183): Illuminate\\Http\\Middleware\\TrustProxies->handle(Object(Illuminate\\Http\\Request), Object(Closure))
#54 D:\\File Khan\\Koolyeah\\Sem 4\\PAD2\\kantin_dtedi\\vendor\\laravel\\framework\\src\\Illuminate\\Pipeline\\Pipeline.php(119): Illuminate\\Pipeline\\Pipeline->Illuminate\\Pipeline\\{closure}(Object(Illuminate\\Http\\Request))
#55 D:\\File Khan\\Koolyeah\\Sem 4\\PAD2\\kantin_dtedi\\vendor\\laravel\\framework\\src\\Illuminate\\Foundation\\Http\\Kernel.php(175): Illuminate\\Pipeline\\Pipeline->then(Object(Closure))
#56 D:\\File Khan\\Koolyeah\\Sem 4\\PAD2\\kantin_dtedi\\vendor\\laravel\\framework\\src\\Illuminate\\Foundation\\Http\\Kernel.php(144): Illuminate\\Foundation\\Http\\Kernel->sendRequestThroughRouter(Object(Illuminate\\Http\\Request))
#57 D:\\File Khan\\Koolyeah\\Sem 4\\PAD2\\kantin_dtedi\\public\\index.php(52): Illuminate\\Foundation\\Http\\Kernel->handle(Object(Illuminate\\Http\\Request))
#58 D:\\File Khan\\Koolyeah\\Sem 4\\PAD2\\kantin_dtedi\\vendor\\laravel\\framework\\src\\Illuminate\\Foundation\\resources\\server.php(16): require_once('D:\\\\File Khan\\\\Ko...')
#59 {main}
"} 
[2025-02-26 18:12:46] local.ERROR: SQLSTATE[42S22]: Column not found: 1054 Unknown column 'username' in 'where clause' (Connection: mysql, SQL: select * from `users` where `username` = cashier1 limit 1) {"exception":"[object] (Illuminate\\Database\\QueryException(code: 42S22): SQLSTATE[42S22]: Column not found: 1054 Unknown column 'username' in 'where clause' (Connection: mysql, SQL: select * from `users` where `username` = cashier1 limit 1) at D:\\File Khan\\Koolyeah\\Sem 4\\PAD2\\kantin_dtedi\\vendor\\laravel\\framework\\src\\Illuminate\\Database\\Connection.php:829)
[stacktrace]
#0 D:\\File Khan\\Koolyeah\\Sem 4\\PAD2\\kantin_dtedi\\vendor\\laravel\\framework\\src\\Illuminate\\Database\\Connection.php(783): Illuminate\\Database\\Connection->runQueryCallback('select * from `...', Array, Object(Closure))
#1 D:\\File Khan\\Koolyeah\\Sem 4\\PAD2\\kantin_dtedi\\vendor\\laravel\\framework\\src\\Illuminate\\Database\\Connection.php(431): Illuminate\\Database\\Connection->run('select * from `...', Array, Object(Closure))
#2 D:\\File Khan\\Koolyeah\\Sem 4\\PAD2\\kantin_dtedi\\vendor\\laravel\\framework\\src\\Illuminate\\Database\\Query\\Builder.php(2914): Illuminate\\Database\\Connection->select('select * from `...', Array, true)
#3 D:\\File Khan\\Koolyeah\\Sem 4\\PAD2\\kantin_dtedi\\vendor\\laravel\\framework\\src\\Illuminate\\Database\\Query\\Builder.php(2902): Illuminate\\Database\\Query\\Builder->runSelect()
#4 D:\\File Khan\\Koolyeah\\Sem 4\\PAD2\\kantin_dtedi\\vendor\\laravel\\framework\\src\\Illuminate\\Database\\Query\\Builder.php(3456): Illuminate\\Database\\Query\\Builder->Illuminate\\Database\\Query\\{closure}()
#5 D:\\File Khan\\Koolyeah\\Sem 4\\PAD2\\kantin_dtedi\\vendor\\laravel\\framework\\src\\Illuminate\\Database\\Query\\Builder.php(2903): Illuminate\\Database\\Query\\Builder->onceWithColumns(Array, Object(Closure))
#6 D:\\File Khan\\Koolyeah\\Sem 4\\PAD2\\kantin_dtedi\\vendor\\laravel\\framework\\src\\Illuminate\\Database\\Eloquent\\Builder.php(739): Illuminate\\Database\\Query\\Builder->get(Array)
#7 D:\\File Khan\\Koolyeah\\Sem 4\\PAD2\\kantin_dtedi\\vendor\\laravel\\framework\\src\\Illuminate\\Database\\Eloquent\\Builder.php(723): Illuminate\\Database\\Eloquent\\Builder->getModels(Array)
#8 D:\\File Khan\\Koolyeah\\Sem 4\\PAD2\\kantin_dtedi\\vendor\\laravel\\framework\\src\\Illuminate\\Database\\Concerns\\BuildsQueries.php(333): Illuminate\\Database\\Eloquent\\Builder->get(Array)
#9 D:\\File Khan\\Koolyeah\\Sem 4\\PAD2\\kantin_dtedi\\vendor\\laravel\\framework\\src\\Illuminate\\Auth\\EloquentUserProvider.php(139): Illuminate\\Database\\Eloquent\\Builder->first()
#10 D:\\File Khan\\Koolyeah\\Sem 4\\PAD2\\kantin_dtedi\\vendor\\laravel\\framework\\src\\Illuminate\\Auth\\SessionGuard.php(381): Illuminate\\Auth\\EloquentUserProvider->retrieveByCredentials(Array)
#11 D:\\File Khan\\Koolyeah\\Sem 4\\PAD2\\kantin_dtedi\\vendor\\laravel\\framework\\src\\Illuminate\\Auth\\AuthManager.php(340): Illuminate\\Auth\\SessionGuard->attempt(Array)
#12 D:\\File Khan\\Koolyeah\\Sem 4\\PAD2\\kantin_dtedi\\vendor\\laravel\\framework\\src\\Illuminate\\Support\\Facades\\Facade.php(355): Illuminate\\Auth\\AuthManager->__call('attempt', Array)
#13 D:\\File Khan\\Koolyeah\\Sem 4\\PAD2\\kantin_dtedi\\app\\Http\\Controllers\\AuthController.php(86): Illuminate\\Support\\Facades\\Facade::__callStatic('attempt', Array)
#14 D:\\File Khan\\Koolyeah\\Sem 4\\PAD2\\kantin_dtedi\\vendor\\laravel\\framework\\src\\Illuminate\\Routing\\Controller.php(54): App\\Http\\Controllers\\AuthController->login(Object(Illuminate\\Http\\Request))
#15 D:\\File Khan\\Koolyeah\\Sem 4\\PAD2\\kantin_dtedi\\vendor\\laravel\\framework\\src\\Illuminate\\Routing\\ControllerDispatcher.php(43): Illuminate\\Routing\\Controller->callAction('login', Array)
#16 D:\\File Khan\\Koolyeah\\Sem 4\\PAD2\\kantin_dtedi\\vendor\\laravel\\framework\\src\\Illuminate\\Routing\\Route.php(260): Illuminate\\Routing\\ControllerDispatcher->dispatch(Object(Illuminate\\Routing\\Route), Object(App\\Http\\Controllers\\AuthController), 'login')
#17 D:\\File Khan\\Koolyeah\\Sem 4\\PAD2\\kantin_dtedi\\vendor\\laravel\\framework\\src\\Illuminate\\Routing\\Route.php(205): Illuminate\\Routing\\Route->runController()
#18 D:\\File Khan\\Koolyeah\\Sem 4\\PAD2\\kantin_dtedi\\vendor\\laravel\\framework\\src\\Illuminate\\Routing\\Router.php(806): Illuminate\\Routing\\Route->run()
#19 D:\\File Khan\\Koolyeah\\Sem 4\\PAD2\\kantin_dtedi\\vendor\\laravel\\framework\\src\\Illuminate\\Pipeline\\Pipeline.php(144): Illuminate\\Routing\\Router->Illuminate\\Routing\\{closure}(Object(Illuminate\\Http\\Request))
#20 D:\\File Khan\\Koolyeah\\Sem 4\\PAD2\\kantin_dtedi\\vendor\\laravel\\framework\\src\\Illuminate\\Routing\\Middleware\\SubstituteBindings.php(50): Illuminate\\Pipeline\\Pipeline->Illuminate\\Pipeline\\{closure}(Object(Illuminate\\Http\\Request))
#21 D:\\File Khan\\Koolyeah\\Sem 4\\PAD2\\kantin_dtedi\\vendor\\laravel\\framework\\src\\Illuminate\\Pipeline\\Pipeline.php(183): Illuminate\\Routing\\Middleware\\SubstituteBindings->handle(Object(Illuminate\\Http\\Request), Object(Closure))
#22 D:\\File Khan\\Koolyeah\\Sem 4\\PAD2\\kantin_dtedi\\vendor\\laravel\\framework\\src\\Illuminate\\Routing\\Middleware\\ThrottleRequests.php(159): Illuminate\\Pipeline\\Pipeline->Illuminate\\Pipeline\\{closure}(Object(Illuminate\\Http\\Request))
#23 D:\\File Khan\\Koolyeah\\Sem 4\\PAD2\\kantin_dtedi\\vendor\\laravel\\framework\\src\\Illuminate\\Routing\\Middleware\\ThrottleRequests.php(135): Illuminate\\Routing\\Middleware\\ThrottleRequests->handleRequest(Object(Illuminate\\Http\\Request), Object(Closure), Array)
#24 D:\\File Khan\\Koolyeah\\Sem 4\\PAD2\\kantin_dtedi\\vendor\\laravel\\framework\\src\\Illuminate\\Routing\\Middleware\\ThrottleRequests.php(87): Illuminate\\Routing\\Middleware\\ThrottleRequests->handleRequestUsingNamedLimiter(Object(Illuminate\\Http\\Request), Object(Closure), 'api', Object(Closure))
#25 D:\\File Khan\\Koolyeah\\Sem 4\\PAD2\\kantin_dtedi\\vendor\\laravel\\framework\\src\\Illuminate\\Pipeline\\Pipeline.php(183): Illuminate\\Routing\\Middleware\\ThrottleRequests->handle(Object(Illuminate\\Http\\Request), Object(Closure), 'api')
#26 D:\\File Khan\\Koolyeah\\Sem 4\\PAD2\\kantin_dtedi\\vendor\\laravel\\sanctum\\src\\Http\\Middleware\\EnsureFrontendRequestsAreStateful.php(25): Illuminate\\Pipeline\\Pipeline->Illuminate\\Pipeline\\{closure}(Object(Illuminate\\Http\\Request))
#27 D:\\File Khan\\Koolyeah\\Sem 4\\PAD2\\kantin_dtedi\\vendor\\laravel\\framework\\src\\Illuminate\\Pipeline\\Pipeline.php(144): Laravel\\Sanctum\\Http\\Middleware\\EnsureFrontendRequestsAreStateful->Laravel\\Sanctum\\Http\\Middleware\\{closure}(Object(Illuminate\\Http\\Request))
#28 D:\\File Khan\\Koolyeah\\Sem 4\\PAD2\\kantin_dtedi\\vendor\\laravel\\framework\\src\\Illuminate\\Pipeline\\Pipeline.php(119): Illuminate\\Pipeline\\Pipeline->Illuminate\\Pipeline\\{closure}(Object(Illuminate\\Http\\Request))
#29 D:\\File Khan\\Koolyeah\\Sem 4\\PAD2\\kantin_dtedi\\vendor\\laravel\\sanctum\\src\\Http\\Middleware\\EnsureFrontendRequestsAreStateful.php(26): Illuminate\\Pipeline\\Pipeline->then(Object(Closure))
#30 D:\\File Khan\\Koolyeah\\Sem 4\\PAD2\\kantin_dtedi\\vendor\\laravel\\framework\\src\\Illuminate\\Pipeline\\Pipeline.php(183): Laravel\\Sanctum\\Http\\Middleware\\EnsureFrontendRequestsAreStateful->handle(Object(Illuminate\\Http\\Request), Object(Closure))
#31 D:\\File Khan\\Koolyeah\\Sem 4\\PAD2\\kantin_dtedi\\vendor\\laravel\\framework\\src\\Illuminate\\Pipeline\\Pipeline.php(119): Illuminate\\Pipeline\\Pipeline->Illuminate\\Pipeline\\{closure}(Object(Illuminate\\Http\\Request))
#32 D:\\File Khan\\Koolyeah\\Sem 4\\PAD2\\kantin_dtedi\\vendor\\laravel\\framework\\src\\Illuminate\\Routing\\Router.php(807): Illuminate\\Pipeline\\Pipeline->then(Object(Closure))
#33 D:\\File Khan\\Koolyeah\\Sem 4\\PAD2\\kantin_dtedi\\vendor\\laravel\\framework\\src\\Illuminate\\Routing\\Router.php(784): Illuminate\\Routing\\Router->runRouteWithinStack(Object(Illuminate\\Routing\\Route), Object(Illuminate\\Http\\Request))
#34 D:\\File Khan\\Koolyeah\\Sem 4\\PAD2\\kantin_dtedi\\vendor\\laravel\\framework\\src\\Illuminate\\Routing\\Router.php(748): Illuminate\\Routing\\Router->runRoute(Object(Illuminate\\Http\\Request), Object(Illuminate\\Routing\\Route))
#35 D:\\File Khan\\Koolyeah\\Sem 4\\PAD2\\kantin_dtedi\\vendor\\laravel\\framework\\src\\Illuminate\\Routing\\Router.php(737): Illuminate\\Routing\\Router->dispatchToRoute(Object(Illuminate\\Http\\Request))
#36 D:\\File Khan\\Koolyeah\\Sem 4\\PAD2\\kantin_dtedi\\vendor\\laravel\\framework\\src\\Illuminate\\Foundation\\Http\\Kernel.php(200): Illuminate\\Routing\\Router->dispatch(Object(Illuminate\\Http\\Request))
#37 D:\\File Khan\\Koolyeah\\Sem 4\\PAD2\\kantin_dtedi\\vendor\\laravel\\framework\\src\\Illuminate\\Pipeline\\Pipeline.php(144): Illuminate\\Foundation\\Http\\Kernel->Illuminate\\Foundation\\Http\\{closure}(Object(Illuminate\\Http\\Request))
#38 D:\\File Khan\\Koolyeah\\Sem 4\\PAD2\\kantin_dtedi\\vendor\\laravel\\framework\\src\\Illuminate\\Foundation\\Http\\Middleware\\TransformsRequest.php(21): Illuminate\\Pipeline\\Pipeline->Illuminate\\Pipeline\\{closure}(Object(Illuminate\\Http\\Request))
#39 D:\\File Khan\\Koolyeah\\Sem 4\\PAD2\\kantin_dtedi\\vendor\\laravel\\framework\\src\\Illuminate\\Foundation\\Http\\Middleware\\ConvertEmptyStringsToNull.php(31): Illuminate\\Foundation\\Http\\Middleware\\TransformsRequest->handle(Object(Illuminate\\Http\\Request), Object(Closure))
#40 D:\\File Khan\\Koolyeah\\Sem 4\\PAD2\\kantin_dtedi\\vendor\\laravel\\framework\\src\\Illuminate\\Pipeline\\Pipeline.php(183): Illuminate\\Foundation\\Http\\Middleware\\ConvertEmptyStringsToNull->handle(Object(Illuminate\\Http\\Request), Object(Closure))
#41 D:\\File Khan\\Koolyeah\\Sem 4\\PAD2\\kantin_dtedi\\vendor\\laravel\\framework\\src\\Illuminate\\Foundation\\Http\\Middleware\\TransformsRequest.php(21): Illuminate\\Pipeline\\Pipeline->Illuminate\\Pipeline\\{closure}(Object(Illuminate\\Http\\Request))
#42 D:\\File Khan\\Koolyeah\\Sem 4\\PAD2\\kantin_dtedi\\vendor\\laravel\\framework\\src\\Illuminate\\Foundation\\Http\\Middleware\\TrimStrings.php(40): Illuminate\\Foundation\\Http\\Middleware\\TransformsRequest->handle(Object(Illuminate\\Http\\Request), Object(Closure))
#43 D:\\File Khan\\Koolyeah\\Sem 4\\PAD2\\kantin_dtedi\\vendor\\laravel\\framework\\src\\Illuminate\\Pipeline\\Pipeline.php(183): Illuminate\\Foundation\\Http\\Middleware\\TrimStrings->handle(Object(Illuminate\\Http\\Request), Object(Closure))
#44 D:\\File Khan\\Koolyeah\\Sem 4\\PAD2\\kantin_dtedi\\vendor\\laravel\\framework\\src\\Illuminate\\Foundation\\Http\\Middleware\\ValidatePostSize.php(27): Illuminate\\Pipeline\\Pipeline->Illuminate\\Pipeline\\{closure}(Object(Illuminate\\Http\\Request))
#45 D:\\File Khan\\Koolyeah\\Sem 4\\PAD2\\kantin_dtedi\\vendor\\laravel\\framework\\src\\Illuminate\\Pipeline\\Pipeline.php(183): Illuminate\\Foundation\\Http\\Middleware\\ValidatePostSize->handle(Object(Illuminate\\Http\\Request), Object(Closure))
#46 D:\\File Khan\\Koolyeah\\Sem 4\\PAD2\\kantin_dtedi\\vendor\\laravel\\framework\\src\\Illuminate\\Foundation\\Http\\Middleware\\PreventRequestsDuringMaintenance.php(99): Illuminate\\Pipeline\\Pipeline->Illuminate\\Pipeline\\{closure}(Object(Illuminate\\Http\\Request))
#47 D:\\File Khan\\Koolyeah\\Sem 4\\PAD2\\kantin_dtedi\\vendor\\laravel\\framework\\src\\Illuminate\\Pipeline\\Pipeline.php(183): Illuminate\\Foundation\\Http\\Middleware\\PreventRequestsDuringMaintenance->handle(Object(Illuminate\\Http\\Request), Object(Closure))
#48 D:\\File Khan\\Koolyeah\\Sem 4\\PAD2\\kantin_dtedi\\vendor\\laravel\\framework\\src\\Illuminate\\Http\\Middleware\\HandleCors.php(62): Illuminate\\Pipeline\\Pipeline->Illuminate\\Pipeline\\{closure}(Object(Illuminate\\Http\\Request))
#49 D:\\File Khan\\Koolyeah\\Sem 4\\PAD2\\kantin_dtedi\\vendor\\laravel\\framework\\src\\Illuminate\\Pipeline\\Pipeline.php(183): Illuminate\\Http\\Middleware\\HandleCors->handle(Object(Illuminate\\Http\\Request), Object(Closure))
#50 D:\\File Khan\\Koolyeah\\Sem 4\\PAD2\\kantin_dtedi\\vendor\\laravel\\framework\\src\\Illuminate\\Http\\Middleware\\TrustProxies.php(39): Illuminate\\Pipeline\\Pipeline->Illuminate\\Pipeline\\{closure}(Object(Illuminate\\Http\\Request))
#51 D:\\File Khan\\Koolyeah\\Sem 4\\PAD2\\kantin_dtedi\\vendor\\laravel\\framework\\src\\Illuminate\\Pipeline\\Pipeline.php(183): Illuminate\\Http\\Middleware\\TrustProxies->handle(Object(Illuminate\\Http\\Request), Object(Closure))
#52 D:\\File Khan\\Koolyeah\\Sem 4\\PAD2\\kantin_dtedi\\vendor\\laravel\\framework\\src\\Illuminate\\Pipeline\\Pipeline.php(119): Illuminate\\Pipeline\\Pipeline->Illuminate\\Pipeline\\{closure}(Object(Illuminate\\Http\\Request))
#53 D:\\File Khan\\Koolyeah\\Sem 4\\PAD2\\kantin_dtedi\\vendor\\laravel\\framework\\src\\Illuminate\\Foundation\\Http\\Kernel.php(175): Illuminate\\Pipeline\\Pipeline->then(Object(Closure))
#54 D:\\File Khan\\Koolyeah\\Sem 4\\PAD2\\kantin_dtedi\\vendor\\laravel\\framework\\src\\Illuminate\\Foundation\\Http\\Kernel.php(144): Illuminate\\Foundation\\Http\\Kernel->sendRequestThroughRouter(Object(Illuminate\\Http\\Request))
#55 D:\\File Khan\\Koolyeah\\Sem 4\\PAD2\\kantin_dtedi\\public\\index.php(52): Illuminate\\Foundation\\Http\\Kernel->handle(Object(Illuminate\\Http\\Request))
#56 D:\\File Khan\\Koolyeah\\Sem 4\\PAD2\\kantin_dtedi\\vendor\\laravel\\framework\\src\\Illuminate\\Foundation\\resources\\server.php(16): require_once('D:\\\\File Khan\\\\Ko...')
#57 {main}

[previous exception] [object] (PDOException(code: 42S22): SQLSTATE[42S22]: Column not found: 1054 Unknown column 'username' in 'where clause' at D:\\File Khan\\Koolyeah\\Sem 4\\PAD2\\kantin_dtedi\\vendor\\laravel\\framework\\src\\Illuminate\\Database\\Connection.php:423)
[stacktrace]
#0 D:\\File Khan\\Koolyeah\\Sem 4\\PAD2\\kantin_dtedi\\vendor\\laravel\\framework\\src\\Illuminate\\Database\\Connection.php(423): PDO->prepare('select * from `...')
#1 D:\\File Khan\\Koolyeah\\Sem 4\\PAD2\\kantin_dtedi\\vendor\\laravel\\framework\\src\\Illuminate\\Database\\Connection.php(816): Illuminate\\Database\\Connection->Illuminate\\Database\\{closure}('select * from `...', Array)
#2 D:\\File Khan\\Koolyeah\\Sem 4\\PAD2\\kantin_dtedi\\vendor\\laravel\\framework\\src\\Illuminate\\Database\\Connection.php(783): Illuminate\\Database\\Connection->runQueryCallback('select * from `...', Array, Object(Closure))
#3 D:\\File Khan\\Koolyeah\\Sem 4\\PAD2\\kantin_dtedi\\vendor\\laravel\\framework\\src\\Illuminate\\Database\\Connection.php(431): Illuminate\\Database\\Connection->run('select * from `...', Array, Object(Closure))
#4 D:\\File Khan\\Koolyeah\\Sem 4\\PAD2\\kantin_dtedi\\vendor\\laravel\\framework\\src\\Illuminate\\Database\\Query\\Builder.php(2914): Illuminate\\Database\\Connection->select('select * from `...', Array, true)
#5 D:\\File Khan\\Koolyeah\\Sem 4\\PAD2\\kantin_dtedi\\vendor\\laravel\\framework\\src\\Illuminate\\Database\\Query\\Builder.php(2902): Illuminate\\Database\\Query\\Builder->runSelect()
#6 D:\\File Khan\\Koolyeah\\Sem 4\\PAD2\\kantin_dtedi\\vendor\\laravel\\framework\\src\\Illuminate\\Database\\Query\\Builder.php(3456): Illuminate\\Database\\Query\\Builder->Illuminate\\Database\\Query\\{closure}()
#7 D:\\File Khan\\Koolyeah\\Sem 4\\PAD2\\kantin_dtedi\\vendor\\laravel\\framework\\src\\Illuminate\\Database\\Query\\Builder.php(2903): Illuminate\\Database\\Query\\Builder->onceWithColumns(Array, Object(Closure))
#8 D:\\File Khan\\Koolyeah\\Sem 4\\PAD2\\kantin_dtedi\\vendor\\laravel\\framework\\src\\Illuminate\\Database\\Eloquent\\Builder.php(739): Illuminate\\Database\\Query\\Builder->get(Array)
#9 D:\\File Khan\\Koolyeah\\Sem 4\\PAD2\\kantin_dtedi\\vendor\\laravel\\framework\\src\\Illuminate\\Database\\Eloquent\\Builder.php(723): Illuminate\\Database\\Eloquent\\Builder->getModels(Array)
#10 D:\\File Khan\\Koolyeah\\Sem 4\\PAD2\\kantin_dtedi\\vendor\\laravel\\framework\\src\\Illuminate\\Database\\Concerns\\BuildsQueries.php(333): Illuminate\\Database\\Eloquent\\Builder->get(Array)
#11 D:\\File Khan\\Koolyeah\\Sem 4\\PAD2\\kantin_dtedi\\vendor\\laravel\\framework\\src\\Illuminate\\Auth\\EloquentUserProvider.php(139): Illuminate\\Database\\Eloquent\\Builder->first()
#12 D:\\File Khan\\Koolyeah\\Sem 4\\PAD2\\kantin_dtedi\\vendor\\laravel\\framework\\src\\Illuminate\\Auth\\SessionGuard.php(381): Illuminate\\Auth\\EloquentUserProvider->retrieveByCredentials(Array)
#13 D:\\File Khan\\Koolyeah\\Sem 4\\PAD2\\kantin_dtedi\\vendor\\laravel\\framework\\src\\Illuminate\\Auth\\AuthManager.php(340): Illuminate\\Auth\\SessionGuard->attempt(Array)
#14 D:\\File Khan\\Koolyeah\\Sem 4\\PAD2\\kantin_dtedi\\vendor\\laravel\\framework\\src\\Illuminate\\Support\\Facades\\Facade.php(355): Illuminate\\Auth\\AuthManager->__call('attempt', Array)
#15 D:\\File Khan\\Koolyeah\\Sem 4\\PAD2\\kantin_dtedi\\app\\Http\\Controllers\\AuthController.php(86): Illuminate\\Support\\Facades\\Facade::__callStatic('attempt', Array)
#16 D:\\File Khan\\Koolyeah\\Sem 4\\PAD2\\kantin_dtedi\\vendor\\laravel\\framework\\src\\Illuminate\\Routing\\Controller.php(54): App\\Http\\Controllers\\AuthController->login(Object(Illuminate\\Http\\Request))
#17 D:\\File Khan\\Koolyeah\\Sem 4\\PAD2\\kantin_dtedi\\vendor\\laravel\\framework\\src\\Illuminate\\Routing\\ControllerDispatcher.php(43): Illuminate\\Routing\\Controller->callAction('login', Array)
#18 D:\\File Khan\\Koolyeah\\Sem 4\\PAD2\\kantin_dtedi\\vendor\\laravel\\framework\\src\\Illuminate\\Routing\\Route.php(260): Illuminate\\Routing\\ControllerDispatcher->dispatch(Object(Illuminate\\Routing\\Route), Object(App\\Http\\Controllers\\AuthController), 'login')
#19 D:\\File Khan\\Koolyeah\\Sem 4\\PAD2\\kantin_dtedi\\vendor\\laravel\\framework\\src\\Illuminate\\Routing\\Route.php(205): Illuminate\\Routing\\Route->runController()
#20 D:\\File Khan\\Koolyeah\\Sem 4\\PAD2\\kantin_dtedi\\vendor\\laravel\\framework\\src\\Illuminate\\Routing\\Router.php(806): Illuminate\\Routing\\Route->run()
#21 D:\\File Khan\\Koolyeah\\Sem 4\\PAD2\\kantin_dtedi\\vendor\\laravel\\framework\\src\\Illuminate\\Pipeline\\Pipeline.php(144): Illuminate\\Routing\\Router->Illuminate\\Routing\\{closure}(Object(Illuminate\\Http\\Request))
#22 D:\\File Khan\\Koolyeah\\Sem 4\\PAD2\\kantin_dtedi\\vendor\\laravel\\framework\\src\\Illuminate\\Routing\\Middleware\\SubstituteBindings.php(50): Illuminate\\Pipeline\\Pipeline->Illuminate\\Pipeline\\{closure}(Object(Illuminate\\Http\\Request))
#23 D:\\File Khan\\Koolyeah\\Sem 4\\PAD2\\kantin_dtedi\\vendor\\laravel\\framework\\src\\Illuminate\\Pipeline\\Pipeline.php(183): Illuminate\\Routing\\Middleware\\SubstituteBindings->handle(Object(Illuminate\\Http\\Request), Object(Closure))
#24 D:\\File Khan\\Koolyeah\\Sem 4\\PAD2\\kantin_dtedi\\vendor\\laravel\\framework\\src\\Illuminate\\Routing\\Middleware\\ThrottleRequests.php(159): Illuminate\\Pipeline\\Pipeline->Illuminate\\Pipeline\\{closure}(Object(Illuminate\\Http\\Request))
#25 D:\\File Khan\\Koolyeah\\Sem 4\\PAD2\\kantin_dtedi\\vendor\\laravel\\framework\\src\\Illuminate\\Routing\\Middleware\\ThrottleRequests.php(135): Illuminate\\Routing\\Middleware\\ThrottleRequests->handleRequest(Object(Illuminate\\Http\\Request), Object(Closure), Array)
#26 D:\\File Khan\\Koolyeah\\Sem 4\\PAD2\\kantin_dtedi\\vendor\\laravel\\framework\\src\\Illuminate\\Routing\\Middleware\\ThrottleRequests.php(87): Illuminate\\Routing\\Middleware\\ThrottleRequests->handleRequestUsingNamedLimiter(Object(Illuminate\\Http\\Request), Object(Closure), 'api', Object(Closure))
#27 D:\\File Khan\\Koolyeah\\Sem 4\\PAD2\\kantin_dtedi\\vendor\\laravel\\framework\\src\\Illuminate\\Pipeline\\Pipeline.php(183): Illuminate\\Routing\\Middleware\\ThrottleRequests->handle(Object(Illuminate\\Http\\Request), Object(Closure), 'api')
#28 D:\\File Khan\\Koolyeah\\Sem 4\\PAD2\\kantin_dtedi\\vendor\\laravel\\sanctum\\src\\Http\\Middleware\\EnsureFrontendRequestsAreStateful.php(25): Illuminate\\Pipeline\\Pipeline->Illuminate\\Pipeline\\{closure}(Object(Illuminate\\Http\\Request))
#29 D:\\File Khan\\Koolyeah\\Sem 4\\PAD2\\kantin_dtedi\\vendor\\laravel\\framework\\src\\Illuminate\\Pipeline\\Pipeline.php(144): Laravel\\Sanctum\\Http\\Middleware\\EnsureFrontendRequestsAreStateful->Laravel\\Sanctum\\Http\\Middleware\\{closure}(Object(Illuminate\\Http\\Request))
#30 D:\\File Khan\\Koolyeah\\Sem 4\\PAD2\\kantin_dtedi\\vendor\\laravel\\framework\\src\\Illuminate\\Pipeline\\Pipeline.php(119): Illuminate\\Pipeline\\Pipeline->Illuminate\\Pipeline\\{closure}(Object(Illuminate\\Http\\Request))
#31 D:\\File Khan\\Koolyeah\\Sem 4\\PAD2\\kantin_dtedi\\vendor\\laravel\\sanctum\\src\\Http\\Middleware\\EnsureFrontendRequestsAreStateful.php(26): Illuminate\\Pipeline\\Pipeline->then(Object(Closure))
#32 D:\\File Khan\\Koolyeah\\Sem 4\\PAD2\\kantin_dtedi\\vendor\\laravel\\framework\\src\\Illuminate\\Pipeline\\Pipeline.php(183): Laravel\\Sanctum\\Http\\Middleware\\EnsureFrontendRequestsAreStateful->handle(Object(Illuminate\\Http\\Request), Object(Closure))
#33 D:\\File Khan\\Koolyeah\\Sem 4\\PAD2\\kantin_dtedi\\vendor\\laravel\\framework\\src\\Illuminate\\Pipeline\\Pipeline.php(119): Illuminate\\Pipeline\\Pipeline->Illuminate\\Pipeline\\{closure}(Object(Illuminate\\Http\\Request))
#34 D:\\File Khan\\Koolyeah\\Sem 4\\PAD2\\kantin_dtedi\\vendor\\laravel\\framework\\src\\Illuminate\\Routing\\Router.php(807): Illuminate\\Pipeline\\Pipeline->then(Object(Closure))
#35 D:\\File Khan\\Koolyeah\\Sem 4\\PAD2\\kantin_dtedi\\vendor\\laravel\\framework\\src\\Illuminate\\Routing\\Router.php(784): Illuminate\\Routing\\Router->runRouteWithinStack(Object(Illuminate\\Routing\\Route), Object(Illuminate\\Http\\Request))
#36 D:\\File Khan\\Koolyeah\\Sem 4\\PAD2\\kantin_dtedi\\vendor\\laravel\\framework\\src\\Illuminate\\Routing\\Router.php(748): Illuminate\\Routing\\Router->runRoute(Object(Illuminate\\Http\\Request), Object(Illuminate\\Routing\\Route))
#37 D:\\File Khan\\Koolyeah\\Sem 4\\PAD2\\kantin_dtedi\\vendor\\laravel\\framework\\src\\Illuminate\\Routing\\Router.php(737): Illuminate\\Routing\\Router->dispatchToRoute(Object(Illuminate\\Http\\Request))
#38 D:\\File Khan\\Koolyeah\\Sem 4\\PAD2\\kantin_dtedi\\vendor\\laravel\\framework\\src\\Illuminate\\Foundation\\Http\\Kernel.php(200): Illuminate\\Routing\\Router->dispatch(Object(Illuminate\\Http\\Request))
#39 D:\\File Khan\\Koolyeah\\Sem 4\\PAD2\\kantin_dtedi\\vendor\\laravel\\framework\\src\\Illuminate\\Pipeline\\Pipeline.php(144): Illuminate\\Foundation\\Http\\Kernel->Illuminate\\Foundation\\Http\\{closure}(Object(Illuminate\\Http\\Request))
#40 D:\\File Khan\\Koolyeah\\Sem 4\\PAD2\\kantin_dtedi\\vendor\\laravel\\framework\\src\\Illuminate\\Foundation\\Http\\Middleware\\TransformsRequest.php(21): Illuminate\\Pipeline\\Pipeline->Illuminate\\Pipeline\\{closure}(Object(Illuminate\\Http\\Request))
#41 D:\\File Khan\\Koolyeah\\Sem 4\\PAD2\\kantin_dtedi\\vendor\\laravel\\framework\\src\\Illuminate\\Foundation\\Http\\Middleware\\ConvertEmptyStringsToNull.php(31): Illuminate\\Foundation\\Http\\Middleware\\TransformsRequest->handle(Object(Illuminate\\Http\\Request), Object(Closure))
#42 D:\\File Khan\\Koolyeah\\Sem 4\\PAD2\\kantin_dtedi\\vendor\\laravel\\framework\\src\\Illuminate\\Pipeline\\Pipeline.php(183): Illuminate\\Foundation\\Http\\Middleware\\ConvertEmptyStringsToNull->handle(Object(Illuminate\\Http\\Request), Object(Closure))
#43 D:\\File Khan\\Koolyeah\\Sem 4\\PAD2\\kantin_dtedi\\vendor\\laravel\\framework\\src\\Illuminate\\Foundation\\Http\\Middleware\\TransformsRequest.php(21): Illuminate\\Pipeline\\Pipeline->Illuminate\\Pipeline\\{closure}(Object(Illuminate\\Http\\Request))
#44 D:\\File Khan\\Koolyeah\\Sem 4\\PAD2\\kantin_dtedi\\vendor\\laravel\\framework\\src\\Illuminate\\Foundation\\Http\\Middleware\\TrimStrings.php(40): Illuminate\\Foundation\\Http\\Middleware\\TransformsRequest->handle(Object(Illuminate\\Http\\Request), Object(Closure))
#45 D:\\File Khan\\Koolyeah\\Sem 4\\PAD2\\kantin_dtedi\\vendor\\laravel\\framework\\src\\Illuminate\\Pipeline\\Pipeline.php(183): Illuminate\\Foundation\\Http\\Middleware\\TrimStrings->handle(Object(Illuminate\\Http\\Request), Object(Closure))
#46 D:\\File Khan\\Koolyeah\\Sem 4\\PAD2\\kantin_dtedi\\vendor\\laravel\\framework\\src\\Illuminate\\Foundation\\Http\\Middleware\\ValidatePostSize.php(27): Illuminate\\Pipeline\\Pipeline->Illuminate\\Pipeline\\{closure}(Object(Illuminate\\Http\\Request))
#47 D:\\File Khan\\Koolyeah\\Sem 4\\PAD2\\kantin_dtedi\\vendor\\laravel\\framework\\src\\Illuminate\\Pipeline\\Pipeline.php(183): Illuminate\\Foundation\\Http\\Middleware\\ValidatePostSize->handle(Object(Illuminate\\Http\\Request), Object(Closure))
#48 D:\\File Khan\\Koolyeah\\Sem 4\\PAD2\\kantin_dtedi\\vendor\\laravel\\framework\\src\\Illuminate\\Foundation\\Http\\Middleware\\PreventRequestsDuringMaintenance.php(99): Illuminate\\Pipeline\\Pipeline->Illuminate\\Pipeline\\{closure}(Object(Illuminate\\Http\\Request))
#49 D:\\File Khan\\Koolyeah\\Sem 4\\PAD2\\kantin_dtedi\\vendor\\laravel\\framework\\src\\Illuminate\\Pipeline\\Pipeline.php(183): Illuminate\\Foundation\\Http\\Middleware\\PreventRequestsDuringMaintenance->handle(Object(Illuminate\\Http\\Request), Object(Closure))
#50 D:\\File Khan\\Koolyeah\\Sem 4\\PAD2\\kantin_dtedi\\vendor\\laravel\\framework\\src\\Illuminate\\Http\\Middleware\\HandleCors.php(62): Illuminate\\Pipeline\\Pipeline->Illuminate\\Pipeline\\{closure}(Object(Illuminate\\Http\\Request))
#51 D:\\File Khan\\Koolyeah\\Sem 4\\PAD2\\kantin_dtedi\\vendor\\laravel\\framework\\src\\Illuminate\\Pipeline\\Pipeline.php(183): Illuminate\\Http\\Middleware\\HandleCors->handle(Object(Illuminate\\Http\\Request), Object(Closure))
#52 D:\\File Khan\\Koolyeah\\Sem 4\\PAD2\\kantin_dtedi\\vendor\\laravel\\framework\\src\\Illuminate\\Http\\Middleware\\TrustProxies.php(39): Illuminate\\Pipeline\\Pipeline->Illuminate\\Pipeline\\{closure}(Object(Illuminate\\Http\\Request))
#53 D:\\File Khan\\Koolyeah\\Sem 4\\PAD2\\kantin_dtedi\\vendor\\laravel\\framework\\src\\Illuminate\\Pipeline\\Pipeline.php(183): Illuminate\\Http\\Middleware\\TrustProxies->handle(Object(Illuminate\\Http\\Request), Object(Closure))
#54 D:\\File Khan\\Koolyeah\\Sem 4\\PAD2\\kantin_dtedi\\vendor\\laravel\\framework\\src\\Illuminate\\Pipeline\\Pipeline.php(119): Illuminate\\Pipeline\\Pipeline->Illuminate\\Pipeline\\{closure}(Object(Illuminate\\Http\\Request))
#55 D:\\File Khan\\Koolyeah\\Sem 4\\PAD2\\kantin_dtedi\\vendor\\laravel\\framework\\src\\Illuminate\\Foundation\\Http\\Kernel.php(175): Illuminate\\Pipeline\\Pipeline->then(Object(Closure))
#56 D:\\File Khan\\Koolyeah\\Sem 4\\PAD2\\kantin_dtedi\\vendor\\laravel\\framework\\src\\Illuminate\\Foundation\\Http\\Kernel.php(144): Illuminate\\Foundation\\Http\\Kernel->sendRequestThroughRouter(Object(Illuminate\\Http\\Request))
#57 D:\\File Khan\\Koolyeah\\Sem 4\\PAD2\\kantin_dtedi\\public\\index.php(52): Illuminate\\Foundation\\Http\\Kernel->handle(Object(Illuminate\\Http\\Request))
#58 D:\\File Khan\\Koolyeah\\Sem 4\\PAD2\\kantin_dtedi\\vendor\\laravel\\framework\\src\\Illuminate\\Foundation\\resources\\server.php(16): require_once('D:\\\\File Khan\\\\Ko...')
#59 {main}
"} 
[2025-02-26 18:15:38] local.ERROR: Call to a member function currentAccessToken() on null {"exception":"[object] (Error(code: 0): Call to a member function currentAccessToken() on null at D:\\File Khan\\Koolyeah\\Sem 4\\PAD2\\kantin_dtedi\\app\\Http\\Controllers\\AuthController.php:105)
[stacktrace]
#0 D:\\File Khan\\Koolyeah\\Sem 4\\PAD2\\kantin_dtedi\\vendor\\laravel\\framework\\src\\Illuminate\\Routing\\Controller.php(54): App\\Http\\Controllers\\AuthController->logout(Object(Illuminate\\Http\\Request))
#1 D:\\File Khan\\Koolyeah\\Sem 4\\PAD2\\kantin_dtedi\\vendor\\laravel\\framework\\src\\Illuminate\\Routing\\ControllerDispatcher.php(43): Illuminate\\Routing\\Controller->callAction('logout', Array)
#2 D:\\File Khan\\Koolyeah\\Sem 4\\PAD2\\kantin_dtedi\\vendor\\laravel\\framework\\src\\Illuminate\\Routing\\Route.php(260): Illuminate\\Routing\\ControllerDispatcher->dispatch(Object(Illuminate\\Routing\\Route), Object(App\\Http\\Controllers\\AuthController), 'logout')
#3 D:\\File Khan\\Koolyeah\\Sem 4\\PAD2\\kantin_dtedi\\vendor\\laravel\\framework\\src\\Illuminate\\Routing\\Route.php(205): Illuminate\\Routing\\Route->runController()
#4 D:\\File Khan\\Koolyeah\\Sem 4\\PAD2\\kantin_dtedi\\vendor\\laravel\\framework\\src\\Illuminate\\Routing\\Router.php(806): Illuminate\\Routing\\Route->run()
#5 D:\\File Khan\\Koolyeah\\Sem 4\\PAD2\\kantin_dtedi\\vendor\\laravel\\framework\\src\\Illuminate\\Pipeline\\Pipeline.php(144): Illuminate\\Routing\\Router->Illuminate\\Routing\\{closure}(Object(Illuminate\\Http\\Request))
#6 D:\\File Khan\\Koolyeah\\Sem 4\\PAD2\\kantin_dtedi\\vendor\\laravel\\framework\\src\\Illuminate\\Routing\\Middleware\\SubstituteBindings.php(50): Illuminate\\Pipeline\\Pipeline->Illuminate\\Pipeline\\{closure}(Object(Illuminate\\Http\\Request))
#7 D:\\File Khan\\Koolyeah\\Sem 4\\PAD2\\kantin_dtedi\\vendor\\laravel\\framework\\src\\Illuminate\\Pipeline\\Pipeline.php(183): Illuminate\\Routing\\Middleware\\SubstituteBindings->handle(Object(Illuminate\\Http\\Request), Object(Closure))
#8 D:\\File Khan\\Koolyeah\\Sem 4\\PAD2\\kantin_dtedi\\vendor\\laravel\\framework\\src\\Illuminate\\Routing\\Middleware\\ThrottleRequests.php(159): Illuminate\\Pipeline\\Pipeline->Illuminate\\Pipeline\\{closure}(Object(Illuminate\\Http\\Request))
#9 D:\\File Khan\\Koolyeah\\Sem 4\\PAD2\\kantin_dtedi\\vendor\\laravel\\framework\\src\\Illuminate\\Routing\\Middleware\\ThrottleRequests.php(135): Illuminate\\Routing\\Middleware\\ThrottleRequests->handleRequest(Object(Illuminate\\Http\\Request), Object(Closure), Array)
#10 D:\\File Khan\\Koolyeah\\Sem 4\\PAD2\\kantin_dtedi\\vendor\\laravel\\framework\\src\\Illuminate\\Routing\\Middleware\\ThrottleRequests.php(87): Illuminate\\Routing\\Middleware\\ThrottleRequests->handleRequestUsingNamedLimiter(Object(Illuminate\\Http\\Request), Object(Closure), 'api', Object(Closure))
#11 D:\\File Khan\\Koolyeah\\Sem 4\\PAD2\\kantin_dtedi\\vendor\\laravel\\framework\\src\\Illuminate\\Pipeline\\Pipeline.php(183): Illuminate\\Routing\\Middleware\\ThrottleRequests->handle(Object(Illuminate\\Http\\Request), Object(Closure), 'api')
#12 D:\\File Khan\\Koolyeah\\Sem 4\\PAD2\\kantin_dtedi\\vendor\\laravel\\sanctum\\src\\Http\\Middleware\\EnsureFrontendRequestsAreStateful.php(25): Illuminate\\Pipeline\\Pipeline->Illuminate\\Pipeline\\{closure}(Object(Illuminate\\Http\\Request))
#13 D:\\File Khan\\Koolyeah\\Sem 4\\PAD2\\kantin_dtedi\\vendor\\laravel\\framework\\src\\Illuminate\\Pipeline\\Pipeline.php(144): Laravel\\Sanctum\\Http\\Middleware\\EnsureFrontendRequestsAreStateful->Laravel\\Sanctum\\Http\\Middleware\\{closure}(Object(Illuminate\\Http\\Request))
#14 D:\\File Khan\\Koolyeah\\Sem 4\\PAD2\\kantin_dtedi\\vendor\\laravel\\framework\\src\\Illuminate\\Pipeline\\Pipeline.php(119): Illuminate\\Pipeline\\Pipeline->Illuminate\\Pipeline\\{closure}(Object(Illuminate\\Http\\Request))
#15 D:\\File Khan\\Koolyeah\\Sem 4\\PAD2\\kantin_dtedi\\vendor\\laravel\\sanctum\\src\\Http\\Middleware\\EnsureFrontendRequestsAreStateful.php(26): Illuminate\\Pipeline\\Pipeline->then(Object(Closure))
#16 D:\\File Khan\\Koolyeah\\Sem 4\\PAD2\\kantin_dtedi\\vendor\\laravel\\framework\\src\\Illuminate\\Pipeline\\Pipeline.php(183): Laravel\\Sanctum\\Http\\Middleware\\EnsureFrontendRequestsAreStateful->handle(Object(Illuminate\\Http\\Request), Object(Closure))
#17 D:\\File Khan\\Koolyeah\\Sem 4\\PAD2\\kantin_dtedi\\vendor\\laravel\\framework\\src\\Illuminate\\Pipeline\\Pipeline.php(119): Illuminate\\Pipeline\\Pipeline->Illuminate\\Pipeline\\{closure}(Object(Illuminate\\Http\\Request))
#18 D:\\File Khan\\Koolyeah\\Sem 4\\PAD2\\kantin_dtedi\\vendor\\laravel\\framework\\src\\Illuminate\\Routing\\Router.php(807): Illuminate\\Pipeline\\Pipeline->then(Object(Closure))
#19 D:\\File Khan\\Koolyeah\\Sem 4\\PAD2\\kantin_dtedi\\vendor\\laravel\\framework\\src\\Illuminate\\Routing\\Router.php(784): Illuminate\\Routing\\Router->runRouteWithinStack(Object(Illuminate\\Routing\\Route), Object(Illuminate\\Http\\Request))
#20 D:\\File Khan\\Koolyeah\\Sem 4\\PAD2\\kantin_dtedi\\vendor\\laravel\\framework\\src\\Illuminate\\Routing\\Router.php(748): Illuminate\\Routing\\Router->runRoute(Object(Illuminate\\Http\\Request), Object(Illuminate\\Routing\\Route))
#21 D:\\File Khan\\Koolyeah\\Sem 4\\PAD2\\kantin_dtedi\\vendor\\laravel\\framework\\src\\Illuminate\\Routing\\Router.php(737): Illuminate\\Routing\\Router->dispatchToRoute(Object(Illuminate\\Http\\Request))
#22 D:\\File Khan\\Koolyeah\\Sem 4\\PAD2\\kantin_dtedi\\vendor\\laravel\\framework\\src\\Illuminate\\Foundation\\Http\\Kernel.php(200): Illuminate\\Routing\\Router->dispatch(Object(Illuminate\\Http\\Request))
#23 D:\\File Khan\\Koolyeah\\Sem 4\\PAD2\\kantin_dtedi\\vendor\\laravel\\framework\\src\\Illuminate\\Pipeline\\Pipeline.php(144): Illuminate\\Foundation\\Http\\Kernel->Illuminate\\Foundation\\Http\\{closure}(Object(Illuminate\\Http\\Request))
#24 D:\\File Khan\\Koolyeah\\Sem 4\\PAD2\\kantin_dtedi\\vendor\\laravel\\framework\\src\\Illuminate\\Foundation\\Http\\Middleware\\TransformsRequest.php(21): Illuminate\\Pipeline\\Pipeline->Illuminate\\Pipeline\\{closure}(Object(Illuminate\\Http\\Request))
#25 D:\\File Khan\\Koolyeah\\Sem 4\\PAD2\\kantin_dtedi\\vendor\\laravel\\framework\\src\\Illuminate\\Foundation\\Http\\Middleware\\ConvertEmptyStringsToNull.php(31): Illuminate\\Foundation\\Http\\Middleware\\TransformsRequest->handle(Object(Illuminate\\Http\\Request), Object(Closure))
#26 D:\\File Khan\\Koolyeah\\Sem 4\\PAD2\\kantin_dtedi\\vendor\\laravel\\framework\\src\\Illuminate\\Pipeline\\Pipeline.php(183): Illuminate\\Foundation\\Http\\Middleware\\ConvertEmptyStringsToNull->handle(Object(Illuminate\\Http\\Request), Object(Closure))
#27 D:\\File Khan\\Koolyeah\\Sem 4\\PAD2\\kantin_dtedi\\vendor\\laravel\\framework\\src\\Illuminate\\Foundation\\Http\\Middleware\\TransformsRequest.php(21): Illuminate\\Pipeline\\Pipeline->Illuminate\\Pipeline\\{closure}(Object(Illuminate\\Http\\Request))
#28 D:\\File Khan\\Koolyeah\\Sem 4\\PAD2\\kantin_dtedi\\vendor\\laravel\\framework\\src\\Illuminate\\Foundation\\Http\\Middleware\\TrimStrings.php(40): Illuminate\\Foundation\\Http\\Middleware\\TransformsRequest->handle(Object(Illuminate\\Http\\Request), Object(Closure))
#29 D:\\File Khan\\Koolyeah\\Sem 4\\PAD2\\kantin_dtedi\\vendor\\laravel\\framework\\src\\Illuminate\\Pipeline\\Pipeline.php(183): Illuminate\\Foundation\\Http\\Middleware\\TrimStrings->handle(Object(Illuminate\\Http\\Request), Object(Closure))
#30 D:\\File Khan\\Koolyeah\\Sem 4\\PAD2\\kantin_dtedi\\vendor\\laravel\\framework\\src\\Illuminate\\Foundation\\Http\\Middleware\\ValidatePostSize.php(27): Illuminate\\Pipeline\\Pipeline->Illuminate\\Pipeline\\{closure}(Object(Illuminate\\Http\\Request))
#31 D:\\File Khan\\Koolyeah\\Sem 4\\PAD2\\kantin_dtedi\\vendor\\laravel\\framework\\src\\Illuminate\\Pipeline\\Pipeline.php(183): Illuminate\\Foundation\\Http\\Middleware\\ValidatePostSize->handle(Object(Illuminate\\Http\\Request), Object(Closure))
#32 D:\\File Khan\\Koolyeah\\Sem 4\\PAD2\\kantin_dtedi\\vendor\\laravel\\framework\\src\\Illuminate\\Foundation\\Http\\Middleware\\PreventRequestsDuringMaintenance.php(99): Illuminate\\Pipeline\\Pipeline->Illuminate\\Pipeline\\{closure}(Object(Illuminate\\Http\\Request))
#33 D:\\File Khan\\Koolyeah\\Sem 4\\PAD2\\kantin_dtedi\\vendor\\laravel\\framework\\src\\Illuminate\\Pipeline\\Pipeline.php(183): Illuminate\\Foundation\\Http\\Middleware\\PreventRequestsDuringMaintenance->handle(Object(Illuminate\\Http\\Request), Object(Closure))
#34 D:\\File Khan\\Koolyeah\\Sem 4\\PAD2\\kantin_dtedi\\vendor\\laravel\\framework\\src\\Illuminate\\Http\\Middleware\\HandleCors.php(62): Illuminate\\Pipeline\\Pipeline->Illuminate\\Pipeline\\{closure}(Object(Illuminate\\Http\\Request))
#35 D:\\File Khan\\Koolyeah\\Sem 4\\PAD2\\kantin_dtedi\\vendor\\laravel\\framework\\src\\Illuminate\\Pipeline\\Pipeline.php(183): Illuminate\\Http\\Middleware\\HandleCors->handle(Object(Illuminate\\Http\\Request), Object(Closure))
#36 D:\\File Khan\\Koolyeah\\Sem 4\\PAD2\\kantin_dtedi\\vendor\\laravel\\framework\\src\\Illuminate\\Http\\Middleware\\TrustProxies.php(39): Illuminate\\Pipeline\\Pipeline->Illuminate\\Pipeline\\{closure}(Object(Illuminate\\Http\\Request))
#37 D:\\File Khan\\Koolyeah\\Sem 4\\PAD2\\kantin_dtedi\\vendor\\laravel\\framework\\src\\Illuminate\\Pipeline\\Pipeline.php(183): Illuminate\\Http\\Middleware\\TrustProxies->handle(Object(Illuminate\\Http\\Request), Object(Closure))
#38 D:\\File Khan\\Koolyeah\\Sem 4\\PAD2\\kantin_dtedi\\vendor\\laravel\\framework\\src\\Illuminate\\Pipeline\\Pipeline.php(119): Illuminate\\Pipeline\\Pipeline->Illuminate\\Pipeline\\{closure}(Object(Illuminate\\Http\\Request))
#39 D:\\File Khan\\Koolyeah\\Sem 4\\PAD2\\kantin_dtedi\\vendor\\laravel\\framework\\src\\Illuminate\\Foundation\\Http\\Kernel.php(175): Illuminate\\Pipeline\\Pipeline->then(Object(Closure))
#40 D:\\File Khan\\Koolyeah\\Sem 4\\PAD2\\kantin_dtedi\\vendor\\laravel\\framework\\src\\Illuminate\\Foundation\\Http\\Kernel.php(144): Illuminate\\Foundation\\Http\\Kernel->sendRequestThroughRouter(Object(Illuminate\\Http\\Request))
#41 D:\\File Khan\\Koolyeah\\Sem 4\\PAD2\\kantin_dtedi\\public\\index.php(52): Illuminate\\Foundation\\Http\\Kernel->handle(Object(Illuminate\\Http\\Request))
#42 D:\\File Khan\\Koolyeah\\Sem 4\\PAD2\\kantin_dtedi\\vendor\\laravel\\framework\\src\\Illuminate\\Foundation\\resources\\server.php(16): require_once('D:\\\\File Khan\\\\Ko...')
#43 {main}
"} 
[2025-02-27 17:51:20] local.ERROR: Method Illuminate\Auth\RequestGuard::attempt does not exist. {"exception":"[object] (BadMethodCallException(code: 0): Method Illuminate\\Auth\\RequestGuard::attempt does not exist. at D:\\File Khan\\Koolyeah\\Sem 4\\PAD2\\kantin_dtedi\\vendor\\laravel\\framework\\src\\Illuminate\\Macroable\\Traits\\Macroable.php:112)
[stacktrace]
#0 D:\\File Khan\\Koolyeah\\Sem 4\\PAD2\\kantin_dtedi\\app\\Http\\Controllers\\AuthController.php(86): Illuminate\\Auth\\RequestGuard->__call('attempt', Array)
#1 D:\\File Khan\\Koolyeah\\Sem 4\\PAD2\\kantin_dtedi\\vendor\\laravel\\framework\\src\\Illuminate\\Routing\\Controller.php(54): App\\Http\\Controllers\\AuthController->login(Object(Illuminate\\Http\\Request))
#2 D:\\File Khan\\Koolyeah\\Sem 4\\PAD2\\kantin_dtedi\\vendor\\laravel\\framework\\src\\Illuminate\\Routing\\ControllerDispatcher.php(43): Illuminate\\Routing\\Controller->callAction('login', Array)
#3 D:\\File Khan\\Koolyeah\\Sem 4\\PAD2\\kantin_dtedi\\vendor\\laravel\\framework\\src\\Illuminate\\Routing\\Route.php(260): Illuminate\\Routing\\ControllerDispatcher->dispatch(Object(Illuminate\\Routing\\Route), Object(App\\Http\\Controllers\\AuthController), 'login')
#4 D:\\File Khan\\Koolyeah\\Sem 4\\PAD2\\kantin_dtedi\\vendor\\laravel\\framework\\src\\Illuminate\\Routing\\Route.php(205): Illuminate\\Routing\\Route->runController()
#5 D:\\File Khan\\Koolyeah\\Sem 4\\PAD2\\kantin_dtedi\\vendor\\laravel\\framework\\src\\Illuminate\\Routing\\Router.php(806): Illuminate\\Routing\\Route->run()
#6 D:\\File Khan\\Koolyeah\\Sem 4\\PAD2\\kantin_dtedi\\vendor\\laravel\\framework\\src\\Illuminate\\Pipeline\\Pipeline.php(144): Illuminate\\Routing\\Router->Illuminate\\Routing\\{closure}(Object(Illuminate\\Http\\Request))
#7 D:\\File Khan\\Koolyeah\\Sem 4\\PAD2\\kantin_dtedi\\vendor\\laravel\\framework\\src\\Illuminate\\Routing\\Middleware\\SubstituteBindings.php(50): Illuminate\\Pipeline\\Pipeline->Illuminate\\Pipeline\\{closure}(Object(Illuminate\\Http\\Request))
#8 D:\\File Khan\\Koolyeah\\Sem 4\\PAD2\\kantin_dtedi\\vendor\\laravel\\framework\\src\\Illuminate\\Pipeline\\Pipeline.php(183): Illuminate\\Routing\\Middleware\\SubstituteBindings->handle(Object(Illuminate\\Http\\Request), Object(Closure))
#9 D:\\File Khan\\Koolyeah\\Sem 4\\PAD2\\kantin_dtedi\\vendor\\laravel\\framework\\src\\Illuminate\\Routing\\Middleware\\ThrottleRequests.php(159): Illuminate\\Pipeline\\Pipeline->Illuminate\\Pipeline\\{closure}(Object(Illuminate\\Http\\Request))
#10 D:\\File Khan\\Koolyeah\\Sem 4\\PAD2\\kantin_dtedi\\vendor\\laravel\\framework\\src\\Illuminate\\Routing\\Middleware\\ThrottleRequests.php(135): Illuminate\\Routing\\Middleware\\ThrottleRequests->handleRequest(Object(Illuminate\\Http\\Request), Object(Closure), Array)
#11 D:\\File Khan\\Koolyeah\\Sem 4\\PAD2\\kantin_dtedi\\vendor\\laravel\\framework\\src\\Illuminate\\Routing\\Middleware\\ThrottleRequests.php(87): Illuminate\\Routing\\Middleware\\ThrottleRequests->handleRequestUsingNamedLimiter(Object(Illuminate\\Http\\Request), Object(Closure), 'api', Object(Closure))
#12 D:\\File Khan\\Koolyeah\\Sem 4\\PAD2\\kantin_dtedi\\vendor\\laravel\\framework\\src\\Illuminate\\Pipeline\\Pipeline.php(183): Illuminate\\Routing\\Middleware\\ThrottleRequests->handle(Object(Illuminate\\Http\\Request), Object(Closure), 'api')
#13 D:\\File Khan\\Koolyeah\\Sem 4\\PAD2\\kantin_dtedi\\vendor\\laravel\\sanctum\\src\\Http\\Middleware\\EnsureFrontendRequestsAreStateful.php(25): Illuminate\\Pipeline\\Pipeline->Illuminate\\Pipeline\\{closure}(Object(Illuminate\\Http\\Request))
#14 D:\\File Khan\\Koolyeah\\Sem 4\\PAD2\\kantin_dtedi\\vendor\\laravel\\framework\\src\\Illuminate\\Pipeline\\Pipeline.php(144): Laravel\\Sanctum\\Http\\Middleware\\EnsureFrontendRequestsAreStateful->Laravel\\Sanctum\\Http\\Middleware\\{closure}(Object(Illuminate\\Http\\Request))
#15 D:\\File Khan\\Koolyeah\\Sem 4\\PAD2\\kantin_dtedi\\vendor\\laravel\\framework\\src\\Illuminate\\Pipeline\\Pipeline.php(119): Illuminate\\Pipeline\\Pipeline->Illuminate\\Pipeline\\{closure}(Object(Illuminate\\Http\\Request))
#16 D:\\File Khan\\Koolyeah\\Sem 4\\PAD2\\kantin_dtedi\\vendor\\laravel\\sanctum\\src\\Http\\Middleware\\EnsureFrontendRequestsAreStateful.php(26): Illuminate\\Pipeline\\Pipeline->then(Object(Closure))
#17 D:\\File Khan\\Koolyeah\\Sem 4\\PAD2\\kantin_dtedi\\vendor\\laravel\\framework\\src\\Illuminate\\Pipeline\\Pipeline.php(183): Laravel\\Sanctum\\Http\\Middleware\\EnsureFrontendRequestsAreStateful->handle(Object(Illuminate\\Http\\Request), Object(Closure))
#18 D:\\File Khan\\Koolyeah\\Sem 4\\PAD2\\kantin_dtedi\\vendor\\laravel\\framework\\src\\Illuminate\\Pipeline\\Pipeline.php(119): Illuminate\\Pipeline\\Pipeline->Illuminate\\Pipeline\\{closure}(Object(Illuminate\\Http\\Request))
#19 D:\\File Khan\\Koolyeah\\Sem 4\\PAD2\\kantin_dtedi\\vendor\\laravel\\framework\\src\\Illuminate\\Routing\\Router.php(807): Illuminate\\Pipeline\\Pipeline->then(Object(Closure))
#20 D:\\File Khan\\Koolyeah\\Sem 4\\PAD2\\kantin_dtedi\\vendor\\laravel\\framework\\src\\Illuminate\\Routing\\Router.php(784): Illuminate\\Routing\\Router->runRouteWithinStack(Object(Illuminate\\Routing\\Route), Object(Illuminate\\Http\\Request))
#21 D:\\File Khan\\Koolyeah\\Sem 4\\PAD2\\kantin_dtedi\\vendor\\laravel\\framework\\src\\Illuminate\\Routing\\Router.php(748): Illuminate\\Routing\\Router->runRoute(Object(Illuminate\\Http\\Request), Object(Illuminate\\Routing\\Route))
#22 D:\\File Khan\\Koolyeah\\Sem 4\\PAD2\\kantin_dtedi\\vendor\\laravel\\framework\\src\\Illuminate\\Routing\\Router.php(737): Illuminate\\Routing\\Router->dispatchToRoute(Object(Illuminate\\Http\\Request))
#23 D:\\File Khan\\Koolyeah\\Sem 4\\PAD2\\kantin_dtedi\\vendor\\laravel\\framework\\src\\Illuminate\\Foundation\\Http\\Kernel.php(200): Illuminate\\Routing\\Router->dispatch(Object(Illuminate\\Http\\Request))
#24 D:\\File Khan\\Koolyeah\\Sem 4\\PAD2\\kantin_dtedi\\vendor\\laravel\\framework\\src\\Illuminate\\Pipeline\\Pipeline.php(144): Illuminate\\Foundation\\Http\\Kernel->Illuminate\\Foundation\\Http\\{closure}(Object(Illuminate\\Http\\Request))
#25 D:\\File Khan\\Koolyeah\\Sem 4\\PAD2\\kantin_dtedi\\vendor\\laravel\\framework\\src\\Illuminate\\Foundation\\Http\\Middleware\\TransformsRequest.php(21): Illuminate\\Pipeline\\Pipeline->Illuminate\\Pipeline\\{closure}(Object(Illuminate\\Http\\Request))
#26 D:\\File Khan\\Koolyeah\\Sem 4\\PAD2\\kantin_dtedi\\vendor\\laravel\\framework\\src\\Illuminate\\Foundation\\Http\\Middleware\\ConvertEmptyStringsToNull.php(31): Illuminate\\Foundation\\Http\\Middleware\\TransformsRequest->handle(Object(Illuminate\\Http\\Request), Object(Closure))
#27 D:\\File Khan\\Koolyeah\\Sem 4\\PAD2\\kantin_dtedi\\vendor\\laravel\\framework\\src\\Illuminate\\Pipeline\\Pipeline.php(183): Illuminate\\Foundation\\Http\\Middleware\\ConvertEmptyStringsToNull->handle(Object(Illuminate\\Http\\Request), Object(Closure))
#28 D:\\File Khan\\Koolyeah\\Sem 4\\PAD2\\kantin_dtedi\\vendor\\laravel\\framework\\src\\Illuminate\\Foundation\\Http\\Middleware\\TransformsRequest.php(21): Illuminate\\Pipeline\\Pipeline->Illuminate\\Pipeline\\{closure}(Object(Illuminate\\Http\\Request))
#29 D:\\File Khan\\Koolyeah\\Sem 4\\PAD2\\kantin_dtedi\\vendor\\laravel\\framework\\src\\Illuminate\\Foundation\\Http\\Middleware\\TrimStrings.php(40): Illuminate\\Foundation\\Http\\Middleware\\TransformsRequest->handle(Object(Illuminate\\Http\\Request), Object(Closure))
#30 D:\\File Khan\\Koolyeah\\Sem 4\\PAD2\\kantin_dtedi\\vendor\\laravel\\framework\\src\\Illuminate\\Pipeline\\Pipeline.php(183): Illuminate\\Foundation\\Http\\Middleware\\TrimStrings->handle(Object(Illuminate\\Http\\Request), Object(Closure))
#31 D:\\File Khan\\Koolyeah\\Sem 4\\PAD2\\kantin_dtedi\\vendor\\laravel\\framework\\src\\Illuminate\\Foundation\\Http\\Middleware\\ValidatePostSize.php(27): Illuminate\\Pipeline\\Pipeline->Illuminate\\Pipeline\\{closure}(Object(Illuminate\\Http\\Request))
#32 D:\\File Khan\\Koolyeah\\Sem 4\\PAD2\\kantin_dtedi\\vendor\\laravel\\framework\\src\\Illuminate\\Pipeline\\Pipeline.php(183): Illuminate\\Foundation\\Http\\Middleware\\ValidatePostSize->handle(Object(Illuminate\\Http\\Request), Object(Closure))
#33 D:\\File Khan\\Koolyeah\\Sem 4\\PAD2\\kantin_dtedi\\vendor\\laravel\\framework\\src\\Illuminate\\Foundation\\Http\\Middleware\\PreventRequestsDuringMaintenance.php(99): Illuminate\\Pipeline\\Pipeline->Illuminate\\Pipeline\\{closure}(Object(Illuminate\\Http\\Request))
#34 D:\\File Khan\\Koolyeah\\Sem 4\\PAD2\\kantin_dtedi\\vendor\\laravel\\framework\\src\\Illuminate\\Pipeline\\Pipeline.php(183): Illuminate\\Foundation\\Http\\Middleware\\PreventRequestsDuringMaintenance->handle(Object(Illuminate\\Http\\Request), Object(Closure))
#35 D:\\File Khan\\Koolyeah\\Sem 4\\PAD2\\kantin_dtedi\\vendor\\laravel\\framework\\src\\Illuminate\\Http\\Middleware\\HandleCors.php(62): Illuminate\\Pipeline\\Pipeline->Illuminate\\Pipeline\\{closure}(Object(Illuminate\\Http\\Request))
#36 D:\\File Khan\\Koolyeah\\Sem 4\\PAD2\\kantin_dtedi\\vendor\\laravel\\framework\\src\\Illuminate\\Pipeline\\Pipeline.php(183): Illuminate\\Http\\Middleware\\HandleCors->handle(Object(Illuminate\\Http\\Request), Object(Closure))
#37 D:\\File Khan\\Koolyeah\\Sem 4\\PAD2\\kantin_dtedi\\vendor\\laravel\\framework\\src\\Illuminate\\Http\\Middleware\\TrustProxies.php(39): Illuminate\\Pipeline\\Pipeline->Illuminate\\Pipeline\\{closure}(Object(Illuminate\\Http\\Request))
#38 D:\\File Khan\\Koolyeah\\Sem 4\\PAD2\\kantin_dtedi\\vendor\\laravel\\framework\\src\\Illuminate\\Pipeline\\Pipeline.php(183): Illuminate\\Http\\Middleware\\TrustProxies->handle(Object(Illuminate\\Http\\Request), Object(Closure))
#39 D:\\File Khan\\Koolyeah\\Sem 4\\PAD2\\kantin_dtedi\\vendor\\laravel\\framework\\src\\Illuminate\\Pipeline\\Pipeline.php(119): Illuminate\\Pipeline\\Pipeline->Illuminate\\Pipeline\\{closure}(Object(Illuminate\\Http\\Request))
#40 D:\\File Khan\\Koolyeah\\Sem 4\\PAD2\\kantin_dtedi\\vendor\\laravel\\framework\\src\\Illuminate\\Foundation\\Http\\Kernel.php(175): Illuminate\\Pipeline\\Pipeline->then(Object(Closure))
#41 D:\\File Khan\\Koolyeah\\Sem 4\\PAD2\\kantin_dtedi\\vendor\\laravel\\framework\\src\\Illuminate\\Foundation\\Http\\Kernel.php(144): Illuminate\\Foundation\\Http\\Kernel->sendRequestThroughRouter(Object(Illuminate\\Http\\Request))
#42 D:\\File Khan\\Koolyeah\\Sem 4\\PAD2\\kantin_dtedi\\public\\index.php(52): Illuminate\\Foundation\\Http\\Kernel->handle(Object(Illuminate\\Http\\Request))
#43 D:\\File Khan\\Koolyeah\\Sem 4\\PAD2\\kantin_dtedi\\vendor\\laravel\\framework\\src\\Illuminate\\Foundation\\resources\\server.php(16): require_once('D:\\\\File Khan\\\\Ko...')
#44 {main}
"} 
[2025-02-27 17:52:11] local.ERROR: Method Illuminate\Auth\RequestGuard::attempt does not exist. {"exception":"[object] (BadMethodCallException(code: 0): Method Illuminate\\Auth\\RequestGuard::attempt does not exist. at D:\\File Khan\\Koolyeah\\Sem 4\\PAD2\\kantin_dtedi\\vendor\\laravel\\framework\\src\\Illuminate\\Macroable\\Traits\\Macroable.php:112)
[stacktrace]
#0 D:\\File Khan\\Koolyeah\\Sem 4\\PAD2\\kantin_dtedi\\app\\Http\\Controllers\\AuthController.php(86): Illuminate\\Auth\\RequestGuard->__call('attempt', Array)
#1 D:\\File Khan\\Koolyeah\\Sem 4\\PAD2\\kantin_dtedi\\vendor\\laravel\\framework\\src\\Illuminate\\Routing\\Controller.php(54): App\\Http\\Controllers\\AuthController->login(Object(Illuminate\\Http\\Request))
#2 D:\\File Khan\\Koolyeah\\Sem 4\\PAD2\\kantin_dtedi\\vendor\\laravel\\framework\\src\\Illuminate\\Routing\\ControllerDispatcher.php(43): Illuminate\\Routing\\Controller->callAction('login', Array)
#3 D:\\File Khan\\Koolyeah\\Sem 4\\PAD2\\kantin_dtedi\\vendor\\laravel\\framework\\src\\Illuminate\\Routing\\Route.php(260): Illuminate\\Routing\\ControllerDispatcher->dispatch(Object(Illuminate\\Routing\\Route), Object(App\\Http\\Controllers\\AuthController), 'login')
#4 D:\\File Khan\\Koolyeah\\Sem 4\\PAD2\\kantin_dtedi\\vendor\\laravel\\framework\\src\\Illuminate\\Routing\\Route.php(205): Illuminate\\Routing\\Route->runController()
#5 D:\\File Khan\\Koolyeah\\Sem 4\\PAD2\\kantin_dtedi\\vendor\\laravel\\framework\\src\\Illuminate\\Routing\\Router.php(806): Illuminate\\Routing\\Route->run()
#6 D:\\File Khan\\Koolyeah\\Sem 4\\PAD2\\kantin_dtedi\\vendor\\laravel\\framework\\src\\Illuminate\\Pipeline\\Pipeline.php(144): Illuminate\\Routing\\Router->Illuminate\\Routing\\{closure}(Object(Illuminate\\Http\\Request))
#7 D:\\File Khan\\Koolyeah\\Sem 4\\PAD2\\kantin_dtedi\\vendor\\laravel\\framework\\src\\Illuminate\\Routing\\Middleware\\SubstituteBindings.php(50): Illuminate\\Pipeline\\Pipeline->Illuminate\\Pipeline\\{closure}(Object(Illuminate\\Http\\Request))
#8 D:\\File Khan\\Koolyeah\\Sem 4\\PAD2\\kantin_dtedi\\vendor\\laravel\\framework\\src\\Illuminate\\Pipeline\\Pipeline.php(183): Illuminate\\Routing\\Middleware\\SubstituteBindings->handle(Object(Illuminate\\Http\\Request), Object(Closure))
#9 D:\\File Khan\\Koolyeah\\Sem 4\\PAD2\\kantin_dtedi\\vendor\\laravel\\framework\\src\\Illuminate\\Routing\\Middleware\\ThrottleRequests.php(159): Illuminate\\Pipeline\\Pipeline->Illuminate\\Pipeline\\{closure}(Object(Illuminate\\Http\\Request))
#10 D:\\File Khan\\Koolyeah\\Sem 4\\PAD2\\kantin_dtedi\\vendor\\laravel\\framework\\src\\Illuminate\\Routing\\Middleware\\ThrottleRequests.php(135): Illuminate\\Routing\\Middleware\\ThrottleRequests->handleRequest(Object(Illuminate\\Http\\Request), Object(Closure), Array)
#11 D:\\File Khan\\Koolyeah\\Sem 4\\PAD2\\kantin_dtedi\\vendor\\laravel\\framework\\src\\Illuminate\\Routing\\Middleware\\ThrottleRequests.php(87): Illuminate\\Routing\\Middleware\\ThrottleRequests->handleRequestUsingNamedLimiter(Object(Illuminate\\Http\\Request), Object(Closure), 'api', Object(Closure))
#12 D:\\File Khan\\Koolyeah\\Sem 4\\PAD2\\kantin_dtedi\\vendor\\laravel\\framework\\src\\Illuminate\\Pipeline\\Pipeline.php(183): Illuminate\\Routing\\Middleware\\ThrottleRequests->handle(Object(Illuminate\\Http\\Request), Object(Closure), 'api')
#13 D:\\File Khan\\Koolyeah\\Sem 4\\PAD2\\kantin_dtedi\\vendor\\laravel\\sanctum\\src\\Http\\Middleware\\EnsureFrontendRequestsAreStateful.php(25): Illuminate\\Pipeline\\Pipeline->Illuminate\\Pipeline\\{closure}(Object(Illuminate\\Http\\Request))
#14 D:\\File Khan\\Koolyeah\\Sem 4\\PAD2\\kantin_dtedi\\vendor\\laravel\\framework\\src\\Illuminate\\Pipeline\\Pipeline.php(144): Laravel\\Sanctum\\Http\\Middleware\\EnsureFrontendRequestsAreStateful->Laravel\\Sanctum\\Http\\Middleware\\{closure}(Object(Illuminate\\Http\\Request))
#15 D:\\File Khan\\Koolyeah\\Sem 4\\PAD2\\kantin_dtedi\\vendor\\laravel\\framework\\src\\Illuminate\\Pipeline\\Pipeline.php(119): Illuminate\\Pipeline\\Pipeline->Illuminate\\Pipeline\\{closure}(Object(Illuminate\\Http\\Request))
#16 D:\\File Khan\\Koolyeah\\Sem 4\\PAD2\\kantin_dtedi\\vendor\\laravel\\sanctum\\src\\Http\\Middleware\\EnsureFrontendRequestsAreStateful.php(26): Illuminate\\Pipeline\\Pipeline->then(Object(Closure))
#17 D:\\File Khan\\Koolyeah\\Sem 4\\PAD2\\kantin_dtedi\\vendor\\laravel\\framework\\src\\Illuminate\\Pipeline\\Pipeline.php(183): Laravel\\Sanctum\\Http\\Middleware\\EnsureFrontendRequestsAreStateful->handle(Object(Illuminate\\Http\\Request), Object(Closure))
#18 D:\\File Khan\\Koolyeah\\Sem 4\\PAD2\\kantin_dtedi\\vendor\\laravel\\framework\\src\\Illuminate\\Pipeline\\Pipeline.php(119): Illuminate\\Pipeline\\Pipeline->Illuminate\\Pipeline\\{closure}(Object(Illuminate\\Http\\Request))
#19 D:\\File Khan\\Koolyeah\\Sem 4\\PAD2\\kantin_dtedi\\vendor\\laravel\\framework\\src\\Illuminate\\Routing\\Router.php(807): Illuminate\\Pipeline\\Pipeline->then(Object(Closure))
#20 D:\\File Khan\\Koolyeah\\Sem 4\\PAD2\\kantin_dtedi\\vendor\\laravel\\framework\\src\\Illuminate\\Routing\\Router.php(784): Illuminate\\Routing\\Router->runRouteWithinStack(Object(Illuminate\\Routing\\Route), Object(Illuminate\\Http\\Request))
#21 D:\\File Khan\\Koolyeah\\Sem 4\\PAD2\\kantin_dtedi\\vendor\\laravel\\framework\\src\\Illuminate\\Routing\\Router.php(748): Illuminate\\Routing\\Router->runRoute(Object(Illuminate\\Http\\Request), Object(Illuminate\\Routing\\Route))
#22 D:\\File Khan\\Koolyeah\\Sem 4\\PAD2\\kantin_dtedi\\vendor\\laravel\\framework\\src\\Illuminate\\Routing\\Router.php(737): Illuminate\\Routing\\Router->dispatchToRoute(Object(Illuminate\\Http\\Request))
#23 D:\\File Khan\\Koolyeah\\Sem 4\\PAD2\\kantin_dtedi\\vendor\\laravel\\framework\\src\\Illuminate\\Foundation\\Http\\Kernel.php(200): Illuminate\\Routing\\Router->dispatch(Object(Illuminate\\Http\\Request))
#24 D:\\File Khan\\Koolyeah\\Sem 4\\PAD2\\kantin_dtedi\\vendor\\laravel\\framework\\src\\Illuminate\\Pipeline\\Pipeline.php(144): Illuminate\\Foundation\\Http\\Kernel->Illuminate\\Foundation\\Http\\{closure}(Object(Illuminate\\Http\\Request))
#25 D:\\File Khan\\Koolyeah\\Sem 4\\PAD2\\kantin_dtedi\\vendor\\laravel\\framework\\src\\Illuminate\\Foundation\\Http\\Middleware\\TransformsRequest.php(21): Illuminate\\Pipeline\\Pipeline->Illuminate\\Pipeline\\{closure}(Object(Illuminate\\Http\\Request))
#26 D:\\File Khan\\Koolyeah\\Sem 4\\PAD2\\kantin_dtedi\\vendor\\laravel\\framework\\src\\Illuminate\\Foundation\\Http\\Middleware\\ConvertEmptyStringsToNull.php(31): Illuminate\\Foundation\\Http\\Middleware\\TransformsRequest->handle(Object(Illuminate\\Http\\Request), Object(Closure))
#27 D:\\File Khan\\Koolyeah\\Sem 4\\PAD2\\kantin_dtedi\\vendor\\laravel\\framework\\src\\Illuminate\\Pipeline\\Pipeline.php(183): Illuminate\\Foundation\\Http\\Middleware\\ConvertEmptyStringsToNull->handle(Object(Illuminate\\Http\\Request), Object(Closure))
#28 D:\\File Khan\\Koolyeah\\Sem 4\\PAD2\\kantin_dtedi\\vendor\\laravel\\framework\\src\\Illuminate\\Foundation\\Http\\Middleware\\TransformsRequest.php(21): Illuminate\\Pipeline\\Pipeline->Illuminate\\Pipeline\\{closure}(Object(Illuminate\\Http\\Request))
#29 D:\\File Khan\\Koolyeah\\Sem 4\\PAD2\\kantin_dtedi\\vendor\\laravel\\framework\\src\\Illuminate\\Foundation\\Http\\Middleware\\TrimStrings.php(40): Illuminate\\Foundation\\Http\\Middleware\\TransformsRequest->handle(Object(Illuminate\\Http\\Request), Object(Closure))
#30 D:\\File Khan\\Koolyeah\\Sem 4\\PAD2\\kantin_dtedi\\vendor\\laravel\\framework\\src\\Illuminate\\Pipeline\\Pipeline.php(183): Illuminate\\Foundation\\Http\\Middleware\\TrimStrings->handle(Object(Illuminate\\Http\\Request), Object(Closure))
#31 D:\\File Khan\\Koolyeah\\Sem 4\\PAD2\\kantin_dtedi\\vendor\\laravel\\framework\\src\\Illuminate\\Foundation\\Http\\Middleware\\ValidatePostSize.php(27): Illuminate\\Pipeline\\Pipeline->Illuminate\\Pipeline\\{closure}(Object(Illuminate\\Http\\Request))
#32 D:\\File Khan\\Koolyeah\\Sem 4\\PAD2\\kantin_dtedi\\vendor\\laravel\\framework\\src\\Illuminate\\Pipeline\\Pipeline.php(183): Illuminate\\Foundation\\Http\\Middleware\\ValidatePostSize->handle(Object(Illuminate\\Http\\Request), Object(Closure))
#33 D:\\File Khan\\Koolyeah\\Sem 4\\PAD2\\kantin_dtedi\\vendor\\laravel\\framework\\src\\Illuminate\\Foundation\\Http\\Middleware\\PreventRequestsDuringMaintenance.php(99): Illuminate\\Pipeline\\Pipeline->Illuminate\\Pipeline\\{closure}(Object(Illuminate\\Http\\Request))
#34 D:\\File Khan\\Koolyeah\\Sem 4\\PAD2\\kantin_dtedi\\vendor\\laravel\\framework\\src\\Illuminate\\Pipeline\\Pipeline.php(183): Illuminate\\Foundation\\Http\\Middleware\\PreventRequestsDuringMaintenance->handle(Object(Illuminate\\Http\\Request), Object(Closure))
#35 D:\\File Khan\\Koolyeah\\Sem 4\\PAD2\\kantin_dtedi\\vendor\\laravel\\framework\\src\\Illuminate\\Http\\Middleware\\HandleCors.php(62): Illuminate\\Pipeline\\Pipeline->Illuminate\\Pipeline\\{closure}(Object(Illuminate\\Http\\Request))
#36 D:\\File Khan\\Koolyeah\\Sem 4\\PAD2\\kantin_dtedi\\vendor\\laravel\\framework\\src\\Illuminate\\Pipeline\\Pipeline.php(183): Illuminate\\Http\\Middleware\\HandleCors->handle(Object(Illuminate\\Http\\Request), Object(Closure))
#37 D:\\File Khan\\Koolyeah\\Sem 4\\PAD2\\kantin_dtedi\\vendor\\laravel\\framework\\src\\Illuminate\\Http\\Middleware\\TrustProxies.php(39): Illuminate\\Pipeline\\Pipeline->Illuminate\\Pipeline\\{closure}(Object(Illuminate\\Http\\Request))
#38 D:\\File Khan\\Koolyeah\\Sem 4\\PAD2\\kantin_dtedi\\vendor\\laravel\\framework\\src\\Illuminate\\Pipeline\\Pipeline.php(183): Illuminate\\Http\\Middleware\\TrustProxies->handle(Object(Illuminate\\Http\\Request), Object(Closure))
#39 D:\\File Khan\\Koolyeah\\Sem 4\\PAD2\\kantin_dtedi\\vendor\\laravel\\framework\\src\\Illuminate\\Pipeline\\Pipeline.php(119): Illuminate\\Pipeline\\Pipeline->Illuminate\\Pipeline\\{closure}(Object(Illuminate\\Http\\Request))
#40 D:\\File Khan\\Koolyeah\\Sem 4\\PAD2\\kantin_dtedi\\vendor\\laravel\\framework\\src\\Illuminate\\Foundation\\Http\\Kernel.php(175): Illuminate\\Pipeline\\Pipeline->then(Object(Closure))
#41 D:\\File Khan\\Koolyeah\\Sem 4\\PAD2\\kantin_dtedi\\vendor\\laravel\\framework\\src\\Illuminate\\Foundation\\Http\\Kernel.php(144): Illuminate\\Foundation\\Http\\Kernel->sendRequestThroughRouter(Object(Illuminate\\Http\\Request))
#42 D:\\File Khan\\Koolyeah\\Sem 4\\PAD2\\kantin_dtedi\\public\\index.php(52): Illuminate\\Foundation\\Http\\Kernel->handle(Object(Illuminate\\Http\\Request))
#43 D:\\File Khan\\Koolyeah\\Sem 4\\PAD2\\kantin_dtedi\\vendor\\laravel\\framework\\src\\Illuminate\\Foundation\\resources\\server.php(16): require_once('D:\\\\File Khan\\\\Ko...')
#44 {main}
"} 
[2025-02-27 17:56:59] local.INFO:   
[2025-02-27 17:59:31] local.INFO:   
[2025-02-27 18:38:09] local.ERROR: Illuminate\Auth\SessionGuard::__construct(): Argument #2 ($provider) must be of type Illuminate\Contracts\Auth\UserProvider, null given, called in D:\File Khan\Koolyeah\Sem 4\PAD2\kantin_dtedi\vendor\laravel\framework\src\Illuminate\Auth\AuthManager.php on line 130 {"exception":"[object] (TypeError(code: 0): Illuminate\\Auth\\SessionGuard::__construct(): Argument #2 ($provider) must be of type Illuminate\\Contracts\\Auth\\UserProvider, null given, called in D:\\File Khan\\Koolyeah\\Sem 4\\PAD2\\kantin_dtedi\\vendor\\laravel\\framework\\src\\Illuminate\\Auth\\AuthManager.php on line 130 at D:\\File Khan\\Koolyeah\\Sem 4\\PAD2\\kantin_dtedi\\vendor\\laravel\\framework\\src\\Illuminate\\Auth\\SessionGuard.php:123)
[stacktrace]
#0 D:\\File Khan\\Koolyeah\\Sem 4\\PAD2\\kantin_dtedi\\vendor\\laravel\\framework\\src\\Illuminate\\Auth\\AuthManager.php(130): Illuminate\\Auth\\SessionGuard->__construct('web', NULL, Object(Illuminate\\Session\\Store))
#1 D:\\File Khan\\Koolyeah\\Sem 4\\PAD2\\kantin_dtedi\\vendor\\laravel\\framework\\src\\Illuminate\\Auth\\AuthManager.php(96): Illuminate\\Auth\\AuthManager->createSessionDriver('web', Array)
#2 D:\\File Khan\\Koolyeah\\Sem 4\\PAD2\\kantin_dtedi\\vendor\\laravel\\framework\\src\\Illuminate\\Auth\\AuthManager.php(70): Illuminate\\Auth\\AuthManager->resolve('web')
#3 D:\\File Khan\\Koolyeah\\Sem 4\\PAD2\\kantin_dtedi\\vendor\\laravel\\sanctum\\src\\Guard.php(57): Illuminate\\Auth\\AuthManager->guard('web')
#4 [internal function]: Laravel\\Sanctum\\Guard->__invoke(Object(Illuminate\\Http\\Request), NULL)
#5 D:\\File Khan\\Koolyeah\\Sem 4\\PAD2\\kantin_dtedi\\vendor\\laravel\\framework\\src\\Illuminate\\Auth\\RequestGuard.php(58): call_user_func(Object(Laravel\\Sanctum\\Guard), Object(Illuminate\\Http\\Request), NULL)
#6 D:\\File Khan\\Koolyeah\\Sem 4\\PAD2\\kantin_dtedi\\vendor\\laravel\\framework\\src\\Illuminate\\Auth\\GuardHelpers.php(56): Illuminate\\Auth\\RequestGuard->user()
#7 D:\\File Khan\\Koolyeah\\Sem 4\\PAD2\\kantin_dtedi\\vendor\\laravel\\framework\\src\\Illuminate\\Auth\\Middleware\\Authenticate.php(76): Illuminate\\Auth\\RequestGuard->check()
#8 D:\\File Khan\\Koolyeah\\Sem 4\\PAD2\\kantin_dtedi\\vendor\\laravel\\framework\\src\\Illuminate\\Auth\\Middleware\\Authenticate.php(55): Illuminate\\Auth\\Middleware\\Authenticate->authenticate(Object(Illuminate\\Http\\Request), Array)
#9 D:\\File Khan\\Koolyeah\\Sem 4\\PAD2\\kantin_dtedi\\vendor\\laravel\\framework\\src\\Illuminate\\Pipeline\\Pipeline.php(183): Illuminate\\Auth\\Middleware\\Authenticate->handle(Object(Illuminate\\Http\\Request), Object(Closure), 'sanctum')
#10 D:\\File Khan\\Koolyeah\\Sem 4\\PAD2\\kantin_dtedi\\vendor\\laravel\\sanctum\\src\\Http\\Middleware\\EnsureFrontendRequestsAreStateful.php(25): Illuminate\\Pipeline\\Pipeline->Illuminate\\Pipeline\\{closure}(Object(Illuminate\\Http\\Request))
#11 D:\\File Khan\\Koolyeah\\Sem 4\\PAD2\\kantin_dtedi\\vendor\\laravel\\framework\\src\\Illuminate\\Pipeline\\Pipeline.php(144): Laravel\\Sanctum\\Http\\Middleware\\EnsureFrontendRequestsAreStateful->Laravel\\Sanctum\\Http\\Middleware\\{closure}(Object(Illuminate\\Http\\Request))
#12 D:\\File Khan\\Koolyeah\\Sem 4\\PAD2\\kantin_dtedi\\vendor\\laravel\\framework\\src\\Illuminate\\Pipeline\\Pipeline.php(119): Illuminate\\Pipeline\\Pipeline->Illuminate\\Pipeline\\{closure}(Object(Illuminate\\Http\\Request))
#13 D:\\File Khan\\Koolyeah\\Sem 4\\PAD2\\kantin_dtedi\\vendor\\laravel\\sanctum\\src\\Http\\Middleware\\EnsureFrontendRequestsAreStateful.php(26): Illuminate\\Pipeline\\Pipeline->then(Object(Closure))
#14 D:\\File Khan\\Koolyeah\\Sem 4\\PAD2\\kantin_dtedi\\vendor\\laravel\\framework\\src\\Illuminate\\Pipeline\\Pipeline.php(183): Laravel\\Sanctum\\Http\\Middleware\\EnsureFrontendRequestsAreStateful->handle(Object(Illuminate\\Http\\Request), Object(Closure))
#15 D:\\File Khan\\Koolyeah\\Sem 4\\PAD2\\kantin_dtedi\\vendor\\laravel\\framework\\src\\Illuminate\\Pipeline\\Pipeline.php(119): Illuminate\\Pipeline\\Pipeline->Illuminate\\Pipeline\\{closure}(Object(Illuminate\\Http\\Request))
#16 D:\\File Khan\\Koolyeah\\Sem 4\\PAD2\\kantin_dtedi\\vendor\\laravel\\framework\\src\\Illuminate\\Routing\\Router.php(807): Illuminate\\Pipeline\\Pipeline->then(Object(Closure))
#17 D:\\File Khan\\Koolyeah\\Sem 4\\PAD2\\kantin_dtedi\\vendor\\laravel\\framework\\src\\Illuminate\\Routing\\Router.php(784): Illuminate\\Routing\\Router->runRouteWithinStack(Object(Illuminate\\Routing\\Route), Object(Illuminate\\Http\\Request))
#18 D:\\File Khan\\Koolyeah\\Sem 4\\PAD2\\kantin_dtedi\\vendor\\laravel\\framework\\src\\Illuminate\\Routing\\Router.php(748): Illuminate\\Routing\\Router->runRoute(Object(Illuminate\\Http\\Request), Object(Illuminate\\Routing\\Route))
#19 D:\\File Khan\\Koolyeah\\Sem 4\\PAD2\\kantin_dtedi\\vendor\\laravel\\framework\\src\\Illuminate\\Routing\\Router.php(737): Illuminate\\Routing\\Router->dispatchToRoute(Object(Illuminate\\Http\\Request))
#20 D:\\File Khan\\Koolyeah\\Sem 4\\PAD2\\kantin_dtedi\\vendor\\laravel\\framework\\src\\Illuminate\\Foundation\\Http\\Kernel.php(200): Illuminate\\Routing\\Router->dispatch(Object(Illuminate\\Http\\Request))
#21 D:\\File Khan\\Koolyeah\\Sem 4\\PAD2\\kantin_dtedi\\vendor\\laravel\\framework\\src\\Illuminate\\Pipeline\\Pipeline.php(144): Illuminate\\Foundation\\Http\\Kernel->Illuminate\\Foundation\\Http\\{closure}(Object(Illuminate\\Http\\Request))
#22 D:\\File Khan\\Koolyeah\\Sem 4\\PAD2\\kantin_dtedi\\vendor\\laravel\\framework\\src\\Illuminate\\Foundation\\Http\\Middleware\\TransformsRequest.php(21): Illuminate\\Pipeline\\Pipeline->Illuminate\\Pipeline\\{closure}(Object(Illuminate\\Http\\Request))
#23 D:\\File Khan\\Koolyeah\\Sem 4\\PAD2\\kantin_dtedi\\vendor\\laravel\\framework\\src\\Illuminate\\Foundation\\Http\\Middleware\\ConvertEmptyStringsToNull.php(31): Illuminate\\Foundation\\Http\\Middleware\\TransformsRequest->handle(Object(Illuminate\\Http\\Request), Object(Closure))
#24 D:\\File Khan\\Koolyeah\\Sem 4\\PAD2\\kantin_dtedi\\vendor\\laravel\\framework\\src\\Illuminate\\Pipeline\\Pipeline.php(183): Illuminate\\Foundation\\Http\\Middleware\\ConvertEmptyStringsToNull->handle(Object(Illuminate\\Http\\Request), Object(Closure))
#25 D:\\File Khan\\Koolyeah\\Sem 4\\PAD2\\kantin_dtedi\\vendor\\laravel\\framework\\src\\Illuminate\\Foundation\\Http\\Middleware\\TransformsRequest.php(21): Illuminate\\Pipeline\\Pipeline->Illuminate\\Pipeline\\{closure}(Object(Illuminate\\Http\\Request))
#26 D:\\File Khan\\Koolyeah\\Sem 4\\PAD2\\kantin_dtedi\\vendor\\laravel\\framework\\src\\Illuminate\\Foundation\\Http\\Middleware\\TrimStrings.php(40): Illuminate\\Foundation\\Http\\Middleware\\TransformsRequest->handle(Object(Illuminate\\Http\\Request), Object(Closure))
#27 D:\\File Khan\\Koolyeah\\Sem 4\\PAD2\\kantin_dtedi\\vendor\\laravel\\framework\\src\\Illuminate\\Pipeline\\Pipeline.php(183): Illuminate\\Foundation\\Http\\Middleware\\TrimStrings->handle(Object(Illuminate\\Http\\Request), Object(Closure))
#28 D:\\File Khan\\Koolyeah\\Sem 4\\PAD2\\kantin_dtedi\\vendor\\laravel\\framework\\src\\Illuminate\\Foundation\\Http\\Middleware\\ValidatePostSize.php(27): Illuminate\\Pipeline\\Pipeline->Illuminate\\Pipeline\\{closure}(Object(Illuminate\\Http\\Request))
#29 D:\\File Khan\\Koolyeah\\Sem 4\\PAD2\\kantin_dtedi\\vendor\\laravel\\framework\\src\\Illuminate\\Pipeline\\Pipeline.php(183): Illuminate\\Foundation\\Http\\Middleware\\ValidatePostSize->handle(Object(Illuminate\\Http\\Request), Object(Closure))
#30 D:\\File Khan\\Koolyeah\\Sem 4\\PAD2\\kantin_dtedi\\vendor\\laravel\\framework\\src\\Illuminate\\Foundation\\Http\\Middleware\\PreventRequestsDuringMaintenance.php(99): Illuminate\\Pipeline\\Pipeline->Illuminate\\Pipeline\\{closure}(Object(Illuminate\\Http\\Request))
#31 D:\\File Khan\\Koolyeah\\Sem 4\\PAD2\\kantin_dtedi\\vendor\\laravel\\framework\\src\\Illuminate\\Pipeline\\Pipeline.php(183): Illuminate\\Foundation\\Http\\Middleware\\PreventRequestsDuringMaintenance->handle(Object(Illuminate\\Http\\Request), Object(Closure))
#32 D:\\File Khan\\Koolyeah\\Sem 4\\PAD2\\kantin_dtedi\\vendor\\laravel\\framework\\src\\Illuminate\\Http\\Middleware\\HandleCors.php(62): Illuminate\\Pipeline\\Pipeline->Illuminate\\Pipeline\\{closure}(Object(Illuminate\\Http\\Request))
#33 D:\\File Khan\\Koolyeah\\Sem 4\\PAD2\\kantin_dtedi\\vendor\\laravel\\framework\\src\\Illuminate\\Pipeline\\Pipeline.php(183): Illuminate\\Http\\Middleware\\HandleCors->handle(Object(Illuminate\\Http\\Request), Object(Closure))
#34 D:\\File Khan\\Koolyeah\\Sem 4\\PAD2\\kantin_dtedi\\vendor\\laravel\\framework\\src\\Illuminate\\Http\\Middleware\\TrustProxies.php(39): Illuminate\\Pipeline\\Pipeline->Illuminate\\Pipeline\\{closure}(Object(Illuminate\\Http\\Request))
#35 D:\\File Khan\\Koolyeah\\Sem 4\\PAD2\\kantin_dtedi\\vendor\\laravel\\framework\\src\\Illuminate\\Pipeline\\Pipeline.php(183): Illuminate\\Http\\Middleware\\TrustProxies->handle(Object(Illuminate\\Http\\Request), Object(Closure))
#36 D:\\File Khan\\Koolyeah\\Sem 4\\PAD2\\kantin_dtedi\\vendor\\laravel\\framework\\src\\Illuminate\\Pipeline\\Pipeline.php(119): Illuminate\\Pipeline\\Pipeline->Illuminate\\Pipeline\\{closure}(Object(Illuminate\\Http\\Request))
#37 D:\\File Khan\\Koolyeah\\Sem 4\\PAD2\\kantin_dtedi\\vendor\\laravel\\framework\\src\\Illuminate\\Foundation\\Http\\Kernel.php(175): Illuminate\\Pipeline\\Pipeline->then(Object(Closure))
#38 D:\\File Khan\\Koolyeah\\Sem 4\\PAD2\\kantin_dtedi\\vendor\\laravel\\framework\\src\\Illuminate\\Foundation\\Http\\Kernel.php(144): Illuminate\\Foundation\\Http\\Kernel->sendRequestThroughRouter(Object(Illuminate\\Http\\Request))
#39 D:\\File Khan\\Koolyeah\\Sem 4\\PAD2\\kantin_dtedi\\public\\index.php(52): Illuminate\\Foundation\\Http\\Kernel->handle(Object(Illuminate\\Http\\Request))
#40 D:\\File Khan\\Koolyeah\\Sem 4\\PAD2\\kantin_dtedi\\vendor\\laravel\\framework\\src\\Illuminate\\Foundation\\resources\\server.php(16): require_once('D:\\\\File Khan\\\\Ko...')
#41 {main}
"} 
[2025-02-27 18:39:09] local.ERROR: Illuminate\Auth\SessionGuard::__construct(): Argument #2 ($provider) must be of type Illuminate\Contracts\Auth\UserProvider, null given, called in D:\File Khan\Koolyeah\Sem 4\PAD2\kantin_dtedi\vendor\laravel\framework\src\Illuminate\Auth\AuthManager.php on line 130 {"exception":"[object] (TypeError(code: 0): Illuminate\\Auth\\SessionGuard::__construct(): Argument #2 ($provider) must be of type Illuminate\\Contracts\\Auth\\UserProvider, null given, called in D:\\File Khan\\Koolyeah\\Sem 4\\PAD2\\kantin_dtedi\\vendor\\laravel\\framework\\src\\Illuminate\\Auth\\AuthManager.php on line 130 at D:\\File Khan\\Koolyeah\\Sem 4\\PAD2\\kantin_dtedi\\vendor\\laravel\\framework\\src\\Illuminate\\Auth\\SessionGuard.php:123)
[stacktrace]
#0 D:\\File Khan\\Koolyeah\\Sem 4\\PAD2\\kantin_dtedi\\vendor\\laravel\\framework\\src\\Illuminate\\Auth\\AuthManager.php(130): Illuminate\\Auth\\SessionGuard->__construct('web', NULL, Object(Illuminate\\Session\\Store))
#1 D:\\File Khan\\Koolyeah\\Sem 4\\PAD2\\kantin_dtedi\\vendor\\laravel\\framework\\src\\Illuminate\\Auth\\AuthManager.php(96): Illuminate\\Auth\\AuthManager->createSessionDriver('web', Array)
#2 D:\\File Khan\\Koolyeah\\Sem 4\\PAD2\\kantin_dtedi\\vendor\\laravel\\framework\\src\\Illuminate\\Auth\\AuthManager.php(70): Illuminate\\Auth\\AuthManager->resolve('web')
#3 D:\\File Khan\\Koolyeah\\Sem 4\\PAD2\\kantin_dtedi\\vendor\\laravel\\sanctum\\src\\Guard.php(57): Illuminate\\Auth\\AuthManager->guard('web')
#4 [internal function]: Laravel\\Sanctum\\Guard->__invoke(Object(Illuminate\\Http\\Request), NULL)
#5 D:\\File Khan\\Koolyeah\\Sem 4\\PAD2\\kantin_dtedi\\vendor\\laravel\\framework\\src\\Illuminate\\Auth\\RequestGuard.php(58): call_user_func(Object(Laravel\\Sanctum\\Guard), Object(Illuminate\\Http\\Request), NULL)
#6 D:\\File Khan\\Koolyeah\\Sem 4\\PAD2\\kantin_dtedi\\vendor\\laravel\\framework\\src\\Illuminate\\Auth\\GuardHelpers.php(56): Illuminate\\Auth\\RequestGuard->user()
#7 D:\\File Khan\\Koolyeah\\Sem 4\\PAD2\\kantin_dtedi\\vendor\\laravel\\framework\\src\\Illuminate\\Auth\\Middleware\\Authenticate.php(76): Illuminate\\Auth\\RequestGuard->check()
#8 D:\\File Khan\\Koolyeah\\Sem 4\\PAD2\\kantin_dtedi\\vendor\\laravel\\framework\\src\\Illuminate\\Auth\\Middleware\\Authenticate.php(55): Illuminate\\Auth\\Middleware\\Authenticate->authenticate(Object(Illuminate\\Http\\Request), Array)
#9 D:\\File Khan\\Koolyeah\\Sem 4\\PAD2\\kantin_dtedi\\vendor\\laravel\\framework\\src\\Illuminate\\Pipeline\\Pipeline.php(183): Illuminate\\Auth\\Middleware\\Authenticate->handle(Object(Illuminate\\Http\\Request), Object(Closure), 'sanctum')
#10 D:\\File Khan\\Koolyeah\\Sem 4\\PAD2\\kantin_dtedi\\vendor\\laravel\\sanctum\\src\\Http\\Middleware\\EnsureFrontendRequestsAreStateful.php(25): Illuminate\\Pipeline\\Pipeline->Illuminate\\Pipeline\\{closure}(Object(Illuminate\\Http\\Request))
#11 D:\\File Khan\\Koolyeah\\Sem 4\\PAD2\\kantin_dtedi\\vendor\\laravel\\framework\\src\\Illuminate\\Pipeline\\Pipeline.php(144): Laravel\\Sanctum\\Http\\Middleware\\EnsureFrontendRequestsAreStateful->Laravel\\Sanctum\\Http\\Middleware\\{closure}(Object(Illuminate\\Http\\Request))
#12 D:\\File Khan\\Koolyeah\\Sem 4\\PAD2\\kantin_dtedi\\vendor\\laravel\\framework\\src\\Illuminate\\Pipeline\\Pipeline.php(119): Illuminate\\Pipeline\\Pipeline->Illuminate\\Pipeline\\{closure}(Object(Illuminate\\Http\\Request))
#13 D:\\File Khan\\Koolyeah\\Sem 4\\PAD2\\kantin_dtedi\\vendor\\laravel\\sanctum\\src\\Http\\Middleware\\EnsureFrontendRequestsAreStateful.php(26): Illuminate\\Pipeline\\Pipeline->then(Object(Closure))
#14 D:\\File Khan\\Koolyeah\\Sem 4\\PAD2\\kantin_dtedi\\vendor\\laravel\\framework\\src\\Illuminate\\Pipeline\\Pipeline.php(183): Laravel\\Sanctum\\Http\\Middleware\\EnsureFrontendRequestsAreStateful->handle(Object(Illuminate\\Http\\Request), Object(Closure))
#15 D:\\File Khan\\Koolyeah\\Sem 4\\PAD2\\kantin_dtedi\\vendor\\laravel\\framework\\src\\Illuminate\\Pipeline\\Pipeline.php(119): Illuminate\\Pipeline\\Pipeline->Illuminate\\Pipeline\\{closure}(Object(Illuminate\\Http\\Request))
#16 D:\\File Khan\\Koolyeah\\Sem 4\\PAD2\\kantin_dtedi\\vendor\\laravel\\framework\\src\\Illuminate\\Routing\\Router.php(807): Illuminate\\Pipeline\\Pipeline->then(Object(Closure))
#17 D:\\File Khan\\Koolyeah\\Sem 4\\PAD2\\kantin_dtedi\\vendor\\laravel\\framework\\src\\Illuminate\\Routing\\Router.php(784): Illuminate\\Routing\\Router->runRouteWithinStack(Object(Illuminate\\Routing\\Route), Object(Illuminate\\Http\\Request))
#18 D:\\File Khan\\Koolyeah\\Sem 4\\PAD2\\kantin_dtedi\\vendor\\laravel\\framework\\src\\Illuminate\\Routing\\Router.php(748): Illuminate\\Routing\\Router->runRoute(Object(Illuminate\\Http\\Request), Object(Illuminate\\Routing\\Route))
#19 D:\\File Khan\\Koolyeah\\Sem 4\\PAD2\\kantin_dtedi\\vendor\\laravel\\framework\\src\\Illuminate\\Routing\\Router.php(737): Illuminate\\Routing\\Router->dispatchToRoute(Object(Illuminate\\Http\\Request))
#20 D:\\File Khan\\Koolyeah\\Sem 4\\PAD2\\kantin_dtedi\\vendor\\laravel\\framework\\src\\Illuminate\\Foundation\\Http\\Kernel.php(200): Illuminate\\Routing\\Router->dispatch(Object(Illuminate\\Http\\Request))
#21 D:\\File Khan\\Koolyeah\\Sem 4\\PAD2\\kantin_dtedi\\vendor\\laravel\\framework\\src\\Illuminate\\Pipeline\\Pipeline.php(144): Illuminate\\Foundation\\Http\\Kernel->Illuminate\\Foundation\\Http\\{closure}(Object(Illuminate\\Http\\Request))
#22 D:\\File Khan\\Koolyeah\\Sem 4\\PAD2\\kantin_dtedi\\vendor\\laravel\\framework\\src\\Illuminate\\Foundation\\Http\\Middleware\\TransformsRequest.php(21): Illuminate\\Pipeline\\Pipeline->Illuminate\\Pipeline\\{closure}(Object(Illuminate\\Http\\Request))
#23 D:\\File Khan\\Koolyeah\\Sem 4\\PAD2\\kantin_dtedi\\vendor\\laravel\\framework\\src\\Illuminate\\Foundation\\Http\\Middleware\\ConvertEmptyStringsToNull.php(31): Illuminate\\Foundation\\Http\\Middleware\\TransformsRequest->handle(Object(Illuminate\\Http\\Request), Object(Closure))
#24 D:\\File Khan\\Koolyeah\\Sem 4\\PAD2\\kantin_dtedi\\vendor\\laravel\\framework\\src\\Illuminate\\Pipeline\\Pipeline.php(183): Illuminate\\Foundation\\Http\\Middleware\\ConvertEmptyStringsToNull->handle(Object(Illuminate\\Http\\Request), Object(Closure))
#25 D:\\File Khan\\Koolyeah\\Sem 4\\PAD2\\kantin_dtedi\\vendor\\laravel\\framework\\src\\Illuminate\\Foundation\\Http\\Middleware\\TransformsRequest.php(21): Illuminate\\Pipeline\\Pipeline->Illuminate\\Pipeline\\{closure}(Object(Illuminate\\Http\\Request))
#26 D:\\File Khan\\Koolyeah\\Sem 4\\PAD2\\kantin_dtedi\\vendor\\laravel\\framework\\src\\Illuminate\\Foundation\\Http\\Middleware\\TrimStrings.php(40): Illuminate\\Foundation\\Http\\Middleware\\TransformsRequest->handle(Object(Illuminate\\Http\\Request), Object(Closure))
#27 D:\\File Khan\\Koolyeah\\Sem 4\\PAD2\\kantin_dtedi\\vendor\\laravel\\framework\\src\\Illuminate\\Pipeline\\Pipeline.php(183): Illuminate\\Foundation\\Http\\Middleware\\TrimStrings->handle(Object(Illuminate\\Http\\Request), Object(Closure))
#28 D:\\File Khan\\Koolyeah\\Sem 4\\PAD2\\kantin_dtedi\\vendor\\laravel\\framework\\src\\Illuminate\\Foundation\\Http\\Middleware\\ValidatePostSize.php(27): Illuminate\\Pipeline\\Pipeline->Illuminate\\Pipeline\\{closure}(Object(Illuminate\\Http\\Request))
#29 D:\\File Khan\\Koolyeah\\Sem 4\\PAD2\\kantin_dtedi\\vendor\\laravel\\framework\\src\\Illuminate\\Pipeline\\Pipeline.php(183): Illuminate\\Foundation\\Http\\Middleware\\ValidatePostSize->handle(Object(Illuminate\\Http\\Request), Object(Closure))
#30 D:\\File Khan\\Koolyeah\\Sem 4\\PAD2\\kantin_dtedi\\vendor\\laravel\\framework\\src\\Illuminate\\Foundation\\Http\\Middleware\\PreventRequestsDuringMaintenance.php(99): Illuminate\\Pipeline\\Pipeline->Illuminate\\Pipeline\\{closure}(Object(Illuminate\\Http\\Request))
#31 D:\\File Khan\\Koolyeah\\Sem 4\\PAD2\\kantin_dtedi\\vendor\\laravel\\framework\\src\\Illuminate\\Pipeline\\Pipeline.php(183): Illuminate\\Foundation\\Http\\Middleware\\PreventRequestsDuringMaintenance->handle(Object(Illuminate\\Http\\Request), Object(Closure))
#32 D:\\File Khan\\Koolyeah\\Sem 4\\PAD2\\kantin_dtedi\\vendor\\laravel\\framework\\src\\Illuminate\\Http\\Middleware\\HandleCors.php(62): Illuminate\\Pipeline\\Pipeline->Illuminate\\Pipeline\\{closure}(Object(Illuminate\\Http\\Request))
#33 D:\\File Khan\\Koolyeah\\Sem 4\\PAD2\\kantin_dtedi\\vendor\\laravel\\framework\\src\\Illuminate\\Pipeline\\Pipeline.php(183): Illuminate\\Http\\Middleware\\HandleCors->handle(Object(Illuminate\\Http\\Request), Object(Closure))
#34 D:\\File Khan\\Koolyeah\\Sem 4\\PAD2\\kantin_dtedi\\vendor\\laravel\\framework\\src\\Illuminate\\Http\\Middleware\\TrustProxies.php(39): Illuminate\\Pipeline\\Pipeline->Illuminate\\Pipeline\\{closure}(Object(Illuminate\\Http\\Request))
#35 D:\\File Khan\\Koolyeah\\Sem 4\\PAD2\\kantin_dtedi\\vendor\\laravel\\framework\\src\\Illuminate\\Pipeline\\Pipeline.php(183): Illuminate\\Http\\Middleware\\TrustProxies->handle(Object(Illuminate\\Http\\Request), Object(Closure))
#36 D:\\File Khan\\Koolyeah\\Sem 4\\PAD2\\kantin_dtedi\\vendor\\laravel\\framework\\src\\Illuminate\\Pipeline\\Pipeline.php(119): Illuminate\\Pipeline\\Pipeline->Illuminate\\Pipeline\\{closure}(Object(Illuminate\\Http\\Request))
#37 D:\\File Khan\\Koolyeah\\Sem 4\\PAD2\\kantin_dtedi\\vendor\\laravel\\framework\\src\\Illuminate\\Foundation\\Http\\Kernel.php(175): Illuminate\\Pipeline\\Pipeline->then(Object(Closure))
#38 D:\\File Khan\\Koolyeah\\Sem 4\\PAD2\\kantin_dtedi\\vendor\\laravel\\framework\\src\\Illuminate\\Foundation\\Http\\Kernel.php(144): Illuminate\\Foundation\\Http\\Kernel->sendRequestThroughRouter(Object(Illuminate\\Http\\Request))
#39 D:\\File Khan\\Koolyeah\\Sem 4\\PAD2\\kantin_dtedi\\public\\index.php(52): Illuminate\\Foundation\\Http\\Kernel->handle(Object(Illuminate\\Http\\Request))
#40 D:\\File Khan\\Koolyeah\\Sem 4\\PAD2\\kantin_dtedi\\vendor\\laravel\\framework\\src\\Illuminate\\Foundation\\resources\\server.php(16): require_once('D:\\\\File Khan\\\\Ko...')
#41 {main}
"} 
[2025-02-27 18:39:30] local.ERROR: Illuminate\Auth\SessionGuard::__construct(): Argument #2 ($provider) must be of type Illuminate\Contracts\Auth\UserProvider, null given, called in D:\File Khan\Koolyeah\Sem 4\PAD2\kantin_dtedi\vendor\laravel\framework\src\Illuminate\Auth\AuthManager.php on line 130 {"exception":"[object] (TypeError(code: 0): Illuminate\\Auth\\SessionGuard::__construct(): Argument #2 ($provider) must be of type Illuminate\\Contracts\\Auth\\UserProvider, null given, called in D:\\File Khan\\Koolyeah\\Sem 4\\PAD2\\kantin_dtedi\\vendor\\laravel\\framework\\src\\Illuminate\\Auth\\AuthManager.php on line 130 at D:\\File Khan\\Koolyeah\\Sem 4\\PAD2\\kantin_dtedi\\vendor\\laravel\\framework\\src\\Illuminate\\Auth\\SessionGuard.php:123)
[stacktrace]
#0 D:\\File Khan\\Koolyeah\\Sem 4\\PAD2\\kantin_dtedi\\vendor\\laravel\\framework\\src\\Illuminate\\Auth\\AuthManager.php(130): Illuminate\\Auth\\SessionGuard->__construct('web', NULL, Object(Illuminate\\Session\\Store))
#1 D:\\File Khan\\Koolyeah\\Sem 4\\PAD2\\kantin_dtedi\\vendor\\laravel\\framework\\src\\Illuminate\\Auth\\AuthManager.php(96): Illuminate\\Auth\\AuthManager->createSessionDriver('web', Array)
#2 D:\\File Khan\\Koolyeah\\Sem 4\\PAD2\\kantin_dtedi\\vendor\\laravel\\framework\\src\\Illuminate\\Auth\\AuthManager.php(70): Illuminate\\Auth\\AuthManager->resolve('web')
#3 D:\\File Khan\\Koolyeah\\Sem 4\\PAD2\\kantin_dtedi\\vendor\\laravel\\sanctum\\src\\Guard.php(57): Illuminate\\Auth\\AuthManager->guard('web')
#4 [internal function]: Laravel\\Sanctum\\Guard->__invoke(Object(Illuminate\\Http\\Request), NULL)
#5 D:\\File Khan\\Koolyeah\\Sem 4\\PAD2\\kantin_dtedi\\vendor\\laravel\\framework\\src\\Illuminate\\Auth\\RequestGuard.php(58): call_user_func(Object(Laravel\\Sanctum\\Guard), Object(Illuminate\\Http\\Request), NULL)
#6 D:\\File Khan\\Koolyeah\\Sem 4\\PAD2\\kantin_dtedi\\vendor\\laravel\\framework\\src\\Illuminate\\Auth\\GuardHelpers.php(56): Illuminate\\Auth\\RequestGuard->user()
#7 D:\\File Khan\\Koolyeah\\Sem 4\\PAD2\\kantin_dtedi\\vendor\\laravel\\framework\\src\\Illuminate\\Auth\\Middleware\\Authenticate.php(76): Illuminate\\Auth\\RequestGuard->check()
#8 D:\\File Khan\\Koolyeah\\Sem 4\\PAD2\\kantin_dtedi\\vendor\\laravel\\framework\\src\\Illuminate\\Auth\\Middleware\\Authenticate.php(55): Illuminate\\Auth\\Middleware\\Authenticate->authenticate(Object(Illuminate\\Http\\Request), Array)
#9 D:\\File Khan\\Koolyeah\\Sem 4\\PAD2\\kantin_dtedi\\vendor\\laravel\\framework\\src\\Illuminate\\Pipeline\\Pipeline.php(183): Illuminate\\Auth\\Middleware\\Authenticate->handle(Object(Illuminate\\Http\\Request), Object(Closure), 'sanctum')
#10 D:\\File Khan\\Koolyeah\\Sem 4\\PAD2\\kantin_dtedi\\vendor\\laravel\\sanctum\\src\\Http\\Middleware\\EnsureFrontendRequestsAreStateful.php(25): Illuminate\\Pipeline\\Pipeline->Illuminate\\Pipeline\\{closure}(Object(Illuminate\\Http\\Request))
#11 D:\\File Khan\\Koolyeah\\Sem 4\\PAD2\\kantin_dtedi\\vendor\\laravel\\framework\\src\\Illuminate\\Pipeline\\Pipeline.php(144): Laravel\\Sanctum\\Http\\Middleware\\EnsureFrontendRequestsAreStateful->Laravel\\Sanctum\\Http\\Middleware\\{closure}(Object(Illuminate\\Http\\Request))
#12 D:\\File Khan\\Koolyeah\\Sem 4\\PAD2\\kantin_dtedi\\vendor\\laravel\\framework\\src\\Illuminate\\Pipeline\\Pipeline.php(119): Illuminate\\Pipeline\\Pipeline->Illuminate\\Pipeline\\{closure}(Object(Illuminate\\Http\\Request))
#13 D:\\File Khan\\Koolyeah\\Sem 4\\PAD2\\kantin_dtedi\\vendor\\laravel\\sanctum\\src\\Http\\Middleware\\EnsureFrontendRequestsAreStateful.php(26): Illuminate\\Pipeline\\Pipeline->then(Object(Closure))
#14 D:\\File Khan\\Koolyeah\\Sem 4\\PAD2\\kantin_dtedi\\vendor\\laravel\\framework\\src\\Illuminate\\Pipeline\\Pipeline.php(183): Laravel\\Sanctum\\Http\\Middleware\\EnsureFrontendRequestsAreStateful->handle(Object(Illuminate\\Http\\Request), Object(Closure))
#15 D:\\File Khan\\Koolyeah\\Sem 4\\PAD2\\kantin_dtedi\\vendor\\laravel\\framework\\src\\Illuminate\\Pipeline\\Pipeline.php(119): Illuminate\\Pipeline\\Pipeline->Illuminate\\Pipeline\\{closure}(Object(Illuminate\\Http\\Request))
#16 D:\\File Khan\\Koolyeah\\Sem 4\\PAD2\\kantin_dtedi\\vendor\\laravel\\framework\\src\\Illuminate\\Routing\\Router.php(807): Illuminate\\Pipeline\\Pipeline->then(Object(Closure))
#17 D:\\File Khan\\Koolyeah\\Sem 4\\PAD2\\kantin_dtedi\\vendor\\laravel\\framework\\src\\Illuminate\\Routing\\Router.php(784): Illuminate\\Routing\\Router->runRouteWithinStack(Object(Illuminate\\Routing\\Route), Object(Illuminate\\Http\\Request))
#18 D:\\File Khan\\Koolyeah\\Sem 4\\PAD2\\kantin_dtedi\\vendor\\laravel\\framework\\src\\Illuminate\\Routing\\Router.php(748): Illuminate\\Routing\\Router->runRoute(Object(Illuminate\\Http\\Request), Object(Illuminate\\Routing\\Route))
#19 D:\\File Khan\\Koolyeah\\Sem 4\\PAD2\\kantin_dtedi\\vendor\\laravel\\framework\\src\\Illuminate\\Routing\\Router.php(737): Illuminate\\Routing\\Router->dispatchToRoute(Object(Illuminate\\Http\\Request))
#20 D:\\File Khan\\Koolyeah\\Sem 4\\PAD2\\kantin_dtedi\\vendor\\laravel\\framework\\src\\Illuminate\\Foundation\\Http\\Kernel.php(200): Illuminate\\Routing\\Router->dispatch(Object(Illuminate\\Http\\Request))
#21 D:\\File Khan\\Koolyeah\\Sem 4\\PAD2\\kantin_dtedi\\vendor\\laravel\\framework\\src\\Illuminate\\Pipeline\\Pipeline.php(144): Illuminate\\Foundation\\Http\\Kernel->Illuminate\\Foundation\\Http\\{closure}(Object(Illuminate\\Http\\Request))
#22 D:\\File Khan\\Koolyeah\\Sem 4\\PAD2\\kantin_dtedi\\vendor\\laravel\\framework\\src\\Illuminate\\Foundation\\Http\\Middleware\\TransformsRequest.php(21): Illuminate\\Pipeline\\Pipeline->Illuminate\\Pipeline\\{closure}(Object(Illuminate\\Http\\Request))
#23 D:\\File Khan\\Koolyeah\\Sem 4\\PAD2\\kantin_dtedi\\vendor\\laravel\\framework\\src\\Illuminate\\Foundation\\Http\\Middleware\\ConvertEmptyStringsToNull.php(31): Illuminate\\Foundation\\Http\\Middleware\\TransformsRequest->handle(Object(Illuminate\\Http\\Request), Object(Closure))
#24 D:\\File Khan\\Koolyeah\\Sem 4\\PAD2\\kantin_dtedi\\vendor\\laravel\\framework\\src\\Illuminate\\Pipeline\\Pipeline.php(183): Illuminate\\Foundation\\Http\\Middleware\\ConvertEmptyStringsToNull->handle(Object(Illuminate\\Http\\Request), Object(Closure))
#25 D:\\File Khan\\Koolyeah\\Sem 4\\PAD2\\kantin_dtedi\\vendor\\laravel\\framework\\src\\Illuminate\\Foundation\\Http\\Middleware\\TransformsRequest.php(21): Illuminate\\Pipeline\\Pipeline->Illuminate\\Pipeline\\{closure}(Object(Illuminate\\Http\\Request))
#26 D:\\File Khan\\Koolyeah\\Sem 4\\PAD2\\kantin_dtedi\\vendor\\laravel\\framework\\src\\Illuminate\\Foundation\\Http\\Middleware\\TrimStrings.php(40): Illuminate\\Foundation\\Http\\Middleware\\TransformsRequest->handle(Object(Illuminate\\Http\\Request), Object(Closure))
#27 D:\\File Khan\\Koolyeah\\Sem 4\\PAD2\\kantin_dtedi\\vendor\\laravel\\framework\\src\\Illuminate\\Pipeline\\Pipeline.php(183): Illuminate\\Foundation\\Http\\Middleware\\TrimStrings->handle(Object(Illuminate\\Http\\Request), Object(Closure))
#28 D:\\File Khan\\Koolyeah\\Sem 4\\PAD2\\kantin_dtedi\\vendor\\laravel\\framework\\src\\Illuminate\\Foundation\\Http\\Middleware\\ValidatePostSize.php(27): Illuminate\\Pipeline\\Pipeline->Illuminate\\Pipeline\\{closure}(Object(Illuminate\\Http\\Request))
#29 D:\\File Khan\\Koolyeah\\Sem 4\\PAD2\\kantin_dtedi\\vendor\\laravel\\framework\\src\\Illuminate\\Pipeline\\Pipeline.php(183): Illuminate\\Foundation\\Http\\Middleware\\ValidatePostSize->handle(Object(Illuminate\\Http\\Request), Object(Closure))
#30 D:\\File Khan\\Koolyeah\\Sem 4\\PAD2\\kantin_dtedi\\vendor\\laravel\\framework\\src\\Illuminate\\Foundation\\Http\\Middleware\\PreventRequestsDuringMaintenance.php(99): Illuminate\\Pipeline\\Pipeline->Illuminate\\Pipeline\\{closure}(Object(Illuminate\\Http\\Request))
#31 D:\\File Khan\\Koolyeah\\Sem 4\\PAD2\\kantin_dtedi\\vendor\\laravel\\framework\\src\\Illuminate\\Pipeline\\Pipeline.php(183): Illuminate\\Foundation\\Http\\Middleware\\PreventRequestsDuringMaintenance->handle(Object(Illuminate\\Http\\Request), Object(Closure))
#32 D:\\File Khan\\Koolyeah\\Sem 4\\PAD2\\kantin_dtedi\\vendor\\laravel\\framework\\src\\Illuminate\\Http\\Middleware\\HandleCors.php(62): Illuminate\\Pipeline\\Pipeline->Illuminate\\Pipeline\\{closure}(Object(Illuminate\\Http\\Request))
#33 D:\\File Khan\\Koolyeah\\Sem 4\\PAD2\\kantin_dtedi\\vendor\\laravel\\framework\\src\\Illuminate\\Pipeline\\Pipeline.php(183): Illuminate\\Http\\Middleware\\HandleCors->handle(Object(Illuminate\\Http\\Request), Object(Closure))
#34 D:\\File Khan\\Koolyeah\\Sem 4\\PAD2\\kantin_dtedi\\vendor\\laravel\\framework\\src\\Illuminate\\Http\\Middleware\\TrustProxies.php(39): Illuminate\\Pipeline\\Pipeline->Illuminate\\Pipeline\\{closure}(Object(Illuminate\\Http\\Request))
#35 D:\\File Khan\\Koolyeah\\Sem 4\\PAD2\\kantin_dtedi\\vendor\\laravel\\framework\\src\\Illuminate\\Pipeline\\Pipeline.php(183): Illuminate\\Http\\Middleware\\TrustProxies->handle(Object(Illuminate\\Http\\Request), Object(Closure))
#36 D:\\File Khan\\Koolyeah\\Sem 4\\PAD2\\kantin_dtedi\\vendor\\laravel\\framework\\src\\Illuminate\\Pipeline\\Pipeline.php(119): Illuminate\\Pipeline\\Pipeline->Illuminate\\Pipeline\\{closure}(Object(Illuminate\\Http\\Request))
#37 D:\\File Khan\\Koolyeah\\Sem 4\\PAD2\\kantin_dtedi\\vendor\\laravel\\framework\\src\\Illuminate\\Foundation\\Http\\Kernel.php(175): Illuminate\\Pipeline\\Pipeline->then(Object(Closure))
#38 D:\\File Khan\\Koolyeah\\Sem 4\\PAD2\\kantin_dtedi\\vendor\\laravel\\framework\\src\\Illuminate\\Foundation\\Http\\Kernel.php(144): Illuminate\\Foundation\\Http\\Kernel->sendRequestThroughRouter(Object(Illuminate\\Http\\Request))
#39 D:\\File Khan\\Koolyeah\\Sem 4\\PAD2\\kantin_dtedi\\public\\index.php(52): Illuminate\\Foundation\\Http\\Kernel->handle(Object(Illuminate\\Http\\Request))
#40 D:\\File Khan\\Koolyeah\\Sem 4\\PAD2\\kantin_dtedi\\vendor\\laravel\\framework\\src\\Illuminate\\Foundation\\resources\\server.php(16): require_once('D:\\\\File Khan\\\\Ko...')
#41 {main}
"} 
[2025-02-27 18:43:27] local.ERROR: Illuminate\Auth\SessionGuard::__construct(): Argument #2 ($provider) must be of type Illuminate\Contracts\Auth\UserProvider, null given, called in D:\File Khan\Koolyeah\Sem 4\PAD2\kantin_dtedi\vendor\laravel\framework\src\Illuminate\Auth\AuthManager.php on line 130 {"exception":"[object] (TypeError(code: 0): Illuminate\\Auth\\SessionGuard::__construct(): Argument #2 ($provider) must be of type Illuminate\\Contracts\\Auth\\UserProvider, null given, called in D:\\File Khan\\Koolyeah\\Sem 4\\PAD2\\kantin_dtedi\\vendor\\laravel\\framework\\src\\Illuminate\\Auth\\AuthManager.php on line 130 at D:\\File Khan\\Koolyeah\\Sem 4\\PAD2\\kantin_dtedi\\vendor\\laravel\\framework\\src\\Illuminate\\Auth\\SessionGuard.php:123)
[stacktrace]
#0 D:\\File Khan\\Koolyeah\\Sem 4\\PAD2\\kantin_dtedi\\vendor\\laravel\\framework\\src\\Illuminate\\Auth\\AuthManager.php(130): Illuminate\\Auth\\SessionGuard->__construct('web', NULL, Object(Illuminate\\Session\\Store))
#1 D:\\File Khan\\Koolyeah\\Sem 4\\PAD2\\kantin_dtedi\\vendor\\laravel\\framework\\src\\Illuminate\\Auth\\AuthManager.php(96): Illuminate\\Auth\\AuthManager->createSessionDriver('web', Array)
#2 D:\\File Khan\\Koolyeah\\Sem 4\\PAD2\\kantin_dtedi\\vendor\\laravel\\framework\\src\\Illuminate\\Auth\\AuthManager.php(70): Illuminate\\Auth\\AuthManager->resolve('web')
#3 D:\\File Khan\\Koolyeah\\Sem 4\\PAD2\\kantin_dtedi\\vendor\\laravel\\sanctum\\src\\Guard.php(57): Illuminate\\Auth\\AuthManager->guard('web')
#4 [internal function]: Laravel\\Sanctum\\Guard->__invoke(Object(Illuminate\\Http\\Request), NULL)
#5 D:\\File Khan\\Koolyeah\\Sem 4\\PAD2\\kantin_dtedi\\vendor\\laravel\\framework\\src\\Illuminate\\Auth\\RequestGuard.php(58): call_user_func(Object(Laravel\\Sanctum\\Guard), Object(Illuminate\\Http\\Request), NULL)
#6 D:\\File Khan\\Koolyeah\\Sem 4\\PAD2\\kantin_dtedi\\vendor\\laravel\\framework\\src\\Illuminate\\Auth\\GuardHelpers.php(56): Illuminate\\Auth\\RequestGuard->user()
#7 D:\\File Khan\\Koolyeah\\Sem 4\\PAD2\\kantin_dtedi\\vendor\\laravel\\framework\\src\\Illuminate\\Auth\\Middleware\\Authenticate.php(76): Illuminate\\Auth\\RequestGuard->check()
#8 D:\\File Khan\\Koolyeah\\Sem 4\\PAD2\\kantin_dtedi\\vendor\\laravel\\framework\\src\\Illuminate\\Auth\\Middleware\\Authenticate.php(55): Illuminate\\Auth\\Middleware\\Authenticate->authenticate(Object(Illuminate\\Http\\Request), Array)
#9 D:\\File Khan\\Koolyeah\\Sem 4\\PAD2\\kantin_dtedi\\vendor\\laravel\\framework\\src\\Illuminate\\Pipeline\\Pipeline.php(183): Illuminate\\Auth\\Middleware\\Authenticate->handle(Object(Illuminate\\Http\\Request), Object(Closure), 'sanctum')
#10 D:\\File Khan\\Koolyeah\\Sem 4\\PAD2\\kantin_dtedi\\vendor\\laravel\\sanctum\\src\\Http\\Middleware\\EnsureFrontendRequestsAreStateful.php(25): Illuminate\\Pipeline\\Pipeline->Illuminate\\Pipeline\\{closure}(Object(Illuminate\\Http\\Request))
#11 D:\\File Khan\\Koolyeah\\Sem 4\\PAD2\\kantin_dtedi\\vendor\\laravel\\framework\\src\\Illuminate\\Pipeline\\Pipeline.php(144): Laravel\\Sanctum\\Http\\Middleware\\EnsureFrontendRequestsAreStateful->Laravel\\Sanctum\\Http\\Middleware\\{closure}(Object(Illuminate\\Http\\Request))
#12 D:\\File Khan\\Koolyeah\\Sem 4\\PAD2\\kantin_dtedi\\vendor\\laravel\\framework\\src\\Illuminate\\Pipeline\\Pipeline.php(119): Illuminate\\Pipeline\\Pipeline->Illuminate\\Pipeline\\{closure}(Object(Illuminate\\Http\\Request))
#13 D:\\File Khan\\Koolyeah\\Sem 4\\PAD2\\kantin_dtedi\\vendor\\laravel\\sanctum\\src\\Http\\Middleware\\EnsureFrontendRequestsAreStateful.php(26): Illuminate\\Pipeline\\Pipeline->then(Object(Closure))
#14 D:\\File Khan\\Koolyeah\\Sem 4\\PAD2\\kantin_dtedi\\vendor\\laravel\\framework\\src\\Illuminate\\Pipeline\\Pipeline.php(183): Laravel\\Sanctum\\Http\\Middleware\\EnsureFrontendRequestsAreStateful->handle(Object(Illuminate\\Http\\Request), Object(Closure))
#15 D:\\File Khan\\Koolyeah\\Sem 4\\PAD2\\kantin_dtedi\\vendor\\laravel\\framework\\src\\Illuminate\\Pipeline\\Pipeline.php(119): Illuminate\\Pipeline\\Pipeline->Illuminate\\Pipeline\\{closure}(Object(Illuminate\\Http\\Request))
#16 D:\\File Khan\\Koolyeah\\Sem 4\\PAD2\\kantin_dtedi\\vendor\\laravel\\framework\\src\\Illuminate\\Routing\\Router.php(807): Illuminate\\Pipeline\\Pipeline->then(Object(Closure))
#17 D:\\File Khan\\Koolyeah\\Sem 4\\PAD2\\kantin_dtedi\\vendor\\laravel\\framework\\src\\Illuminate\\Routing\\Router.php(784): Illuminate\\Routing\\Router->runRouteWithinStack(Object(Illuminate\\Routing\\Route), Object(Illuminate\\Http\\Request))
#18 D:\\File Khan\\Koolyeah\\Sem 4\\PAD2\\kantin_dtedi\\vendor\\laravel\\framework\\src\\Illuminate\\Routing\\Router.php(748): Illuminate\\Routing\\Router->runRoute(Object(Illuminate\\Http\\Request), Object(Illuminate\\Routing\\Route))
#19 D:\\File Khan\\Koolyeah\\Sem 4\\PAD2\\kantin_dtedi\\vendor\\laravel\\framework\\src\\Illuminate\\Routing\\Router.php(737): Illuminate\\Routing\\Router->dispatchToRoute(Object(Illuminate\\Http\\Request))
#20 D:\\File Khan\\Koolyeah\\Sem 4\\PAD2\\kantin_dtedi\\vendor\\laravel\\framework\\src\\Illuminate\\Foundation\\Http\\Kernel.php(200): Illuminate\\Routing\\Router->dispatch(Object(Illuminate\\Http\\Request))
#21 D:\\File Khan\\Koolyeah\\Sem 4\\PAD2\\kantin_dtedi\\vendor\\laravel\\framework\\src\\Illuminate\\Pipeline\\Pipeline.php(144): Illuminate\\Foundation\\Http\\Kernel->Illuminate\\Foundation\\Http\\{closure}(Object(Illuminate\\Http\\Request))
#22 D:\\File Khan\\Koolyeah\\Sem 4\\PAD2\\kantin_dtedi\\vendor\\laravel\\framework\\src\\Illuminate\\Foundation\\Http\\Middleware\\TransformsRequest.php(21): Illuminate\\Pipeline\\Pipeline->Illuminate\\Pipeline\\{closure}(Object(Illuminate\\Http\\Request))
#23 D:\\File Khan\\Koolyeah\\Sem 4\\PAD2\\kantin_dtedi\\vendor\\laravel\\framework\\src\\Illuminate\\Foundation\\Http\\Middleware\\ConvertEmptyStringsToNull.php(31): Illuminate\\Foundation\\Http\\Middleware\\TransformsRequest->handle(Object(Illuminate\\Http\\Request), Object(Closure))
#24 D:\\File Khan\\Koolyeah\\Sem 4\\PAD2\\kantin_dtedi\\vendor\\laravel\\framework\\src\\Illuminate\\Pipeline\\Pipeline.php(183): Illuminate\\Foundation\\Http\\Middleware\\ConvertEmptyStringsToNull->handle(Object(Illuminate\\Http\\Request), Object(Closure))
#25 D:\\File Khan\\Koolyeah\\Sem 4\\PAD2\\kantin_dtedi\\vendor\\laravel\\framework\\src\\Illuminate\\Foundation\\Http\\Middleware\\TransformsRequest.php(21): Illuminate\\Pipeline\\Pipeline->Illuminate\\Pipeline\\{closure}(Object(Illuminate\\Http\\Request))
#26 D:\\File Khan\\Koolyeah\\Sem 4\\PAD2\\kantin_dtedi\\vendor\\laravel\\framework\\src\\Illuminate\\Foundation\\Http\\Middleware\\TrimStrings.php(40): Illuminate\\Foundation\\Http\\Middleware\\TransformsRequest->handle(Object(Illuminate\\Http\\Request), Object(Closure))
#27 D:\\File Khan\\Koolyeah\\Sem 4\\PAD2\\kantin_dtedi\\vendor\\laravel\\framework\\src\\Illuminate\\Pipeline\\Pipeline.php(183): Illuminate\\Foundation\\Http\\Middleware\\TrimStrings->handle(Object(Illuminate\\Http\\Request), Object(Closure))
#28 D:\\File Khan\\Koolyeah\\Sem 4\\PAD2\\kantin_dtedi\\vendor\\laravel\\framework\\src\\Illuminate\\Foundation\\Http\\Middleware\\ValidatePostSize.php(27): Illuminate\\Pipeline\\Pipeline->Illuminate\\Pipeline\\{closure}(Object(Illuminate\\Http\\Request))
#29 D:\\File Khan\\Koolyeah\\Sem 4\\PAD2\\kantin_dtedi\\vendor\\laravel\\framework\\src\\Illuminate\\Pipeline\\Pipeline.php(183): Illuminate\\Foundation\\Http\\Middleware\\ValidatePostSize->handle(Object(Illuminate\\Http\\Request), Object(Closure))
#30 D:\\File Khan\\Koolyeah\\Sem 4\\PAD2\\kantin_dtedi\\vendor\\laravel\\framework\\src\\Illuminate\\Foundation\\Http\\Middleware\\PreventRequestsDuringMaintenance.php(99): Illuminate\\Pipeline\\Pipeline->Illuminate\\Pipeline\\{closure}(Object(Illuminate\\Http\\Request))
#31 D:\\File Khan\\Koolyeah\\Sem 4\\PAD2\\kantin_dtedi\\vendor\\laravel\\framework\\src\\Illuminate\\Pipeline\\Pipeline.php(183): Illuminate\\Foundation\\Http\\Middleware\\PreventRequestsDuringMaintenance->handle(Object(Illuminate\\Http\\Request), Object(Closure))
#32 D:\\File Khan\\Koolyeah\\Sem 4\\PAD2\\kantin_dtedi\\vendor\\laravel\\framework\\src\\Illuminate\\Http\\Middleware\\HandleCors.php(62): Illuminate\\Pipeline\\Pipeline->Illuminate\\Pipeline\\{closure}(Object(Illuminate\\Http\\Request))
#33 D:\\File Khan\\Koolyeah\\Sem 4\\PAD2\\kantin_dtedi\\vendor\\laravel\\framework\\src\\Illuminate\\Pipeline\\Pipeline.php(183): Illuminate\\Http\\Middleware\\HandleCors->handle(Object(Illuminate\\Http\\Request), Object(Closure))
#34 D:\\File Khan\\Koolyeah\\Sem 4\\PAD2\\kantin_dtedi\\vendor\\laravel\\framework\\src\\Illuminate\\Http\\Middleware\\TrustProxies.php(39): Illuminate\\Pipeline\\Pipeline->Illuminate\\Pipeline\\{closure}(Object(Illuminate\\Http\\Request))
#35 D:\\File Khan\\Koolyeah\\Sem 4\\PAD2\\kantin_dtedi\\vendor\\laravel\\framework\\src\\Illuminate\\Pipeline\\Pipeline.php(183): Illuminate\\Http\\Middleware\\TrustProxies->handle(Object(Illuminate\\Http\\Request), Object(Closure))
#36 D:\\File Khan\\Koolyeah\\Sem 4\\PAD2\\kantin_dtedi\\vendor\\laravel\\framework\\src\\Illuminate\\Pipeline\\Pipeline.php(119): Illuminate\\Pipeline\\Pipeline->Illuminate\\Pipeline\\{closure}(Object(Illuminate\\Http\\Request))
#37 D:\\File Khan\\Koolyeah\\Sem 4\\PAD2\\kantin_dtedi\\vendor\\laravel\\framework\\src\\Illuminate\\Foundation\\Http\\Kernel.php(175): Illuminate\\Pipeline\\Pipeline->then(Object(Closure))
#38 D:\\File Khan\\Koolyeah\\Sem 4\\PAD2\\kantin_dtedi\\vendor\\laravel\\framework\\src\\Illuminate\\Foundation\\Http\\Kernel.php(144): Illuminate\\Foundation\\Http\\Kernel->sendRequestThroughRouter(Object(Illuminate\\Http\\Request))
#39 D:\\File Khan\\Koolyeah\\Sem 4\\PAD2\\kantin_dtedi\\public\\index.php(52): Illuminate\\Foundation\\Http\\Kernel->handle(Object(Illuminate\\Http\\Request))
#40 D:\\File Khan\\Koolyeah\\Sem 4\\PAD2\\kantin_dtedi\\vendor\\laravel\\framework\\src\\Illuminate\\Foundation\\resources\\server.php(16): require_once('D:\\\\File Khan\\\\Ko...')
#41 {main}
"} 
[2025-02-27 18:45:25] local.ERROR: Illuminate\Auth\SessionGuard::__construct(): Argument #2 ($provider) must be of type Illuminate\Contracts\Auth\UserProvider, null given, called in D:\File Khan\Koolyeah\Sem 4\PAD2\kantin_dtedi\vendor\laravel\framework\src\Illuminate\Auth\AuthManager.php on line 130 {"exception":"[object] (TypeError(code: 0): Illuminate\\Auth\\SessionGuard::__construct(): Argument #2 ($provider) must be of type Illuminate\\Contracts\\Auth\\UserProvider, null given, called in D:\\File Khan\\Koolyeah\\Sem 4\\PAD2\\kantin_dtedi\\vendor\\laravel\\framework\\src\\Illuminate\\Auth\\AuthManager.php on line 130 at D:\\File Khan\\Koolyeah\\Sem 4\\PAD2\\kantin_dtedi\\vendor\\laravel\\framework\\src\\Illuminate\\Auth\\SessionGuard.php:123)
[stacktrace]
#0 D:\\File Khan\\Koolyeah\\Sem 4\\PAD2\\kantin_dtedi\\vendor\\laravel\\framework\\src\\Illuminate\\Auth\\AuthManager.php(130): Illuminate\\Auth\\SessionGuard->__construct('web', NULL, Object(Illuminate\\Session\\Store))
#1 D:\\File Khan\\Koolyeah\\Sem 4\\PAD2\\kantin_dtedi\\vendor\\laravel\\framework\\src\\Illuminate\\Auth\\AuthManager.php(96): Illuminate\\Auth\\AuthManager->createSessionDriver('web', Array)
#2 D:\\File Khan\\Koolyeah\\Sem 4\\PAD2\\kantin_dtedi\\vendor\\laravel\\framework\\src\\Illuminate\\Auth\\AuthManager.php(70): Illuminate\\Auth\\AuthManager->resolve('web')
#3 D:\\File Khan\\Koolyeah\\Sem 4\\PAD2\\kantin_dtedi\\vendor\\laravel\\sanctum\\src\\Guard.php(57): Illuminate\\Auth\\AuthManager->guard('web')
#4 [internal function]: Laravel\\Sanctum\\Guard->__invoke(Object(Illuminate\\Http\\Request), NULL)
#5 D:\\File Khan\\Koolyeah\\Sem 4\\PAD2\\kantin_dtedi\\vendor\\laravel\\framework\\src\\Illuminate\\Auth\\RequestGuard.php(58): call_user_func(Object(Laravel\\Sanctum\\Guard), Object(Illuminate\\Http\\Request), NULL)
#6 D:\\File Khan\\Koolyeah\\Sem 4\\PAD2\\kantin_dtedi\\vendor\\laravel\\framework\\src\\Illuminate\\Auth\\GuardHelpers.php(56): Illuminate\\Auth\\RequestGuard->user()
#7 D:\\File Khan\\Koolyeah\\Sem 4\\PAD2\\kantin_dtedi\\vendor\\laravel\\framework\\src\\Illuminate\\Auth\\Middleware\\Authenticate.php(76): Illuminate\\Auth\\RequestGuard->check()
#8 D:\\File Khan\\Koolyeah\\Sem 4\\PAD2\\kantin_dtedi\\vendor\\laravel\\framework\\src\\Illuminate\\Auth\\Middleware\\Authenticate.php(55): Illuminate\\Auth\\Middleware\\Authenticate->authenticate(Object(Illuminate\\Http\\Request), Array)
#9 D:\\File Khan\\Koolyeah\\Sem 4\\PAD2\\kantin_dtedi\\vendor\\laravel\\framework\\src\\Illuminate\\Pipeline\\Pipeline.php(183): Illuminate\\Auth\\Middleware\\Authenticate->handle(Object(Illuminate\\Http\\Request), Object(Closure), 'sanctum')
#10 D:\\File Khan\\Koolyeah\\Sem 4\\PAD2\\kantin_dtedi\\vendor\\laravel\\sanctum\\src\\Http\\Middleware\\EnsureFrontendRequestsAreStateful.php(25): Illuminate\\Pipeline\\Pipeline->Illuminate\\Pipeline\\{closure}(Object(Illuminate\\Http\\Request))
#11 D:\\File Khan\\Koolyeah\\Sem 4\\PAD2\\kantin_dtedi\\vendor\\laravel\\framework\\src\\Illuminate\\Pipeline\\Pipeline.php(144): Laravel\\Sanctum\\Http\\Middleware\\EnsureFrontendRequestsAreStateful->Laravel\\Sanctum\\Http\\Middleware\\{closure}(Object(Illuminate\\Http\\Request))
#12 D:\\File Khan\\Koolyeah\\Sem 4\\PAD2\\kantin_dtedi\\vendor\\laravel\\framework\\src\\Illuminate\\Pipeline\\Pipeline.php(119): Illuminate\\Pipeline\\Pipeline->Illuminate\\Pipeline\\{closure}(Object(Illuminate\\Http\\Request))
#13 D:\\File Khan\\Koolyeah\\Sem 4\\PAD2\\kantin_dtedi\\vendor\\laravel\\sanctum\\src\\Http\\Middleware\\EnsureFrontendRequestsAreStateful.php(26): Illuminate\\Pipeline\\Pipeline->then(Object(Closure))
#14 D:\\File Khan\\Koolyeah\\Sem 4\\PAD2\\kantin_dtedi\\vendor\\laravel\\framework\\src\\Illuminate\\Pipeline\\Pipeline.php(183): Laravel\\Sanctum\\Http\\Middleware\\EnsureFrontendRequestsAreStateful->handle(Object(Illuminate\\Http\\Request), Object(Closure))
#15 D:\\File Khan\\Koolyeah\\Sem 4\\PAD2\\kantin_dtedi\\vendor\\laravel\\framework\\src\\Illuminate\\Pipeline\\Pipeline.php(119): Illuminate\\Pipeline\\Pipeline->Illuminate\\Pipeline\\{closure}(Object(Illuminate\\Http\\Request))
#16 D:\\File Khan\\Koolyeah\\Sem 4\\PAD2\\kantin_dtedi\\vendor\\laravel\\framework\\src\\Illuminate\\Routing\\Router.php(807): Illuminate\\Pipeline\\Pipeline->then(Object(Closure))
#17 D:\\File Khan\\Koolyeah\\Sem 4\\PAD2\\kantin_dtedi\\vendor\\laravel\\framework\\src\\Illuminate\\Routing\\Router.php(784): Illuminate\\Routing\\Router->runRouteWithinStack(Object(Illuminate\\Routing\\Route), Object(Illuminate\\Http\\Request))
#18 D:\\File Khan\\Koolyeah\\Sem 4\\PAD2\\kantin_dtedi\\vendor\\laravel\\framework\\src\\Illuminate\\Routing\\Router.php(748): Illuminate\\Routing\\Router->runRoute(Object(Illuminate\\Http\\Request), Object(Illuminate\\Routing\\Route))
#19 D:\\File Khan\\Koolyeah\\Sem 4\\PAD2\\kantin_dtedi\\vendor\\laravel\\framework\\src\\Illuminate\\Routing\\Router.php(737): Illuminate\\Routing\\Router->dispatchToRoute(Object(Illuminate\\Http\\Request))
#20 D:\\File Khan\\Koolyeah\\Sem 4\\PAD2\\kantin_dtedi\\vendor\\laravel\\framework\\src\\Illuminate\\Foundation\\Http\\Kernel.php(200): Illuminate\\Routing\\Router->dispatch(Object(Illuminate\\Http\\Request))
#21 D:\\File Khan\\Koolyeah\\Sem 4\\PAD2\\kantin_dtedi\\vendor\\laravel\\framework\\src\\Illuminate\\Pipeline\\Pipeline.php(144): Illuminate\\Foundation\\Http\\Kernel->Illuminate\\Foundation\\Http\\{closure}(Object(Illuminate\\Http\\Request))
#22 D:\\File Khan\\Koolyeah\\Sem 4\\PAD2\\kantin_dtedi\\vendor\\laravel\\framework\\src\\Illuminate\\Foundation\\Http\\Middleware\\TransformsRequest.php(21): Illuminate\\Pipeline\\Pipeline->Illuminate\\Pipeline\\{closure}(Object(Illuminate\\Http\\Request))
#23 D:\\File Khan\\Koolyeah\\Sem 4\\PAD2\\kantin_dtedi\\vendor\\laravel\\framework\\src\\Illuminate\\Foundation\\Http\\Middleware\\ConvertEmptyStringsToNull.php(31): Illuminate\\Foundation\\Http\\Middleware\\TransformsRequest->handle(Object(Illuminate\\Http\\Request), Object(Closure))
#24 D:\\File Khan\\Koolyeah\\Sem 4\\PAD2\\kantin_dtedi\\vendor\\laravel\\framework\\src\\Illuminate\\Pipeline\\Pipeline.php(183): Illuminate\\Foundation\\Http\\Middleware\\ConvertEmptyStringsToNull->handle(Object(Illuminate\\Http\\Request), Object(Closure))
#25 D:\\File Khan\\Koolyeah\\Sem 4\\PAD2\\kantin_dtedi\\vendor\\laravel\\framework\\src\\Illuminate\\Foundation\\Http\\Middleware\\TransformsRequest.php(21): Illuminate\\Pipeline\\Pipeline->Illuminate\\Pipeline\\{closure}(Object(Illuminate\\Http\\Request))
#26 D:\\File Khan\\Koolyeah\\Sem 4\\PAD2\\kantin_dtedi\\vendor\\laravel\\framework\\src\\Illuminate\\Foundation\\Http\\Middleware\\TrimStrings.php(40): Illuminate\\Foundation\\Http\\Middleware\\TransformsRequest->handle(Object(Illuminate\\Http\\Request), Object(Closure))
#27 D:\\File Khan\\Koolyeah\\Sem 4\\PAD2\\kantin_dtedi\\vendor\\laravel\\framework\\src\\Illuminate\\Pipeline\\Pipeline.php(183): Illuminate\\Foundation\\Http\\Middleware\\TrimStrings->handle(Object(Illuminate\\Http\\Request), Object(Closure))
#28 D:\\File Khan\\Koolyeah\\Sem 4\\PAD2\\kantin_dtedi\\vendor\\laravel\\framework\\src\\Illuminate\\Foundation\\Http\\Middleware\\ValidatePostSize.php(27): Illuminate\\Pipeline\\Pipeline->Illuminate\\Pipeline\\{closure}(Object(Illuminate\\Http\\Request))
#29 D:\\File Khan\\Koolyeah\\Sem 4\\PAD2\\kantin_dtedi\\vendor\\laravel\\framework\\src\\Illuminate\\Pipeline\\Pipeline.php(183): Illuminate\\Foundation\\Http\\Middleware\\ValidatePostSize->handle(Object(Illuminate\\Http\\Request), Object(Closure))
#30 D:\\File Khan\\Koolyeah\\Sem 4\\PAD2\\kantin_dtedi\\vendor\\laravel\\framework\\src\\Illuminate\\Foundation\\Http\\Middleware\\PreventRequestsDuringMaintenance.php(99): Illuminate\\Pipeline\\Pipeline->Illuminate\\Pipeline\\{closure}(Object(Illuminate\\Http\\Request))
#31 D:\\File Khan\\Koolyeah\\Sem 4\\PAD2\\kantin_dtedi\\vendor\\laravel\\framework\\src\\Illuminate\\Pipeline\\Pipeline.php(183): Illuminate\\Foundation\\Http\\Middleware\\PreventRequestsDuringMaintenance->handle(Object(Illuminate\\Http\\Request), Object(Closure))
#32 D:\\File Khan\\Koolyeah\\Sem 4\\PAD2\\kantin_dtedi\\vendor\\laravel\\framework\\src\\Illuminate\\Http\\Middleware\\HandleCors.php(62): Illuminate\\Pipeline\\Pipeline->Illuminate\\Pipeline\\{closure}(Object(Illuminate\\Http\\Request))
#33 D:\\File Khan\\Koolyeah\\Sem 4\\PAD2\\kantin_dtedi\\vendor\\laravel\\framework\\src\\Illuminate\\Pipeline\\Pipeline.php(183): Illuminate\\Http\\Middleware\\HandleCors->handle(Object(Illuminate\\Http\\Request), Object(Closure))
#34 D:\\File Khan\\Koolyeah\\Sem 4\\PAD2\\kantin_dtedi\\vendor\\laravel\\framework\\src\\Illuminate\\Http\\Middleware\\TrustProxies.php(39): Illuminate\\Pipeline\\Pipeline->Illuminate\\Pipeline\\{closure}(Object(Illuminate\\Http\\Request))
#35 D:\\File Khan\\Koolyeah\\Sem 4\\PAD2\\kantin_dtedi\\vendor\\laravel\\framework\\src\\Illuminate\\Pipeline\\Pipeline.php(183): Illuminate\\Http\\Middleware\\TrustProxies->handle(Object(Illuminate\\Http\\Request), Object(Closure))
#36 D:\\File Khan\\Koolyeah\\Sem 4\\PAD2\\kantin_dtedi\\vendor\\laravel\\framework\\src\\Illuminate\\Pipeline\\Pipeline.php(119): Illuminate\\Pipeline\\Pipeline->Illuminate\\Pipeline\\{closure}(Object(Illuminate\\Http\\Request))
#37 D:\\File Khan\\Koolyeah\\Sem 4\\PAD2\\kantin_dtedi\\vendor\\laravel\\framework\\src\\Illuminate\\Foundation\\Http\\Kernel.php(175): Illuminate\\Pipeline\\Pipeline->then(Object(Closure))
#38 D:\\File Khan\\Koolyeah\\Sem 4\\PAD2\\kantin_dtedi\\vendor\\laravel\\framework\\src\\Illuminate\\Foundation\\Http\\Kernel.php(144): Illuminate\\Foundation\\Http\\Kernel->sendRequestThroughRouter(Object(Illuminate\\Http\\Request))
#39 D:\\File Khan\\Koolyeah\\Sem 4\\PAD2\\kantin_dtedi\\public\\index.php(52): Illuminate\\Foundation\\Http\\Kernel->handle(Object(Illuminate\\Http\\Request))
#40 D:\\File Khan\\Koolyeah\\Sem 4\\PAD2\\kantin_dtedi\\vendor\\laravel\\framework\\src\\Illuminate\\Foundation\\resources\\server.php(16): require_once('D:\\\\File Khan\\\\Ko...')
#41 {main}
"} 
[2025-02-27 18:45:37] local.ERROR: Illuminate\Auth\SessionGuard::__construct(): Argument #2 ($provider) must be of type Illuminate\Contracts\Auth\UserProvider, null given, called in D:\File Khan\Koolyeah\Sem 4\PAD2\kantin_dtedi\vendor\laravel\framework\src\Illuminate\Auth\AuthManager.php on line 130 {"exception":"[object] (TypeError(code: 0): Illuminate\\Auth\\SessionGuard::__construct(): Argument #2 ($provider) must be of type Illuminate\\Contracts\\Auth\\UserProvider, null given, called in D:\\File Khan\\Koolyeah\\Sem 4\\PAD2\\kantin_dtedi\\vendor\\laravel\\framework\\src\\Illuminate\\Auth\\AuthManager.php on line 130 at D:\\File Khan\\Koolyeah\\Sem 4\\PAD2\\kantin_dtedi\\vendor\\laravel\\framework\\src\\Illuminate\\Auth\\SessionGuard.php:123)
[stacktrace]
#0 D:\\File Khan\\Koolyeah\\Sem 4\\PAD2\\kantin_dtedi\\vendor\\laravel\\framework\\src\\Illuminate\\Auth\\AuthManager.php(130): Illuminate\\Auth\\SessionGuard->__construct('web', NULL, Object(Illuminate\\Session\\Store))
#1 D:\\File Khan\\Koolyeah\\Sem 4\\PAD2\\kantin_dtedi\\vendor\\laravel\\framework\\src\\Illuminate\\Auth\\AuthManager.php(96): Illuminate\\Auth\\AuthManager->createSessionDriver('web', Array)
#2 D:\\File Khan\\Koolyeah\\Sem 4\\PAD2\\kantin_dtedi\\vendor\\laravel\\framework\\src\\Illuminate\\Auth\\AuthManager.php(70): Illuminate\\Auth\\AuthManager->resolve('web')
#3 D:\\File Khan\\Koolyeah\\Sem 4\\PAD2\\kantin_dtedi\\vendor\\laravel\\framework\\src\\Illuminate\\Auth\\AuthManager.php(57): Illuminate\\Auth\\AuthManager->guard('web')
#4 [internal function]: Illuminate\\Auth\\AuthManager->Illuminate\\Auth\\{closure}(NULL)
#5 D:\\File Khan\\Koolyeah\\Sem 4\\PAD2\\kantin_dtedi\\vendor\\laravel\\framework\\src\\Illuminate\\Auth\\AuthServiceProvider.php(89): call_user_func(Object(Closure), NULL)
#6 [internal function]: Illuminate\\Auth\\AuthServiceProvider->Illuminate\\Auth\\{closure}(NULL)
#7 D:\\File Khan\\Koolyeah\\Sem 4\\PAD2\\kantin_dtedi\\vendor\\laravel\\framework\\src\\Illuminate\\Http\\Request.php(607): call_user_func(Object(Closure), NULL)
#8 D:\\File Khan\\Koolyeah\\Sem 4\\PAD2\\kantin_dtedi\\app\\Providers\\RouteServiceProvider.php(28): Illuminate\\Http\\Request->user()
#9 D:\\File Khan\\Koolyeah\\Sem 4\\PAD2\\kantin_dtedi\\vendor\\laravel\\framework\\src\\Illuminate\\Routing\\Middleware\\ThrottleRequests.php(117): App\\Providers\\RouteServiceProvider->App\\Providers\\{closure}(Object(Illuminate\\Http\\Request))
#10 D:\\File Khan\\Koolyeah\\Sem 4\\PAD2\\kantin_dtedi\\vendor\\laravel\\framework\\src\\Illuminate\\Routing\\Middleware\\ThrottleRequests.php(87): Illuminate\\Routing\\Middleware\\ThrottleRequests->handleRequestUsingNamedLimiter(Object(Illuminate\\Http\\Request), Object(Closure), 'api', Object(Closure))
#11 D:\\File Khan\\Koolyeah\\Sem 4\\PAD2\\kantin_dtedi\\vendor\\laravel\\framework\\src\\Illuminate\\Pipeline\\Pipeline.php(183): Illuminate\\Routing\\Middleware\\ThrottleRequests->handle(Object(Illuminate\\Http\\Request), Object(Closure), 'api')
#12 D:\\File Khan\\Koolyeah\\Sem 4\\PAD2\\kantin_dtedi\\vendor\\laravel\\sanctum\\src\\Http\\Middleware\\EnsureFrontendRequestsAreStateful.php(25): Illuminate\\Pipeline\\Pipeline->Illuminate\\Pipeline\\{closure}(Object(Illuminate\\Http\\Request))
#13 D:\\File Khan\\Koolyeah\\Sem 4\\PAD2\\kantin_dtedi\\vendor\\laravel\\framework\\src\\Illuminate\\Pipeline\\Pipeline.php(144): Laravel\\Sanctum\\Http\\Middleware\\EnsureFrontendRequestsAreStateful->Laravel\\Sanctum\\Http\\Middleware\\{closure}(Object(Illuminate\\Http\\Request))
#14 D:\\File Khan\\Koolyeah\\Sem 4\\PAD2\\kantin_dtedi\\vendor\\laravel\\framework\\src\\Illuminate\\Pipeline\\Pipeline.php(119): Illuminate\\Pipeline\\Pipeline->Illuminate\\Pipeline\\{closure}(Object(Illuminate\\Http\\Request))
#15 D:\\File Khan\\Koolyeah\\Sem 4\\PAD2\\kantin_dtedi\\vendor\\laravel\\sanctum\\src\\Http\\Middleware\\EnsureFrontendRequestsAreStateful.php(26): Illuminate\\Pipeline\\Pipeline->then(Object(Closure))
#16 D:\\File Khan\\Koolyeah\\Sem 4\\PAD2\\kantin_dtedi\\vendor\\laravel\\framework\\src\\Illuminate\\Pipeline\\Pipeline.php(183): Laravel\\Sanctum\\Http\\Middleware\\EnsureFrontendRequestsAreStateful->handle(Object(Illuminate\\Http\\Request), Object(Closure))
#17 D:\\File Khan\\Koolyeah\\Sem 4\\PAD2\\kantin_dtedi\\vendor\\laravel\\framework\\src\\Illuminate\\Pipeline\\Pipeline.php(119): Illuminate\\Pipeline\\Pipeline->Illuminate\\Pipeline\\{closure}(Object(Illuminate\\Http\\Request))
#18 D:\\File Khan\\Koolyeah\\Sem 4\\PAD2\\kantin_dtedi\\vendor\\laravel\\framework\\src\\Illuminate\\Routing\\Router.php(807): Illuminate\\Pipeline\\Pipeline->then(Object(Closure))
#19 D:\\File Khan\\Koolyeah\\Sem 4\\PAD2\\kantin_dtedi\\vendor\\laravel\\framework\\src\\Illuminate\\Routing\\Router.php(784): Illuminate\\Routing\\Router->runRouteWithinStack(Object(Illuminate\\Routing\\Route), Object(Illuminate\\Http\\Request))
#20 D:\\File Khan\\Koolyeah\\Sem 4\\PAD2\\kantin_dtedi\\vendor\\laravel\\framework\\src\\Illuminate\\Routing\\Router.php(748): Illuminate\\Routing\\Router->runRoute(Object(Illuminate\\Http\\Request), Object(Illuminate\\Routing\\Route))
#21 D:\\File Khan\\Koolyeah\\Sem 4\\PAD2\\kantin_dtedi\\vendor\\laravel\\framework\\src\\Illuminate\\Routing\\Router.php(737): Illuminate\\Routing\\Router->dispatchToRoute(Object(Illuminate\\Http\\Request))
#22 D:\\File Khan\\Koolyeah\\Sem 4\\PAD2\\kantin_dtedi\\vendor\\laravel\\framework\\src\\Illuminate\\Foundation\\Http\\Kernel.php(200): Illuminate\\Routing\\Router->dispatch(Object(Illuminate\\Http\\Request))
#23 D:\\File Khan\\Koolyeah\\Sem 4\\PAD2\\kantin_dtedi\\vendor\\laravel\\framework\\src\\Illuminate\\Pipeline\\Pipeline.php(144): Illuminate\\Foundation\\Http\\Kernel->Illuminate\\Foundation\\Http\\{closure}(Object(Illuminate\\Http\\Request))
#24 D:\\File Khan\\Koolyeah\\Sem 4\\PAD2\\kantin_dtedi\\vendor\\laravel\\framework\\src\\Illuminate\\Foundation\\Http\\Middleware\\TransformsRequest.php(21): Illuminate\\Pipeline\\Pipeline->Illuminate\\Pipeline\\{closure}(Object(Illuminate\\Http\\Request))
#25 D:\\File Khan\\Koolyeah\\Sem 4\\PAD2\\kantin_dtedi\\vendor\\laravel\\framework\\src\\Illuminate\\Foundation\\Http\\Middleware\\ConvertEmptyStringsToNull.php(31): Illuminate\\Foundation\\Http\\Middleware\\TransformsRequest->handle(Object(Illuminate\\Http\\Request), Object(Closure))
#26 D:\\File Khan\\Koolyeah\\Sem 4\\PAD2\\kantin_dtedi\\vendor\\laravel\\framework\\src\\Illuminate\\Pipeline\\Pipeline.php(183): Illuminate\\Foundation\\Http\\Middleware\\ConvertEmptyStringsToNull->handle(Object(Illuminate\\Http\\Request), Object(Closure))
#27 D:\\File Khan\\Koolyeah\\Sem 4\\PAD2\\kantin_dtedi\\vendor\\laravel\\framework\\src\\Illuminate\\Foundation\\Http\\Middleware\\TransformsRequest.php(21): Illuminate\\Pipeline\\Pipeline->Illuminate\\Pipeline\\{closure}(Object(Illuminate\\Http\\Request))
#28 D:\\File Khan\\Koolyeah\\Sem 4\\PAD2\\kantin_dtedi\\vendor\\laravel\\framework\\src\\Illuminate\\Foundation\\Http\\Middleware\\TrimStrings.php(40): Illuminate\\Foundation\\Http\\Middleware\\TransformsRequest->handle(Object(Illuminate\\Http\\Request), Object(Closure))
#29 D:\\File Khan\\Koolyeah\\Sem 4\\PAD2\\kantin_dtedi\\vendor\\laravel\\framework\\src\\Illuminate\\Pipeline\\Pipeline.php(183): Illuminate\\Foundation\\Http\\Middleware\\TrimStrings->handle(Object(Illuminate\\Http\\Request), Object(Closure))
#30 D:\\File Khan\\Koolyeah\\Sem 4\\PAD2\\kantin_dtedi\\vendor\\laravel\\framework\\src\\Illuminate\\Foundation\\Http\\Middleware\\ValidatePostSize.php(27): Illuminate\\Pipeline\\Pipeline->Illuminate\\Pipeline\\{closure}(Object(Illuminate\\Http\\Request))
#31 D:\\File Khan\\Koolyeah\\Sem 4\\PAD2\\kantin_dtedi\\vendor\\laravel\\framework\\src\\Illuminate\\Pipeline\\Pipeline.php(183): Illuminate\\Foundation\\Http\\Middleware\\ValidatePostSize->handle(Object(Illuminate\\Http\\Request), Object(Closure))
#32 D:\\File Khan\\Koolyeah\\Sem 4\\PAD2\\kantin_dtedi\\vendor\\laravel\\framework\\src\\Illuminate\\Foundation\\Http\\Middleware\\PreventRequestsDuringMaintenance.php(99): Illuminate\\Pipeline\\Pipeline->Illuminate\\Pipeline\\{closure}(Object(Illuminate\\Http\\Request))
#33 D:\\File Khan\\Koolyeah\\Sem 4\\PAD2\\kantin_dtedi\\vendor\\laravel\\framework\\src\\Illuminate\\Pipeline\\Pipeline.php(183): Illuminate\\Foundation\\Http\\Middleware\\PreventRequestsDuringMaintenance->handle(Object(Illuminate\\Http\\Request), Object(Closure))
#34 D:\\File Khan\\Koolyeah\\Sem 4\\PAD2\\kantin_dtedi\\vendor\\laravel\\framework\\src\\Illuminate\\Http\\Middleware\\HandleCors.php(62): Illuminate\\Pipeline\\Pipeline->Illuminate\\Pipeline\\{closure}(Object(Illuminate\\Http\\Request))
#35 D:\\File Khan\\Koolyeah\\Sem 4\\PAD2\\kantin_dtedi\\vendor\\laravel\\framework\\src\\Illuminate\\Pipeline\\Pipeline.php(183): Illuminate\\Http\\Middleware\\HandleCors->handle(Object(Illuminate\\Http\\Request), Object(Closure))
#36 D:\\File Khan\\Koolyeah\\Sem 4\\PAD2\\kantin_dtedi\\vendor\\laravel\\framework\\src\\Illuminate\\Http\\Middleware\\TrustProxies.php(39): Illuminate\\Pipeline\\Pipeline->Illuminate\\Pipeline\\{closure}(Object(Illuminate\\Http\\Request))
#37 D:\\File Khan\\Koolyeah\\Sem 4\\PAD2\\kantin_dtedi\\vendor\\laravel\\framework\\src\\Illuminate\\Pipeline\\Pipeline.php(183): Illuminate\\Http\\Middleware\\TrustProxies->handle(Object(Illuminate\\Http\\Request), Object(Closure))
#38 D:\\File Khan\\Koolyeah\\Sem 4\\PAD2\\kantin_dtedi\\vendor\\laravel\\framework\\src\\Illuminate\\Pipeline\\Pipeline.php(119): Illuminate\\Pipeline\\Pipeline->Illuminate\\Pipeline\\{closure}(Object(Illuminate\\Http\\Request))
#39 D:\\File Khan\\Koolyeah\\Sem 4\\PAD2\\kantin_dtedi\\vendor\\laravel\\framework\\src\\Illuminate\\Foundation\\Http\\Kernel.php(175): Illuminate\\Pipeline\\Pipeline->then(Object(Closure))
#40 D:\\File Khan\\Koolyeah\\Sem 4\\PAD2\\kantin_dtedi\\vendor\\laravel\\framework\\src\\Illuminate\\Foundation\\Http\\Kernel.php(144): Illuminate\\Foundation\\Http\\Kernel->sendRequestThroughRouter(Object(Illuminate\\Http\\Request))
#41 D:\\File Khan\\Koolyeah\\Sem 4\\PAD2\\kantin_dtedi\\public\\index.php(52): Illuminate\\Foundation\\Http\\Kernel->handle(Object(Illuminate\\Http\\Request))
#42 D:\\File Khan\\Koolyeah\\Sem 4\\PAD2\\kantin_dtedi\\vendor\\laravel\\framework\\src\\Illuminate\\Foundation\\resources\\server.php(16): require_once('D:\\\\File Khan\\\\Ko...')
#43 {main}
"} 
[2025-02-27 18:46:20] local.ERROR: Illuminate\Auth\SessionGuard::__construct(): Argument #2 ($provider) must be of type Illuminate\Contracts\Auth\UserProvider, null given, called in D:\File Khan\Koolyeah\Sem 4\PAD2\kantin_dtedi\vendor\laravel\framework\src\Illuminate\Auth\AuthManager.php on line 130 {"exception":"[object] (TypeError(code: 0): Illuminate\\Auth\\SessionGuard::__construct(): Argument #2 ($provider) must be of type Illuminate\\Contracts\\Auth\\UserProvider, null given, called in D:\\File Khan\\Koolyeah\\Sem 4\\PAD2\\kantin_dtedi\\vendor\\laravel\\framework\\src\\Illuminate\\Auth\\AuthManager.php on line 130 at D:\\File Khan\\Koolyeah\\Sem 4\\PAD2\\kantin_dtedi\\vendor\\laravel\\framework\\src\\Illuminate\\Auth\\SessionGuard.php:123)
[stacktrace]
#0 D:\\File Khan\\Koolyeah\\Sem 4\\PAD2\\kantin_dtedi\\vendor\\laravel\\framework\\src\\Illuminate\\Auth\\AuthManager.php(130): Illuminate\\Auth\\SessionGuard->__construct('web', NULL, Object(Illuminate\\Session\\Store))
#1 D:\\File Khan\\Koolyeah\\Sem 4\\PAD2\\kantin_dtedi\\vendor\\laravel\\framework\\src\\Illuminate\\Auth\\AuthManager.php(96): Illuminate\\Auth\\AuthManager->createSessionDriver('web', Array)
#2 D:\\File Khan\\Koolyeah\\Sem 4\\PAD2\\kantin_dtedi\\vendor\\laravel\\framework\\src\\Illuminate\\Auth\\AuthManager.php(70): Illuminate\\Auth\\AuthManager->resolve('web')
#3 D:\\File Khan\\Koolyeah\\Sem 4\\PAD2\\kantin_dtedi\\vendor\\laravel\\framework\\src\\Illuminate\\Auth\\AuthManager.php(57): Illuminate\\Auth\\AuthManager->guard('web')
#4 [internal function]: Illuminate\\Auth\\AuthManager->Illuminate\\Auth\\{closure}(NULL)
#5 D:\\File Khan\\Koolyeah\\Sem 4\\PAD2\\kantin_dtedi\\vendor\\laravel\\framework\\src\\Illuminate\\Auth\\AuthServiceProvider.php(89): call_user_func(Object(Closure), NULL)
#6 [internal function]: Illuminate\\Auth\\AuthServiceProvider->Illuminate\\Auth\\{closure}(NULL)
#7 D:\\File Khan\\Koolyeah\\Sem 4\\PAD2\\kantin_dtedi\\vendor\\laravel\\framework\\src\\Illuminate\\Http\\Request.php(607): call_user_func(Object(Closure), NULL)
#8 D:\\File Khan\\Koolyeah\\Sem 4\\PAD2\\kantin_dtedi\\app\\Providers\\RouteServiceProvider.php(28): Illuminate\\Http\\Request->user()
#9 D:\\File Khan\\Koolyeah\\Sem 4\\PAD2\\kantin_dtedi\\vendor\\laravel\\framework\\src\\Illuminate\\Routing\\Middleware\\ThrottleRequests.php(117): App\\Providers\\RouteServiceProvider->App\\Providers\\{closure}(Object(Illuminate\\Http\\Request))
#10 D:\\File Khan\\Koolyeah\\Sem 4\\PAD2\\kantin_dtedi\\vendor\\laravel\\framework\\src\\Illuminate\\Routing\\Middleware\\ThrottleRequests.php(87): Illuminate\\Routing\\Middleware\\ThrottleRequests->handleRequestUsingNamedLimiter(Object(Illuminate\\Http\\Request), Object(Closure), 'api', Object(Closure))
#11 D:\\File Khan\\Koolyeah\\Sem 4\\PAD2\\kantin_dtedi\\vendor\\laravel\\framework\\src\\Illuminate\\Pipeline\\Pipeline.php(183): Illuminate\\Routing\\Middleware\\ThrottleRequests->handle(Object(Illuminate\\Http\\Request), Object(Closure), 'api')
#12 D:\\File Khan\\Koolyeah\\Sem 4\\PAD2\\kantin_dtedi\\vendor\\laravel\\sanctum\\src\\Http\\Middleware\\EnsureFrontendRequestsAreStateful.php(25): Illuminate\\Pipeline\\Pipeline->Illuminate\\Pipeline\\{closure}(Object(Illuminate\\Http\\Request))
#13 D:\\File Khan\\Koolyeah\\Sem 4\\PAD2\\kantin_dtedi\\vendor\\laravel\\framework\\src\\Illuminate\\Pipeline\\Pipeline.php(144): Laravel\\Sanctum\\Http\\Middleware\\EnsureFrontendRequestsAreStateful->Laravel\\Sanctum\\Http\\Middleware\\{closure}(Object(Illuminate\\Http\\Request))
#14 D:\\File Khan\\Koolyeah\\Sem 4\\PAD2\\kantin_dtedi\\vendor\\laravel\\framework\\src\\Illuminate\\Pipeline\\Pipeline.php(119): Illuminate\\Pipeline\\Pipeline->Illuminate\\Pipeline\\{closure}(Object(Illuminate\\Http\\Request))
#15 D:\\File Khan\\Koolyeah\\Sem 4\\PAD2\\kantin_dtedi\\vendor\\laravel\\sanctum\\src\\Http\\Middleware\\EnsureFrontendRequestsAreStateful.php(26): Illuminate\\Pipeline\\Pipeline->then(Object(Closure))
#16 D:\\File Khan\\Koolyeah\\Sem 4\\PAD2\\kantin_dtedi\\vendor\\laravel\\framework\\src\\Illuminate\\Pipeline\\Pipeline.php(183): Laravel\\Sanctum\\Http\\Middleware\\EnsureFrontendRequestsAreStateful->handle(Object(Illuminate\\Http\\Request), Object(Closure))
#17 D:\\File Khan\\Koolyeah\\Sem 4\\PAD2\\kantin_dtedi\\vendor\\laravel\\framework\\src\\Illuminate\\Pipeline\\Pipeline.php(119): Illuminate\\Pipeline\\Pipeline->Illuminate\\Pipeline\\{closure}(Object(Illuminate\\Http\\Request))
#18 D:\\File Khan\\Koolyeah\\Sem 4\\PAD2\\kantin_dtedi\\vendor\\laravel\\framework\\src\\Illuminate\\Routing\\Router.php(807): Illuminate\\Pipeline\\Pipeline->then(Object(Closure))
#19 D:\\File Khan\\Koolyeah\\Sem 4\\PAD2\\kantin_dtedi\\vendor\\laravel\\framework\\src\\Illuminate\\Routing\\Router.php(784): Illuminate\\Routing\\Router->runRouteWithinStack(Object(Illuminate\\Routing\\Route), Object(Illuminate\\Http\\Request))
#20 D:\\File Khan\\Koolyeah\\Sem 4\\PAD2\\kantin_dtedi\\vendor\\laravel\\framework\\src\\Illuminate\\Routing\\Router.php(748): Illuminate\\Routing\\Router->runRoute(Object(Illuminate\\Http\\Request), Object(Illuminate\\Routing\\Route))
#21 D:\\File Khan\\Koolyeah\\Sem 4\\PAD2\\kantin_dtedi\\vendor\\laravel\\framework\\src\\Illuminate\\Routing\\Router.php(737): Illuminate\\Routing\\Router->dispatchToRoute(Object(Illuminate\\Http\\Request))
#22 D:\\File Khan\\Koolyeah\\Sem 4\\PAD2\\kantin_dtedi\\vendor\\laravel\\framework\\src\\Illuminate\\Foundation\\Http\\Kernel.php(200): Illuminate\\Routing\\Router->dispatch(Object(Illuminate\\Http\\Request))
#23 D:\\File Khan\\Koolyeah\\Sem 4\\PAD2\\kantin_dtedi\\vendor\\laravel\\framework\\src\\Illuminate\\Pipeline\\Pipeline.php(144): Illuminate\\Foundation\\Http\\Kernel->Illuminate\\Foundation\\Http\\{closure}(Object(Illuminate\\Http\\Request))
#24 D:\\File Khan\\Koolyeah\\Sem 4\\PAD2\\kantin_dtedi\\vendor\\laravel\\framework\\src\\Illuminate\\Foundation\\Http\\Middleware\\TransformsRequest.php(21): Illuminate\\Pipeline\\Pipeline->Illuminate\\Pipeline\\{closure}(Object(Illuminate\\Http\\Request))
#25 D:\\File Khan\\Koolyeah\\Sem 4\\PAD2\\kantin_dtedi\\vendor\\laravel\\framework\\src\\Illuminate\\Foundation\\Http\\Middleware\\ConvertEmptyStringsToNull.php(31): Illuminate\\Foundation\\Http\\Middleware\\TransformsRequest->handle(Object(Illuminate\\Http\\Request), Object(Closure))
#26 D:\\File Khan\\Koolyeah\\Sem 4\\PAD2\\kantin_dtedi\\vendor\\laravel\\framework\\src\\Illuminate\\Pipeline\\Pipeline.php(183): Illuminate\\Foundation\\Http\\Middleware\\ConvertEmptyStringsToNull->handle(Object(Illuminate\\Http\\Request), Object(Closure))
#27 D:\\File Khan\\Koolyeah\\Sem 4\\PAD2\\kantin_dtedi\\vendor\\laravel\\framework\\src\\Illuminate\\Foundation\\Http\\Middleware\\TransformsRequest.php(21): Illuminate\\Pipeline\\Pipeline->Illuminate\\Pipeline\\{closure}(Object(Illuminate\\Http\\Request))
#28 D:\\File Khan\\Koolyeah\\Sem 4\\PAD2\\kantin_dtedi\\vendor\\laravel\\framework\\src\\Illuminate\\Foundation\\Http\\Middleware\\TrimStrings.php(40): Illuminate\\Foundation\\Http\\Middleware\\TransformsRequest->handle(Object(Illuminate\\Http\\Request), Object(Closure))
#29 D:\\File Khan\\Koolyeah\\Sem 4\\PAD2\\kantin_dtedi\\vendor\\laravel\\framework\\src\\Illuminate\\Pipeline\\Pipeline.php(183): Illuminate\\Foundation\\Http\\Middleware\\TrimStrings->handle(Object(Illuminate\\Http\\Request), Object(Closure))
#30 D:\\File Khan\\Koolyeah\\Sem 4\\PAD2\\kantin_dtedi\\vendor\\laravel\\framework\\src\\Illuminate\\Foundation\\Http\\Middleware\\ValidatePostSize.php(27): Illuminate\\Pipeline\\Pipeline->Illuminate\\Pipeline\\{closure}(Object(Illuminate\\Http\\Request))
#31 D:\\File Khan\\Koolyeah\\Sem 4\\PAD2\\kantin_dtedi\\vendor\\laravel\\framework\\src\\Illuminate\\Pipeline\\Pipeline.php(183): Illuminate\\Foundation\\Http\\Middleware\\ValidatePostSize->handle(Object(Illuminate\\Http\\Request), Object(Closure))
#32 D:\\File Khan\\Koolyeah\\Sem 4\\PAD2\\kantin_dtedi\\vendor\\laravel\\framework\\src\\Illuminate\\Foundation\\Http\\Middleware\\PreventRequestsDuringMaintenance.php(99): Illuminate\\Pipeline\\Pipeline->Illuminate\\Pipeline\\{closure}(Object(Illuminate\\Http\\Request))
#33 D:\\File Khan\\Koolyeah\\Sem 4\\PAD2\\kantin_dtedi\\vendor\\laravel\\framework\\src\\Illuminate\\Pipeline\\Pipeline.php(183): Illuminate\\Foundation\\Http\\Middleware\\PreventRequestsDuringMaintenance->handle(Object(Illuminate\\Http\\Request), Object(Closure))
#34 D:\\File Khan\\Koolyeah\\Sem 4\\PAD2\\kantin_dtedi\\vendor\\laravel\\framework\\src\\Illuminate\\Http\\Middleware\\HandleCors.php(62): Illuminate\\Pipeline\\Pipeline->Illuminate\\Pipeline\\{closure}(Object(Illuminate\\Http\\Request))
#35 D:\\File Khan\\Koolyeah\\Sem 4\\PAD2\\kantin_dtedi\\vendor\\laravel\\framework\\src\\Illuminate\\Pipeline\\Pipeline.php(183): Illuminate\\Http\\Middleware\\HandleCors->handle(Object(Illuminate\\Http\\Request), Object(Closure))
#36 D:\\File Khan\\Koolyeah\\Sem 4\\PAD2\\kantin_dtedi\\vendor\\laravel\\framework\\src\\Illuminate\\Http\\Middleware\\TrustProxies.php(39): Illuminate\\Pipeline\\Pipeline->Illuminate\\Pipeline\\{closure}(Object(Illuminate\\Http\\Request))
#37 D:\\File Khan\\Koolyeah\\Sem 4\\PAD2\\kantin_dtedi\\vendor\\laravel\\framework\\src\\Illuminate\\Pipeline\\Pipeline.php(183): Illuminate\\Http\\Middleware\\TrustProxies->handle(Object(Illuminate\\Http\\Request), Object(Closure))
#38 D:\\File Khan\\Koolyeah\\Sem 4\\PAD2\\kantin_dtedi\\vendor\\laravel\\framework\\src\\Illuminate\\Pipeline\\Pipeline.php(119): Illuminate\\Pipeline\\Pipeline->Illuminate\\Pipeline\\{closure}(Object(Illuminate\\Http\\Request))
#39 D:\\File Khan\\Koolyeah\\Sem 4\\PAD2\\kantin_dtedi\\vendor\\laravel\\framework\\src\\Illuminate\\Foundation\\Http\\Kernel.php(175): Illuminate\\Pipeline\\Pipeline->then(Object(Closure))
#40 D:\\File Khan\\Koolyeah\\Sem 4\\PAD2\\kantin_dtedi\\vendor\\laravel\\framework\\src\\Illuminate\\Foundation\\Http\\Kernel.php(144): Illuminate\\Foundation\\Http\\Kernel->sendRequestThroughRouter(Object(Illuminate\\Http\\Request))
#41 D:\\File Khan\\Koolyeah\\Sem 4\\PAD2\\kantin_dtedi\\public\\index.php(52): Illuminate\\Foundation\\Http\\Kernel->handle(Object(Illuminate\\Http\\Request))
#42 D:\\File Khan\\Koolyeah\\Sem 4\\PAD2\\kantin_dtedi\\vendor\\laravel\\framework\\src\\Illuminate\\Foundation\\resources\\server.php(16): require_once('D:\\\\File Khan\\\\Ko...')
#43 {main}
"} 
[2025-02-27 18:49:10] local.ERROR: Illuminate\Auth\SessionGuard::__construct(): Argument #2 ($provider) must be of type Illuminate\Contracts\Auth\UserProvider, null given, called in D:\File Khan\Koolyeah\Sem 4\PAD2\kantin_dtedi\vendor\laravel\framework\src\Illuminate\Auth\AuthManager.php on line 130 {"exception":"[object] (TypeError(code: 0): Illuminate\\Auth\\SessionGuard::__construct(): Argument #2 ($provider) must be of type Illuminate\\Contracts\\Auth\\UserProvider, null given, called in D:\\File Khan\\Koolyeah\\Sem 4\\PAD2\\kantin_dtedi\\vendor\\laravel\\framework\\src\\Illuminate\\Auth\\AuthManager.php on line 130 at D:\\File Khan\\Koolyeah\\Sem 4\\PAD2\\kantin_dtedi\\vendor\\laravel\\framework\\src\\Illuminate\\Auth\\SessionGuard.php:123)
[stacktrace]
#0 D:\\File Khan\\Koolyeah\\Sem 4\\PAD2\\kantin_dtedi\\vendor\\laravel\\framework\\src\\Illuminate\\Auth\\AuthManager.php(130): Illuminate\\Auth\\SessionGuard->__construct('web', NULL, Object(Illuminate\\Session\\Store))
#1 D:\\File Khan\\Koolyeah\\Sem 4\\PAD2\\kantin_dtedi\\vendor\\laravel\\framework\\src\\Illuminate\\Auth\\AuthManager.php(96): Illuminate\\Auth\\AuthManager->createSessionDriver('web', Array)
#2 D:\\File Khan\\Koolyeah\\Sem 4\\PAD2\\kantin_dtedi\\vendor\\laravel\\framework\\src\\Illuminate\\Auth\\AuthManager.php(70): Illuminate\\Auth\\AuthManager->resolve('web')
#3 D:\\File Khan\\Koolyeah\\Sem 4\\PAD2\\kantin_dtedi\\vendor\\laravel\\framework\\src\\Illuminate\\Auth\\AuthManager.php(57): Illuminate\\Auth\\AuthManager->guard('web')
#4 [internal function]: Illuminate\\Auth\\AuthManager->Illuminate\\Auth\\{closure}(NULL)
#5 D:\\File Khan\\Koolyeah\\Sem 4\\PAD2\\kantin_dtedi\\vendor\\laravel\\framework\\src\\Illuminate\\Auth\\AuthServiceProvider.php(89): call_user_func(Object(Closure), NULL)
#6 [internal function]: Illuminate\\Auth\\AuthServiceProvider->Illuminate\\Auth\\{closure}(NULL)
#7 D:\\File Khan\\Koolyeah\\Sem 4\\PAD2\\kantin_dtedi\\vendor\\laravel\\framework\\src\\Illuminate\\Http\\Request.php(607): call_user_func(Object(Closure), NULL)
#8 D:\\File Khan\\Koolyeah\\Sem 4\\PAD2\\kantin_dtedi\\app\\Providers\\RouteServiceProvider.php(28): Illuminate\\Http\\Request->user()
#9 D:\\File Khan\\Koolyeah\\Sem 4\\PAD2\\kantin_dtedi\\vendor\\laravel\\framework\\src\\Illuminate\\Routing\\Middleware\\ThrottleRequests.php(117): App\\Providers\\RouteServiceProvider->App\\Providers\\{closure}(Object(Illuminate\\Http\\Request))
#10 D:\\File Khan\\Koolyeah\\Sem 4\\PAD2\\kantin_dtedi\\vendor\\laravel\\framework\\src\\Illuminate\\Routing\\Middleware\\ThrottleRequests.php(87): Illuminate\\Routing\\Middleware\\ThrottleRequests->handleRequestUsingNamedLimiter(Object(Illuminate\\Http\\Request), Object(Closure), 'api', Object(Closure))
#11 D:\\File Khan\\Koolyeah\\Sem 4\\PAD2\\kantin_dtedi\\vendor\\laravel\\framework\\src\\Illuminate\\Pipeline\\Pipeline.php(183): Illuminate\\Routing\\Middleware\\ThrottleRequests->handle(Object(Illuminate\\Http\\Request), Object(Closure), 'api')
#12 D:\\File Khan\\Koolyeah\\Sem 4\\PAD2\\kantin_dtedi\\vendor\\laravel\\sanctum\\src\\Http\\Middleware\\EnsureFrontendRequestsAreStateful.php(25): Illuminate\\Pipeline\\Pipeline->Illuminate\\Pipeline\\{closure}(Object(Illuminate\\Http\\Request))
#13 D:\\File Khan\\Koolyeah\\Sem 4\\PAD2\\kantin_dtedi\\vendor\\laravel\\framework\\src\\Illuminate\\Pipeline\\Pipeline.php(144): Laravel\\Sanctum\\Http\\Middleware\\EnsureFrontendRequestsAreStateful->Laravel\\Sanctum\\Http\\Middleware\\{closure}(Object(Illuminate\\Http\\Request))
#14 D:\\File Khan\\Koolyeah\\Sem 4\\PAD2\\kantin_dtedi\\vendor\\laravel\\framework\\src\\Illuminate\\Pipeline\\Pipeline.php(119): Illuminate\\Pipeline\\Pipeline->Illuminate\\Pipeline\\{closure}(Object(Illuminate\\Http\\Request))
#15 D:\\File Khan\\Koolyeah\\Sem 4\\PAD2\\kantin_dtedi\\vendor\\laravel\\sanctum\\src\\Http\\Middleware\\EnsureFrontendRequestsAreStateful.php(26): Illuminate\\Pipeline\\Pipeline->then(Object(Closure))
#16 D:\\File Khan\\Koolyeah\\Sem 4\\PAD2\\kantin_dtedi\\vendor\\laravel\\framework\\src\\Illuminate\\Pipeline\\Pipeline.php(183): Laravel\\Sanctum\\Http\\Middleware\\EnsureFrontendRequestsAreStateful->handle(Object(Illuminate\\Http\\Request), Object(Closure))
#17 D:\\File Khan\\Koolyeah\\Sem 4\\PAD2\\kantin_dtedi\\vendor\\laravel\\framework\\src\\Illuminate\\Pipeline\\Pipeline.php(119): Illuminate\\Pipeline\\Pipeline->Illuminate\\Pipeline\\{closure}(Object(Illuminate\\Http\\Request))
#18 D:\\File Khan\\Koolyeah\\Sem 4\\PAD2\\kantin_dtedi\\vendor\\laravel\\framework\\src\\Illuminate\\Routing\\Router.php(807): Illuminate\\Pipeline\\Pipeline->then(Object(Closure))
#19 D:\\File Khan\\Koolyeah\\Sem 4\\PAD2\\kantin_dtedi\\vendor\\laravel\\framework\\src\\Illuminate\\Routing\\Router.php(784): Illuminate\\Routing\\Router->runRouteWithinStack(Object(Illuminate\\Routing\\Route), Object(Illuminate\\Http\\Request))
#20 D:\\File Khan\\Koolyeah\\Sem 4\\PAD2\\kantin_dtedi\\vendor\\laravel\\framework\\src\\Illuminate\\Routing\\Router.php(748): Illuminate\\Routing\\Router->runRoute(Object(Illuminate\\Http\\Request), Object(Illuminate\\Routing\\Route))
#21 D:\\File Khan\\Koolyeah\\Sem 4\\PAD2\\kantin_dtedi\\vendor\\laravel\\framework\\src\\Illuminate\\Routing\\Router.php(737): Illuminate\\Routing\\Router->dispatchToRoute(Object(Illuminate\\Http\\Request))
#22 D:\\File Khan\\Koolyeah\\Sem 4\\PAD2\\kantin_dtedi\\vendor\\laravel\\framework\\src\\Illuminate\\Foundation\\Http\\Kernel.php(200): Illuminate\\Routing\\Router->dispatch(Object(Illuminate\\Http\\Request))
#23 D:\\File Khan\\Koolyeah\\Sem 4\\PAD2\\kantin_dtedi\\vendor\\laravel\\framework\\src\\Illuminate\\Pipeline\\Pipeline.php(144): Illuminate\\Foundation\\Http\\Kernel->Illuminate\\Foundation\\Http\\{closure}(Object(Illuminate\\Http\\Request))
#24 D:\\File Khan\\Koolyeah\\Sem 4\\PAD2\\kantin_dtedi\\vendor\\laravel\\framework\\src\\Illuminate\\Foundation\\Http\\Middleware\\TransformsRequest.php(21): Illuminate\\Pipeline\\Pipeline->Illuminate\\Pipeline\\{closure}(Object(Illuminate\\Http\\Request))
#25 D:\\File Khan\\Koolyeah\\Sem 4\\PAD2\\kantin_dtedi\\vendor\\laravel\\framework\\src\\Illuminate\\Foundation\\Http\\Middleware\\ConvertEmptyStringsToNull.php(31): Illuminate\\Foundation\\Http\\Middleware\\TransformsRequest->handle(Object(Illuminate\\Http\\Request), Object(Closure))
#26 D:\\File Khan\\Koolyeah\\Sem 4\\PAD2\\kantin_dtedi\\vendor\\laravel\\framework\\src\\Illuminate\\Pipeline\\Pipeline.php(183): Illuminate\\Foundation\\Http\\Middleware\\ConvertEmptyStringsToNull->handle(Object(Illuminate\\Http\\Request), Object(Closure))
#27 D:\\File Khan\\Koolyeah\\Sem 4\\PAD2\\kantin_dtedi\\vendor\\laravel\\framework\\src\\Illuminate\\Foundation\\Http\\Middleware\\TransformsRequest.php(21): Illuminate\\Pipeline\\Pipeline->Illuminate\\Pipeline\\{closure}(Object(Illuminate\\Http\\Request))
#28 D:\\File Khan\\Koolyeah\\Sem 4\\PAD2\\kantin_dtedi\\vendor\\laravel\\framework\\src\\Illuminate\\Foundation\\Http\\Middleware\\TrimStrings.php(40): Illuminate\\Foundation\\Http\\Middleware\\TransformsRequest->handle(Object(Illuminate\\Http\\Request), Object(Closure))
#29 D:\\File Khan\\Koolyeah\\Sem 4\\PAD2\\kantin_dtedi\\vendor\\laravel\\framework\\src\\Illuminate\\Pipeline\\Pipeline.php(183): Illuminate\\Foundation\\Http\\Middleware\\TrimStrings->handle(Object(Illuminate\\Http\\Request), Object(Closure))
#30 D:\\File Khan\\Koolyeah\\Sem 4\\PAD2\\kantin_dtedi\\vendor\\laravel\\framework\\src\\Illuminate\\Foundation\\Http\\Middleware\\ValidatePostSize.php(27): Illuminate\\Pipeline\\Pipeline->Illuminate\\Pipeline\\{closure}(Object(Illuminate\\Http\\Request))
#31 D:\\File Khan\\Koolyeah\\Sem 4\\PAD2\\kantin_dtedi\\vendor\\laravel\\framework\\src\\Illuminate\\Pipeline\\Pipeline.php(183): Illuminate\\Foundation\\Http\\Middleware\\ValidatePostSize->handle(Object(Illuminate\\Http\\Request), Object(Closure))
#32 D:\\File Khan\\Koolyeah\\Sem 4\\PAD2\\kantin_dtedi\\vendor\\laravel\\framework\\src\\Illuminate\\Foundation\\Http\\Middleware\\PreventRequestsDuringMaintenance.php(99): Illuminate\\Pipeline\\Pipeline->Illuminate\\Pipeline\\{closure}(Object(Illuminate\\Http\\Request))
#33 D:\\File Khan\\Koolyeah\\Sem 4\\PAD2\\kantin_dtedi\\vendor\\laravel\\framework\\src\\Illuminate\\Pipeline\\Pipeline.php(183): Illuminate\\Foundation\\Http\\Middleware\\PreventRequestsDuringMaintenance->handle(Object(Illuminate\\Http\\Request), Object(Closure))
#34 D:\\File Khan\\Koolyeah\\Sem 4\\PAD2\\kantin_dtedi\\vendor\\laravel\\framework\\src\\Illuminate\\Http\\Middleware\\HandleCors.php(62): Illuminate\\Pipeline\\Pipeline->Illuminate\\Pipeline\\{closure}(Object(Illuminate\\Http\\Request))
#35 D:\\File Khan\\Koolyeah\\Sem 4\\PAD2\\kantin_dtedi\\vendor\\laravel\\framework\\src\\Illuminate\\Pipeline\\Pipeline.php(183): Illuminate\\Http\\Middleware\\HandleCors->handle(Object(Illuminate\\Http\\Request), Object(Closure))
#36 D:\\File Khan\\Koolyeah\\Sem 4\\PAD2\\kantin_dtedi\\vendor\\laravel\\framework\\src\\Illuminate\\Http\\Middleware\\TrustProxies.php(39): Illuminate\\Pipeline\\Pipeline->Illuminate\\Pipeline\\{closure}(Object(Illuminate\\Http\\Request))
#37 D:\\File Khan\\Koolyeah\\Sem 4\\PAD2\\kantin_dtedi\\vendor\\laravel\\framework\\src\\Illuminate\\Pipeline\\Pipeline.php(183): Illuminate\\Http\\Middleware\\TrustProxies->handle(Object(Illuminate\\Http\\Request), Object(Closure))
#38 D:\\File Khan\\Koolyeah\\Sem 4\\PAD2\\kantin_dtedi\\vendor\\laravel\\framework\\src\\Illuminate\\Pipeline\\Pipeline.php(119): Illuminate\\Pipeline\\Pipeline->Illuminate\\Pipeline\\{closure}(Object(Illuminate\\Http\\Request))
#39 D:\\File Khan\\Koolyeah\\Sem 4\\PAD2\\kantin_dtedi\\vendor\\laravel\\framework\\src\\Illuminate\\Foundation\\Http\\Kernel.php(175): Illuminate\\Pipeline\\Pipeline->then(Object(Closure))
#40 D:\\File Khan\\Koolyeah\\Sem 4\\PAD2\\kantin_dtedi\\vendor\\laravel\\framework\\src\\Illuminate\\Foundation\\Http\\Kernel.php(144): Illuminate\\Foundation\\Http\\Kernel->sendRequestThroughRouter(Object(Illuminate\\Http\\Request))
#41 D:\\File Khan\\Koolyeah\\Sem 4\\PAD2\\kantin_dtedi\\public\\index.php(52): Illuminate\\Foundation\\Http\\Kernel->handle(Object(Illuminate\\Http\\Request))
#42 D:\\File Khan\\Koolyeah\\Sem 4\\PAD2\\kantin_dtedi\\vendor\\laravel\\framework\\src\\Illuminate\\Foundation\\resources\\server.php(16): require_once('D:\\\\File Khan\\\\Ko...')
#43 {main}
"} 
[2025-02-27 18:49:24] local.ERROR: Illuminate\Auth\SessionGuard::__construct(): Argument #2 ($provider) must be of type Illuminate\Contracts\Auth\UserProvider, null given, called in D:\File Khan\Koolyeah\Sem 4\PAD2\kantin_dtedi\vendor\laravel\framework\src\Illuminate\Auth\AuthManager.php on line 130 {"exception":"[object] (TypeError(code: 0): Illuminate\\Auth\\SessionGuard::__construct(): Argument #2 ($provider) must be of type Illuminate\\Contracts\\Auth\\UserProvider, null given, called in D:\\File Khan\\Koolyeah\\Sem 4\\PAD2\\kantin_dtedi\\vendor\\laravel\\framework\\src\\Illuminate\\Auth\\AuthManager.php on line 130 at D:\\File Khan\\Koolyeah\\Sem 4\\PAD2\\kantin_dtedi\\vendor\\laravel\\framework\\src\\Illuminate\\Auth\\SessionGuard.php:123)
[stacktrace]
#0 D:\\File Khan\\Koolyeah\\Sem 4\\PAD2\\kantin_dtedi\\vendor\\laravel\\framework\\src\\Illuminate\\Auth\\AuthManager.php(130): Illuminate\\Auth\\SessionGuard->__construct('web', NULL, Object(Illuminate\\Session\\Store))
#1 D:\\File Khan\\Koolyeah\\Sem 4\\PAD2\\kantin_dtedi\\vendor\\laravel\\framework\\src\\Illuminate\\Auth\\AuthManager.php(96): Illuminate\\Auth\\AuthManager->createSessionDriver('web', Array)
#2 D:\\File Khan\\Koolyeah\\Sem 4\\PAD2\\kantin_dtedi\\vendor\\laravel\\framework\\src\\Illuminate\\Auth\\AuthManager.php(70): Illuminate\\Auth\\AuthManager->resolve('web')
#3 D:\\File Khan\\Koolyeah\\Sem 4\\PAD2\\kantin_dtedi\\vendor\\laravel\\framework\\src\\Illuminate\\Auth\\AuthManager.php(57): Illuminate\\Auth\\AuthManager->guard('web')
#4 [internal function]: Illuminate\\Auth\\AuthManager->Illuminate\\Auth\\{closure}(NULL)
#5 D:\\File Khan\\Koolyeah\\Sem 4\\PAD2\\kantin_dtedi\\vendor\\laravel\\framework\\src\\Illuminate\\Auth\\AuthServiceProvider.php(89): call_user_func(Object(Closure), NULL)
#6 [internal function]: Illuminate\\Auth\\AuthServiceProvider->Illuminate\\Auth\\{closure}(NULL)
#7 D:\\File Khan\\Koolyeah\\Sem 4\\PAD2\\kantin_dtedi\\vendor\\laravel\\framework\\src\\Illuminate\\Http\\Request.php(607): call_user_func(Object(Closure), NULL)
#8 D:\\File Khan\\Koolyeah\\Sem 4\\PAD2\\kantin_dtedi\\app\\Providers\\RouteServiceProvider.php(28): Illuminate\\Http\\Request->user()
#9 D:\\File Khan\\Koolyeah\\Sem 4\\PAD2\\kantin_dtedi\\vendor\\laravel\\framework\\src\\Illuminate\\Routing\\Middleware\\ThrottleRequests.php(117): App\\Providers\\RouteServiceProvider->App\\Providers\\{closure}(Object(Illuminate\\Http\\Request))
#10 D:\\File Khan\\Koolyeah\\Sem 4\\PAD2\\kantin_dtedi\\vendor\\laravel\\framework\\src\\Illuminate\\Routing\\Middleware\\ThrottleRequests.php(87): Illuminate\\Routing\\Middleware\\ThrottleRequests->handleRequestUsingNamedLimiter(Object(Illuminate\\Http\\Request), Object(Closure), 'api', Object(Closure))
#11 D:\\File Khan\\Koolyeah\\Sem 4\\PAD2\\kantin_dtedi\\vendor\\laravel\\framework\\src\\Illuminate\\Pipeline\\Pipeline.php(183): Illuminate\\Routing\\Middleware\\ThrottleRequests->handle(Object(Illuminate\\Http\\Request), Object(Closure), 'api')
#12 D:\\File Khan\\Koolyeah\\Sem 4\\PAD2\\kantin_dtedi\\vendor\\laravel\\sanctum\\src\\Http\\Middleware\\EnsureFrontendRequestsAreStateful.php(25): Illuminate\\Pipeline\\Pipeline->Illuminate\\Pipeline\\{closure}(Object(Illuminate\\Http\\Request))
#13 D:\\File Khan\\Koolyeah\\Sem 4\\PAD2\\kantin_dtedi\\vendor\\laravel\\framework\\src\\Illuminate\\Pipeline\\Pipeline.php(144): Laravel\\Sanctum\\Http\\Middleware\\EnsureFrontendRequestsAreStateful->Laravel\\Sanctum\\Http\\Middleware\\{closure}(Object(Illuminate\\Http\\Request))
#14 D:\\File Khan\\Koolyeah\\Sem 4\\PAD2\\kantin_dtedi\\vendor\\laravel\\framework\\src\\Illuminate\\Pipeline\\Pipeline.php(119): Illuminate\\Pipeline\\Pipeline->Illuminate\\Pipeline\\{closure}(Object(Illuminate\\Http\\Request))
#15 D:\\File Khan\\Koolyeah\\Sem 4\\PAD2\\kantin_dtedi\\vendor\\laravel\\sanctum\\src\\Http\\Middleware\\EnsureFrontendRequestsAreStateful.php(26): Illuminate\\Pipeline\\Pipeline->then(Object(Closure))
#16 D:\\File Khan\\Koolyeah\\Sem 4\\PAD2\\kantin_dtedi\\vendor\\laravel\\framework\\src\\Illuminate\\Pipeline\\Pipeline.php(183): Laravel\\Sanctum\\Http\\Middleware\\EnsureFrontendRequestsAreStateful->handle(Object(Illuminate\\Http\\Request), Object(Closure))
#17 D:\\File Khan\\Koolyeah\\Sem 4\\PAD2\\kantin_dtedi\\vendor\\laravel\\framework\\src\\Illuminate\\Pipeline\\Pipeline.php(119): Illuminate\\Pipeline\\Pipeline->Illuminate\\Pipeline\\{closure}(Object(Illuminate\\Http\\Request))
#18 D:\\File Khan\\Koolyeah\\Sem 4\\PAD2\\kantin_dtedi\\vendor\\laravel\\framework\\src\\Illuminate\\Routing\\Router.php(807): Illuminate\\Pipeline\\Pipeline->then(Object(Closure))
#19 D:\\File Khan\\Koolyeah\\Sem 4\\PAD2\\kantin_dtedi\\vendor\\laravel\\framework\\src\\Illuminate\\Routing\\Router.php(784): Illuminate\\Routing\\Router->runRouteWithinStack(Object(Illuminate\\Routing\\Route), Object(Illuminate\\Http\\Request))
#20 D:\\File Khan\\Koolyeah\\Sem 4\\PAD2\\kantin_dtedi\\vendor\\laravel\\framework\\src\\Illuminate\\Routing\\Router.php(748): Illuminate\\Routing\\Router->runRoute(Object(Illuminate\\Http\\Request), Object(Illuminate\\Routing\\Route))
#21 D:\\File Khan\\Koolyeah\\Sem 4\\PAD2\\kantin_dtedi\\vendor\\laravel\\framework\\src\\Illuminate\\Routing\\Router.php(737): Illuminate\\Routing\\Router->dispatchToRoute(Object(Illuminate\\Http\\Request))
#22 D:\\File Khan\\Koolyeah\\Sem 4\\PAD2\\kantin_dtedi\\vendor\\laravel\\framework\\src\\Illuminate\\Foundation\\Http\\Kernel.php(200): Illuminate\\Routing\\Router->dispatch(Object(Illuminate\\Http\\Request))
#23 D:\\File Khan\\Koolyeah\\Sem 4\\PAD2\\kantin_dtedi\\vendor\\laravel\\framework\\src\\Illuminate\\Pipeline\\Pipeline.php(144): Illuminate\\Foundation\\Http\\Kernel->Illuminate\\Foundation\\Http\\{closure}(Object(Illuminate\\Http\\Request))
#24 D:\\File Khan\\Koolyeah\\Sem 4\\PAD2\\kantin_dtedi\\vendor\\laravel\\framework\\src\\Illuminate\\Foundation\\Http\\Middleware\\TransformsRequest.php(21): Illuminate\\Pipeline\\Pipeline->Illuminate\\Pipeline\\{closure}(Object(Illuminate\\Http\\Request))
#25 D:\\File Khan\\Koolyeah\\Sem 4\\PAD2\\kantin_dtedi\\vendor\\laravel\\framework\\src\\Illuminate\\Foundation\\Http\\Middleware\\ConvertEmptyStringsToNull.php(31): Illuminate\\Foundation\\Http\\Middleware\\TransformsRequest->handle(Object(Illuminate\\Http\\Request), Object(Closure))
#26 D:\\File Khan\\Koolyeah\\Sem 4\\PAD2\\kantin_dtedi\\vendor\\laravel\\framework\\src\\Illuminate\\Pipeline\\Pipeline.php(183): Illuminate\\Foundation\\Http\\Middleware\\ConvertEmptyStringsToNull->handle(Object(Illuminate\\Http\\Request), Object(Closure))
#27 D:\\File Khan\\Koolyeah\\Sem 4\\PAD2\\kantin_dtedi\\vendor\\laravel\\framework\\src\\Illuminate\\Foundation\\Http\\Middleware\\TransformsRequest.php(21): Illuminate\\Pipeline\\Pipeline->Illuminate\\Pipeline\\{closure}(Object(Illuminate\\Http\\Request))
#28 D:\\File Khan\\Koolyeah\\Sem 4\\PAD2\\kantin_dtedi\\vendor\\laravel\\framework\\src\\Illuminate\\Foundation\\Http\\Middleware\\TrimStrings.php(40): Illuminate\\Foundation\\Http\\Middleware\\TransformsRequest->handle(Object(Illuminate\\Http\\Request), Object(Closure))
#29 D:\\File Khan\\Koolyeah\\Sem 4\\PAD2\\kantin_dtedi\\vendor\\laravel\\framework\\src\\Illuminate\\Pipeline\\Pipeline.php(183): Illuminate\\Foundation\\Http\\Middleware\\TrimStrings->handle(Object(Illuminate\\Http\\Request), Object(Closure))
#30 D:\\File Khan\\Koolyeah\\Sem 4\\PAD2\\kantin_dtedi\\vendor\\laravel\\framework\\src\\Illuminate\\Foundation\\Http\\Middleware\\ValidatePostSize.php(27): Illuminate\\Pipeline\\Pipeline->Illuminate\\Pipeline\\{closure}(Object(Illuminate\\Http\\Request))
#31 D:\\File Khan\\Koolyeah\\Sem 4\\PAD2\\kantin_dtedi\\vendor\\laravel\\framework\\src\\Illuminate\\Pipeline\\Pipeline.php(183): Illuminate\\Foundation\\Http\\Middleware\\ValidatePostSize->handle(Object(Illuminate\\Http\\Request), Object(Closure))
#32 D:\\File Khan\\Koolyeah\\Sem 4\\PAD2\\kantin_dtedi\\vendor\\laravel\\framework\\src\\Illuminate\\Foundation\\Http\\Middleware\\PreventRequestsDuringMaintenance.php(99): Illuminate\\Pipeline\\Pipeline->Illuminate\\Pipeline\\{closure}(Object(Illuminate\\Http\\Request))
#33 D:\\File Khan\\Koolyeah\\Sem 4\\PAD2\\kantin_dtedi\\vendor\\laravel\\framework\\src\\Illuminate\\Pipeline\\Pipeline.php(183): Illuminate\\Foundation\\Http\\Middleware\\PreventRequestsDuringMaintenance->handle(Object(Illuminate\\Http\\Request), Object(Closure))
#34 D:\\File Khan\\Koolyeah\\Sem 4\\PAD2\\kantin_dtedi\\vendor\\laravel\\framework\\src\\Illuminate\\Http\\Middleware\\HandleCors.php(62): Illuminate\\Pipeline\\Pipeline->Illuminate\\Pipeline\\{closure}(Object(Illuminate\\Http\\Request))
#35 D:\\File Khan\\Koolyeah\\Sem 4\\PAD2\\kantin_dtedi\\vendor\\laravel\\framework\\src\\Illuminate\\Pipeline\\Pipeline.php(183): Illuminate\\Http\\Middleware\\HandleCors->handle(Object(Illuminate\\Http\\Request), Object(Closure))
#36 D:\\File Khan\\Koolyeah\\Sem 4\\PAD2\\kantin_dtedi\\vendor\\laravel\\framework\\src\\Illuminate\\Http\\Middleware\\TrustProxies.php(39): Illuminate\\Pipeline\\Pipeline->Illuminate\\Pipeline\\{closure}(Object(Illuminate\\Http\\Request))
#37 D:\\File Khan\\Koolyeah\\Sem 4\\PAD2\\kantin_dtedi\\vendor\\laravel\\framework\\src\\Illuminate\\Pipeline\\Pipeline.php(183): Illuminate\\Http\\Middleware\\TrustProxies->handle(Object(Illuminate\\Http\\Request), Object(Closure))
#38 D:\\File Khan\\Koolyeah\\Sem 4\\PAD2\\kantin_dtedi\\vendor\\laravel\\framework\\src\\Illuminate\\Pipeline\\Pipeline.php(119): Illuminate\\Pipeline\\Pipeline->Illuminate\\Pipeline\\{closure}(Object(Illuminate\\Http\\Request))
#39 D:\\File Khan\\Koolyeah\\Sem 4\\PAD2\\kantin_dtedi\\vendor\\laravel\\framework\\src\\Illuminate\\Foundation\\Http\\Kernel.php(175): Illuminate\\Pipeline\\Pipeline->then(Object(Closure))
#40 D:\\File Khan\\Koolyeah\\Sem 4\\PAD2\\kantin_dtedi\\vendor\\laravel\\framework\\src\\Illuminate\\Foundation\\Http\\Kernel.php(144): Illuminate\\Foundation\\Http\\Kernel->sendRequestThroughRouter(Object(Illuminate\\Http\\Request))
#41 D:\\File Khan\\Koolyeah\\Sem 4\\PAD2\\kantin_dtedi\\public\\index.php(52): Illuminate\\Foundation\\Http\\Kernel->handle(Object(Illuminate\\Http\\Request))
#42 D:\\File Khan\\Koolyeah\\Sem 4\\PAD2\\kantin_dtedi\\vendor\\laravel\\framework\\src\\Illuminate\\Foundation\\resources\\server.php(16): require_once('D:\\\\File Khan\\\\Ko...')
#43 {main}
"} 
[2025-02-27 18:49:45] local.ERROR: Illuminate\Auth\SessionGuard::__construct(): Argument #2 ($provider) must be of type Illuminate\Contracts\Auth\UserProvider, null given, called in D:\File Khan\Koolyeah\Sem 4\PAD2\kantin_dtedi\vendor\laravel\framework\src\Illuminate\Auth\AuthManager.php on line 130 {"exception":"[object] (TypeError(code: 0): Illuminate\\Auth\\SessionGuard::__construct(): Argument #2 ($provider) must be of type Illuminate\\Contracts\\Auth\\UserProvider, null given, called in D:\\File Khan\\Koolyeah\\Sem 4\\PAD2\\kantin_dtedi\\vendor\\laravel\\framework\\src\\Illuminate\\Auth\\AuthManager.php on line 130 at D:\\File Khan\\Koolyeah\\Sem 4\\PAD2\\kantin_dtedi\\vendor\\laravel\\framework\\src\\Illuminate\\Auth\\SessionGuard.php:123)
[stacktrace]
#0 D:\\File Khan\\Koolyeah\\Sem 4\\PAD2\\kantin_dtedi\\vendor\\laravel\\framework\\src\\Illuminate\\Auth\\AuthManager.php(130): Illuminate\\Auth\\SessionGuard->__construct('web', NULL, Object(Illuminate\\Session\\Store))
#1 D:\\File Khan\\Koolyeah\\Sem 4\\PAD2\\kantin_dtedi\\vendor\\laravel\\framework\\src\\Illuminate\\Auth\\AuthManager.php(96): Illuminate\\Auth\\AuthManager->createSessionDriver('web', Array)
#2 D:\\File Khan\\Koolyeah\\Sem 4\\PAD2\\kantin_dtedi\\vendor\\laravel\\framework\\src\\Illuminate\\Auth\\AuthManager.php(70): Illuminate\\Auth\\AuthManager->resolve('web')
#3 D:\\File Khan\\Koolyeah\\Sem 4\\PAD2\\kantin_dtedi\\vendor\\laravel\\framework\\src\\Illuminate\\Auth\\AuthManager.php(57): Illuminate\\Auth\\AuthManager->guard('web')
#4 [internal function]: Illuminate\\Auth\\AuthManager->Illuminate\\Auth\\{closure}(NULL)
#5 D:\\File Khan\\Koolyeah\\Sem 4\\PAD2\\kantin_dtedi\\vendor\\laravel\\framework\\src\\Illuminate\\Auth\\AuthServiceProvider.php(89): call_user_func(Object(Closure), NULL)
#6 [internal function]: Illuminate\\Auth\\AuthServiceProvider->Illuminate\\Auth\\{closure}(NULL)
#7 D:\\File Khan\\Koolyeah\\Sem 4\\PAD2\\kantin_dtedi\\vendor\\laravel\\framework\\src\\Illuminate\\Http\\Request.php(607): call_user_func(Object(Closure), NULL)
#8 D:\\File Khan\\Koolyeah\\Sem 4\\PAD2\\kantin_dtedi\\app\\Providers\\RouteServiceProvider.php(28): Illuminate\\Http\\Request->user()
#9 D:\\File Khan\\Koolyeah\\Sem 4\\PAD2\\kantin_dtedi\\vendor\\laravel\\framework\\src\\Illuminate\\Routing\\Middleware\\ThrottleRequests.php(117): App\\Providers\\RouteServiceProvider->App\\Providers\\{closure}(Object(Illuminate\\Http\\Request))
#10 D:\\File Khan\\Koolyeah\\Sem 4\\PAD2\\kantin_dtedi\\vendor\\laravel\\framework\\src\\Illuminate\\Routing\\Middleware\\ThrottleRequests.php(87): Illuminate\\Routing\\Middleware\\ThrottleRequests->handleRequestUsingNamedLimiter(Object(Illuminate\\Http\\Request), Object(Closure), 'api', Object(Closure))
#11 D:\\File Khan\\Koolyeah\\Sem 4\\PAD2\\kantin_dtedi\\vendor\\laravel\\framework\\src\\Illuminate\\Pipeline\\Pipeline.php(183): Illuminate\\Routing\\Middleware\\ThrottleRequests->handle(Object(Illuminate\\Http\\Request), Object(Closure), 'api')
#12 D:\\File Khan\\Koolyeah\\Sem 4\\PAD2\\kantin_dtedi\\vendor\\laravel\\sanctum\\src\\Http\\Middleware\\EnsureFrontendRequestsAreStateful.php(25): Illuminate\\Pipeline\\Pipeline->Illuminate\\Pipeline\\{closure}(Object(Illuminate\\Http\\Request))
#13 D:\\File Khan\\Koolyeah\\Sem 4\\PAD2\\kantin_dtedi\\vendor\\laravel\\framework\\src\\Illuminate\\Pipeline\\Pipeline.php(144): Laravel\\Sanctum\\Http\\Middleware\\EnsureFrontendRequestsAreStateful->Laravel\\Sanctum\\Http\\Middleware\\{closure}(Object(Illuminate\\Http\\Request))
#14 D:\\File Khan\\Koolyeah\\Sem 4\\PAD2\\kantin_dtedi\\vendor\\laravel\\framework\\src\\Illuminate\\Pipeline\\Pipeline.php(119): Illuminate\\Pipeline\\Pipeline->Illuminate\\Pipeline\\{closure}(Object(Illuminate\\Http\\Request))
#15 D:\\File Khan\\Koolyeah\\Sem 4\\PAD2\\kantin_dtedi\\vendor\\laravel\\sanctum\\src\\Http\\Middleware\\EnsureFrontendRequestsAreStateful.php(26): Illuminate\\Pipeline\\Pipeline->then(Object(Closure))
#16 D:\\File Khan\\Koolyeah\\Sem 4\\PAD2\\kantin_dtedi\\vendor\\laravel\\framework\\src\\Illuminate\\Pipeline\\Pipeline.php(183): Laravel\\Sanctum\\Http\\Middleware\\EnsureFrontendRequestsAreStateful->handle(Object(Illuminate\\Http\\Request), Object(Closure))
#17 D:\\File Khan\\Koolyeah\\Sem 4\\PAD2\\kantin_dtedi\\vendor\\laravel\\framework\\src\\Illuminate\\Pipeline\\Pipeline.php(119): Illuminate\\Pipeline\\Pipeline->Illuminate\\Pipeline\\{closure}(Object(Illuminate\\Http\\Request))
#18 D:\\File Khan\\Koolyeah\\Sem 4\\PAD2\\kantin_dtedi\\vendor\\laravel\\framework\\src\\Illuminate\\Routing\\Router.php(807): Illuminate\\Pipeline\\Pipeline->then(Object(Closure))
#19 D:\\File Khan\\Koolyeah\\Sem 4\\PAD2\\kantin_dtedi\\vendor\\laravel\\framework\\src\\Illuminate\\Routing\\Router.php(784): Illuminate\\Routing\\Router->runRouteWithinStack(Object(Illuminate\\Routing\\Route), Object(Illuminate\\Http\\Request))
#20 D:\\File Khan\\Koolyeah\\Sem 4\\PAD2\\kantin_dtedi\\vendor\\laravel\\framework\\src\\Illuminate\\Routing\\Router.php(748): Illuminate\\Routing\\Router->runRoute(Object(Illuminate\\Http\\Request), Object(Illuminate\\Routing\\Route))
#21 D:\\File Khan\\Koolyeah\\Sem 4\\PAD2\\kantin_dtedi\\vendor\\laravel\\framework\\src\\Illuminate\\Routing\\Router.php(737): Illuminate\\Routing\\Router->dispatchToRoute(Object(Illuminate\\Http\\Request))
#22 D:\\File Khan\\Koolyeah\\Sem 4\\PAD2\\kantin_dtedi\\vendor\\laravel\\framework\\src\\Illuminate\\Foundation\\Http\\Kernel.php(200): Illuminate\\Routing\\Router->dispatch(Object(Illuminate\\Http\\Request))
#23 D:\\File Khan\\Koolyeah\\Sem 4\\PAD2\\kantin_dtedi\\vendor\\laravel\\framework\\src\\Illuminate\\Pipeline\\Pipeline.php(144): Illuminate\\Foundation\\Http\\Kernel->Illuminate\\Foundation\\Http\\{closure}(Object(Illuminate\\Http\\Request))
#24 D:\\File Khan\\Koolyeah\\Sem 4\\PAD2\\kantin_dtedi\\vendor\\laravel\\framework\\src\\Illuminate\\Foundation\\Http\\Middleware\\TransformsRequest.php(21): Illuminate\\Pipeline\\Pipeline->Illuminate\\Pipeline\\{closure}(Object(Illuminate\\Http\\Request))
#25 D:\\File Khan\\Koolyeah\\Sem 4\\PAD2\\kantin_dtedi\\vendor\\laravel\\framework\\src\\Illuminate\\Foundation\\Http\\Middleware\\ConvertEmptyStringsToNull.php(31): Illuminate\\Foundation\\Http\\Middleware\\TransformsRequest->handle(Object(Illuminate\\Http\\Request), Object(Closure))
#26 D:\\File Khan\\Koolyeah\\Sem 4\\PAD2\\kantin_dtedi\\vendor\\laravel\\framework\\src\\Illuminate\\Pipeline\\Pipeline.php(183): Illuminate\\Foundation\\Http\\Middleware\\ConvertEmptyStringsToNull->handle(Object(Illuminate\\Http\\Request), Object(Closure))
#27 D:\\File Khan\\Koolyeah\\Sem 4\\PAD2\\kantin_dtedi\\vendor\\laravel\\framework\\src\\Illuminate\\Foundation\\Http\\Middleware\\TransformsRequest.php(21): Illuminate\\Pipeline\\Pipeline->Illuminate\\Pipeline\\{closure}(Object(Illuminate\\Http\\Request))
#28 D:\\File Khan\\Koolyeah\\Sem 4\\PAD2\\kantin_dtedi\\vendor\\laravel\\framework\\src\\Illuminate\\Foundation\\Http\\Middleware\\TrimStrings.php(40): Illuminate\\Foundation\\Http\\Middleware\\TransformsRequest->handle(Object(Illuminate\\Http\\Request), Object(Closure))
#29 D:\\File Khan\\Koolyeah\\Sem 4\\PAD2\\kantin_dtedi\\vendor\\laravel\\framework\\src\\Illuminate\\Pipeline\\Pipeline.php(183): Illuminate\\Foundation\\Http\\Middleware\\TrimStrings->handle(Object(Illuminate\\Http\\Request), Object(Closure))
#30 D:\\File Khan\\Koolyeah\\Sem 4\\PAD2\\kantin_dtedi\\vendor\\laravel\\framework\\src\\Illuminate\\Foundation\\Http\\Middleware\\ValidatePostSize.php(27): Illuminate\\Pipeline\\Pipeline->Illuminate\\Pipeline\\{closure}(Object(Illuminate\\Http\\Request))
#31 D:\\File Khan\\Koolyeah\\Sem 4\\PAD2\\kantin_dtedi\\vendor\\laravel\\framework\\src\\Illuminate\\Pipeline\\Pipeline.php(183): Illuminate\\Foundation\\Http\\Middleware\\ValidatePostSize->handle(Object(Illuminate\\Http\\Request), Object(Closure))
#32 D:\\File Khan\\Koolyeah\\Sem 4\\PAD2\\kantin_dtedi\\vendor\\laravel\\framework\\src\\Illuminate\\Foundation\\Http\\Middleware\\PreventRequestsDuringMaintenance.php(99): Illuminate\\Pipeline\\Pipeline->Illuminate\\Pipeline\\{closure}(Object(Illuminate\\Http\\Request))
#33 D:\\File Khan\\Koolyeah\\Sem 4\\PAD2\\kantin_dtedi\\vendor\\laravel\\framework\\src\\Illuminate\\Pipeline\\Pipeline.php(183): Illuminate\\Foundation\\Http\\Middleware\\PreventRequestsDuringMaintenance->handle(Object(Illuminate\\Http\\Request), Object(Closure))
#34 D:\\File Khan\\Koolyeah\\Sem 4\\PAD2\\kantin_dtedi\\vendor\\laravel\\framework\\src\\Illuminate\\Http\\Middleware\\HandleCors.php(62): Illuminate\\Pipeline\\Pipeline->Illuminate\\Pipeline\\{closure}(Object(Illuminate\\Http\\Request))
#35 D:\\File Khan\\Koolyeah\\Sem 4\\PAD2\\kantin_dtedi\\vendor\\laravel\\framework\\src\\Illuminate\\Pipeline\\Pipeline.php(183): Illuminate\\Http\\Middleware\\HandleCors->handle(Object(Illuminate\\Http\\Request), Object(Closure))
#36 D:\\File Khan\\Koolyeah\\Sem 4\\PAD2\\kantin_dtedi\\vendor\\laravel\\framework\\src\\Illuminate\\Http\\Middleware\\TrustProxies.php(39): Illuminate\\Pipeline\\Pipeline->Illuminate\\Pipeline\\{closure}(Object(Illuminate\\Http\\Request))
#37 D:\\File Khan\\Koolyeah\\Sem 4\\PAD2\\kantin_dtedi\\vendor\\laravel\\framework\\src\\Illuminate\\Pipeline\\Pipeline.php(183): Illuminate\\Http\\Middleware\\TrustProxies->handle(Object(Illuminate\\Http\\Request), Object(Closure))
#38 D:\\File Khan\\Koolyeah\\Sem 4\\PAD2\\kantin_dtedi\\vendor\\laravel\\framework\\src\\Illuminate\\Pipeline\\Pipeline.php(119): Illuminate\\Pipeline\\Pipeline->Illuminate\\Pipeline\\{closure}(Object(Illuminate\\Http\\Request))
#39 D:\\File Khan\\Koolyeah\\Sem 4\\PAD2\\kantin_dtedi\\vendor\\laravel\\framework\\src\\Illuminate\\Foundation\\Http\\Kernel.php(175): Illuminate\\Pipeline\\Pipeline->then(Object(Closure))
#40 D:\\File Khan\\Koolyeah\\Sem 4\\PAD2\\kantin_dtedi\\vendor\\laravel\\framework\\src\\Illuminate\\Foundation\\Http\\Kernel.php(144): Illuminate\\Foundation\\Http\\Kernel->sendRequestThroughRouter(Object(Illuminate\\Http\\Request))
#41 D:\\File Khan\\Koolyeah\\Sem 4\\PAD2\\kantin_dtedi\\public\\index.php(52): Illuminate\\Foundation\\Http\\Kernel->handle(Object(Illuminate\\Http\\Request))
#42 D:\\File Khan\\Koolyeah\\Sem 4\\PAD2\\kantin_dtedi\\vendor\\laravel\\framework\\src\\Illuminate\\Foundation\\resources\\server.php(16): require_once('D:\\\\File Khan\\\\Ko...')
#43 {main}
"} 
[2025-02-27 18:51:03] local.ERROR: Illuminate\Auth\SessionGuard::__construct(): Argument #2 ($provider) must be of type Illuminate\Contracts\Auth\UserProvider, null given, called in D:\File Khan\Koolyeah\Sem 4\PAD2\kantin_dtedi\vendor\laravel\framework\src\Illuminate\Auth\AuthManager.php on line 130 {"exception":"[object] (TypeError(code: 0): Illuminate\\Auth\\SessionGuard::__construct(): Argument #2 ($provider) must be of type Illuminate\\Contracts\\Auth\\UserProvider, null given, called in D:\\File Khan\\Koolyeah\\Sem 4\\PAD2\\kantin_dtedi\\vendor\\laravel\\framework\\src\\Illuminate\\Auth\\AuthManager.php on line 130 at D:\\File Khan\\Koolyeah\\Sem 4\\PAD2\\kantin_dtedi\\vendor\\laravel\\framework\\src\\Illuminate\\Auth\\SessionGuard.php:123)
[stacktrace]
#0 D:\\File Khan\\Koolyeah\\Sem 4\\PAD2\\kantin_dtedi\\vendor\\laravel\\framework\\src\\Illuminate\\Auth\\AuthManager.php(130): Illuminate\\Auth\\SessionGuard->__construct('web', NULL, Object(Illuminate\\Session\\Store))
#1 D:\\File Khan\\Koolyeah\\Sem 4\\PAD2\\kantin_dtedi\\vendor\\laravel\\framework\\src\\Illuminate\\Auth\\AuthManager.php(96): Illuminate\\Auth\\AuthManager->createSessionDriver('web', Array)
#2 D:\\File Khan\\Koolyeah\\Sem 4\\PAD2\\kantin_dtedi\\vendor\\laravel\\framework\\src\\Illuminate\\Auth\\AuthManager.php(70): Illuminate\\Auth\\AuthManager->resolve('web')
#3 D:\\File Khan\\Koolyeah\\Sem 4\\PAD2\\kantin_dtedi\\vendor\\laravel\\framework\\src\\Illuminate\\Auth\\AuthManager.php(57): Illuminate\\Auth\\AuthManager->guard('web')
#4 [internal function]: Illuminate\\Auth\\AuthManager->Illuminate\\Auth\\{closure}(NULL)
#5 D:\\File Khan\\Koolyeah\\Sem 4\\PAD2\\kantin_dtedi\\vendor\\laravel\\framework\\src\\Illuminate\\Auth\\AuthServiceProvider.php(89): call_user_func(Object(Closure), NULL)
#6 [internal function]: Illuminate\\Auth\\AuthServiceProvider->Illuminate\\Auth\\{closure}(NULL)
#7 D:\\File Khan\\Koolyeah\\Sem 4\\PAD2\\kantin_dtedi\\vendor\\laravel\\framework\\src\\Illuminate\\Http\\Request.php(607): call_user_func(Object(Closure), NULL)
#8 D:\\File Khan\\Koolyeah\\Sem 4\\PAD2\\kantin_dtedi\\app\\Providers\\RouteServiceProvider.php(28): Illuminate\\Http\\Request->user()
#9 D:\\File Khan\\Koolyeah\\Sem 4\\PAD2\\kantin_dtedi\\vendor\\laravel\\framework\\src\\Illuminate\\Routing\\Middleware\\ThrottleRequests.php(117): App\\Providers\\RouteServiceProvider->App\\Providers\\{closure}(Object(Illuminate\\Http\\Request))
#10 D:\\File Khan\\Koolyeah\\Sem 4\\PAD2\\kantin_dtedi\\vendor\\laravel\\framework\\src\\Illuminate\\Routing\\Middleware\\ThrottleRequests.php(87): Illuminate\\Routing\\Middleware\\ThrottleRequests->handleRequestUsingNamedLimiter(Object(Illuminate\\Http\\Request), Object(Closure), 'api', Object(Closure))
#11 D:\\File Khan\\Koolyeah\\Sem 4\\PAD2\\kantin_dtedi\\vendor\\laravel\\framework\\src\\Illuminate\\Pipeline\\Pipeline.php(183): Illuminate\\Routing\\Middleware\\ThrottleRequests->handle(Object(Illuminate\\Http\\Request), Object(Closure), 'api')
#12 D:\\File Khan\\Koolyeah\\Sem 4\\PAD2\\kantin_dtedi\\vendor\\laravel\\sanctum\\src\\Http\\Middleware\\EnsureFrontendRequestsAreStateful.php(25): Illuminate\\Pipeline\\Pipeline->Illuminate\\Pipeline\\{closure}(Object(Illuminate\\Http\\Request))
#13 D:\\File Khan\\Koolyeah\\Sem 4\\PAD2\\kantin_dtedi\\vendor\\laravel\\framework\\src\\Illuminate\\Pipeline\\Pipeline.php(144): Laravel\\Sanctum\\Http\\Middleware\\EnsureFrontendRequestsAreStateful->Laravel\\Sanctum\\Http\\Middleware\\{closure}(Object(Illuminate\\Http\\Request))
#14 D:\\File Khan\\Koolyeah\\Sem 4\\PAD2\\kantin_dtedi\\vendor\\laravel\\framework\\src\\Illuminate\\Pipeline\\Pipeline.php(119): Illuminate\\Pipeline\\Pipeline->Illuminate\\Pipeline\\{closure}(Object(Illuminate\\Http\\Request))
#15 D:\\File Khan\\Koolyeah\\Sem 4\\PAD2\\kantin_dtedi\\vendor\\laravel\\sanctum\\src\\Http\\Middleware\\EnsureFrontendRequestsAreStateful.php(26): Illuminate\\Pipeline\\Pipeline->then(Object(Closure))
#16 D:\\File Khan\\Koolyeah\\Sem 4\\PAD2\\kantin_dtedi\\vendor\\laravel\\framework\\src\\Illuminate\\Pipeline\\Pipeline.php(183): Laravel\\Sanctum\\Http\\Middleware\\EnsureFrontendRequestsAreStateful->handle(Object(Illuminate\\Http\\Request), Object(Closure))
#17 D:\\File Khan\\Koolyeah\\Sem 4\\PAD2\\kantin_dtedi\\vendor\\laravel\\framework\\src\\Illuminate\\Pipeline\\Pipeline.php(119): Illuminate\\Pipeline\\Pipeline->Illuminate\\Pipeline\\{closure}(Object(Illuminate\\Http\\Request))
#18 D:\\File Khan\\Koolyeah\\Sem 4\\PAD2\\kantin_dtedi\\vendor\\laravel\\framework\\src\\Illuminate\\Routing\\Router.php(807): Illuminate\\Pipeline\\Pipeline->then(Object(Closure))
#19 D:\\File Khan\\Koolyeah\\Sem 4\\PAD2\\kantin_dtedi\\vendor\\laravel\\framework\\src\\Illuminate\\Routing\\Router.php(784): Illuminate\\Routing\\Router->runRouteWithinStack(Object(Illuminate\\Routing\\Route), Object(Illuminate\\Http\\Request))
#20 D:\\File Khan\\Koolyeah\\Sem 4\\PAD2\\kantin_dtedi\\vendor\\laravel\\framework\\src\\Illuminate\\Routing\\Router.php(748): Illuminate\\Routing\\Router->runRoute(Object(Illuminate\\Http\\Request), Object(Illuminate\\Routing\\Route))
#21 D:\\File Khan\\Koolyeah\\Sem 4\\PAD2\\kantin_dtedi\\vendor\\laravel\\framework\\src\\Illuminate\\Routing\\Router.php(737): Illuminate\\Routing\\Router->dispatchToRoute(Object(Illuminate\\Http\\Request))
#22 D:\\File Khan\\Koolyeah\\Sem 4\\PAD2\\kantin_dtedi\\vendor\\laravel\\framework\\src\\Illuminate\\Foundation\\Http\\Kernel.php(200): Illuminate\\Routing\\Router->dispatch(Object(Illuminate\\Http\\Request))
#23 D:\\File Khan\\Koolyeah\\Sem 4\\PAD2\\kantin_dtedi\\vendor\\laravel\\framework\\src\\Illuminate\\Pipeline\\Pipeline.php(144): Illuminate\\Foundation\\Http\\Kernel->Illuminate\\Foundation\\Http\\{closure}(Object(Illuminate\\Http\\Request))
#24 D:\\File Khan\\Koolyeah\\Sem 4\\PAD2\\kantin_dtedi\\vendor\\laravel\\framework\\src\\Illuminate\\Foundation\\Http\\Middleware\\TransformsRequest.php(21): Illuminate\\Pipeline\\Pipeline->Illuminate\\Pipeline\\{closure}(Object(Illuminate\\Http\\Request))
#25 D:\\File Khan\\Koolyeah\\Sem 4\\PAD2\\kantin_dtedi\\vendor\\laravel\\framework\\src\\Illuminate\\Foundation\\Http\\Middleware\\ConvertEmptyStringsToNull.php(31): Illuminate\\Foundation\\Http\\Middleware\\TransformsRequest->handle(Object(Illuminate\\Http\\Request), Object(Closure))
#26 D:\\File Khan\\Koolyeah\\Sem 4\\PAD2\\kantin_dtedi\\vendor\\laravel\\framework\\src\\Illuminate\\Pipeline\\Pipeline.php(183): Illuminate\\Foundation\\Http\\Middleware\\ConvertEmptyStringsToNull->handle(Object(Illuminate\\Http\\Request), Object(Closure))
#27 D:\\File Khan\\Koolyeah\\Sem 4\\PAD2\\kantin_dtedi\\vendor\\laravel\\framework\\src\\Illuminate\\Foundation\\Http\\Middleware\\TransformsRequest.php(21): Illuminate\\Pipeline\\Pipeline->Illuminate\\Pipeline\\{closure}(Object(Illuminate\\Http\\Request))
#28 D:\\File Khan\\Koolyeah\\Sem 4\\PAD2\\kantin_dtedi\\vendor\\laravel\\framework\\src\\Illuminate\\Foundation\\Http\\Middleware\\TrimStrings.php(40): Illuminate\\Foundation\\Http\\Middleware\\TransformsRequest->handle(Object(Illuminate\\Http\\Request), Object(Closure))
#29 D:\\File Khan\\Koolyeah\\Sem 4\\PAD2\\kantin_dtedi\\vendor\\laravel\\framework\\src\\Illuminate\\Pipeline\\Pipeline.php(183): Illuminate\\Foundation\\Http\\Middleware\\TrimStrings->handle(Object(Illuminate\\Http\\Request), Object(Closure))
#30 D:\\File Khan\\Koolyeah\\Sem 4\\PAD2\\kantin_dtedi\\vendor\\laravel\\framework\\src\\Illuminate\\Foundation\\Http\\Middleware\\ValidatePostSize.php(27): Illuminate\\Pipeline\\Pipeline->Illuminate\\Pipeline\\{closure}(Object(Illuminate\\Http\\Request))
#31 D:\\File Khan\\Koolyeah\\Sem 4\\PAD2\\kantin_dtedi\\vendor\\laravel\\framework\\src\\Illuminate\\Pipeline\\Pipeline.php(183): Illuminate\\Foundation\\Http\\Middleware\\ValidatePostSize->handle(Object(Illuminate\\Http\\Request), Object(Closure))
#32 D:\\File Khan\\Koolyeah\\Sem 4\\PAD2\\kantin_dtedi\\vendor\\laravel\\framework\\src\\Illuminate\\Foundation\\Http\\Middleware\\PreventRequestsDuringMaintenance.php(99): Illuminate\\Pipeline\\Pipeline->Illuminate\\Pipeline\\{closure}(Object(Illuminate\\Http\\Request))
#33 D:\\File Khan\\Koolyeah\\Sem 4\\PAD2\\kantin_dtedi\\vendor\\laravel\\framework\\src\\Illuminate\\Pipeline\\Pipeline.php(183): Illuminate\\Foundation\\Http\\Middleware\\PreventRequestsDuringMaintenance->handle(Object(Illuminate\\Http\\Request), Object(Closure))
#34 D:\\File Khan\\Koolyeah\\Sem 4\\PAD2\\kantin_dtedi\\vendor\\laravel\\framework\\src\\Illuminate\\Http\\Middleware\\HandleCors.php(62): Illuminate\\Pipeline\\Pipeline->Illuminate\\Pipeline\\{closure}(Object(Illuminate\\Http\\Request))
#35 D:\\File Khan\\Koolyeah\\Sem 4\\PAD2\\kantin_dtedi\\vendor\\laravel\\framework\\src\\Illuminate\\Pipeline\\Pipeline.php(183): Illuminate\\Http\\Middleware\\HandleCors->handle(Object(Illuminate\\Http\\Request), Object(Closure))
#36 D:\\File Khan\\Koolyeah\\Sem 4\\PAD2\\kantin_dtedi\\vendor\\laravel\\framework\\src\\Illuminate\\Http\\Middleware\\TrustProxies.php(39): Illuminate\\Pipeline\\Pipeline->Illuminate\\Pipeline\\{closure}(Object(Illuminate\\Http\\Request))
#37 D:\\File Khan\\Koolyeah\\Sem 4\\PAD2\\kantin_dtedi\\vendor\\laravel\\framework\\src\\Illuminate\\Pipeline\\Pipeline.php(183): Illuminate\\Http\\Middleware\\TrustProxies->handle(Object(Illuminate\\Http\\Request), Object(Closure))
#38 D:\\File Khan\\Koolyeah\\Sem 4\\PAD2\\kantin_dtedi\\vendor\\laravel\\framework\\src\\Illuminate\\Pipeline\\Pipeline.php(119): Illuminate\\Pipeline\\Pipeline->Illuminate\\Pipeline\\{closure}(Object(Illuminate\\Http\\Request))
#39 D:\\File Khan\\Koolyeah\\Sem 4\\PAD2\\kantin_dtedi\\vendor\\laravel\\framework\\src\\Illuminate\\Foundation\\Http\\Kernel.php(175): Illuminate\\Pipeline\\Pipeline->then(Object(Closure))
#40 D:\\File Khan\\Koolyeah\\Sem 4\\PAD2\\kantin_dtedi\\vendor\\laravel\\framework\\src\\Illuminate\\Foundation\\Http\\Kernel.php(144): Illuminate\\Foundation\\Http\\Kernel->sendRequestThroughRouter(Object(Illuminate\\Http\\Request))
#41 D:\\File Khan\\Koolyeah\\Sem 4\\PAD2\\kantin_dtedi\\public\\index.php(52): Illuminate\\Foundation\\Http\\Kernel->handle(Object(Illuminate\\Http\\Request))
#42 D:\\File Khan\\Koolyeah\\Sem 4\\PAD2\\kantin_dtedi\\vendor\\laravel\\framework\\src\\Illuminate\\Foundation\\resources\\server.php(16): require_once('D:\\\\File Khan\\\\Ko...')
#43 {main}
"} 
[2025-02-27 18:52:05] local.ERROR: Illuminate\Auth\SessionGuard::__construct(): Argument #2 ($provider) must be of type Illuminate\Contracts\Auth\UserProvider, null given, called in D:\File Khan\Koolyeah\Sem 4\PAD2\kantin_dtedi\vendor\laravel\framework\src\Illuminate\Auth\AuthManager.php on line 130 {"exception":"[object] (TypeError(code: 0): Illuminate\\Auth\\SessionGuard::__construct(): Argument #2 ($provider) must be of type Illuminate\\Contracts\\Auth\\UserProvider, null given, called in D:\\File Khan\\Koolyeah\\Sem 4\\PAD2\\kantin_dtedi\\vendor\\laravel\\framework\\src\\Illuminate\\Auth\\AuthManager.php on line 130 at D:\\File Khan\\Koolyeah\\Sem 4\\PAD2\\kantin_dtedi\\vendor\\laravel\\framework\\src\\Illuminate\\Auth\\SessionGuard.php:123)
[stacktrace]
#0 D:\\File Khan\\Koolyeah\\Sem 4\\PAD2\\kantin_dtedi\\vendor\\laravel\\framework\\src\\Illuminate\\Auth\\AuthManager.php(130): Illuminate\\Auth\\SessionGuard->__construct('web', NULL, Object(Illuminate\\Session\\Store))
#1 D:\\File Khan\\Koolyeah\\Sem 4\\PAD2\\kantin_dtedi\\vendor\\laravel\\framework\\src\\Illuminate\\Auth\\AuthManager.php(96): Illuminate\\Auth\\AuthManager->createSessionDriver('web', Array)
#2 D:\\File Khan\\Koolyeah\\Sem 4\\PAD2\\kantin_dtedi\\vendor\\laravel\\framework\\src\\Illuminate\\Auth\\AuthManager.php(70): Illuminate\\Auth\\AuthManager->resolve('web')
#3 D:\\File Khan\\Koolyeah\\Sem 4\\PAD2\\kantin_dtedi\\vendor\\laravel\\framework\\src\\Illuminate\\Auth\\AuthManager.php(57): Illuminate\\Auth\\AuthManager->guard('web')
#4 [internal function]: Illuminate\\Auth\\AuthManager->Illuminate\\Auth\\{closure}(NULL)
#5 D:\\File Khan\\Koolyeah\\Sem 4\\PAD2\\kantin_dtedi\\vendor\\laravel\\framework\\src\\Illuminate\\Auth\\AuthServiceProvider.php(89): call_user_func(Object(Closure), NULL)
#6 [internal function]: Illuminate\\Auth\\AuthServiceProvider->Illuminate\\Auth\\{closure}(NULL)
#7 D:\\File Khan\\Koolyeah\\Sem 4\\PAD2\\kantin_dtedi\\vendor\\laravel\\framework\\src\\Illuminate\\Http\\Request.php(607): call_user_func(Object(Closure), NULL)
#8 D:\\File Khan\\Koolyeah\\Sem 4\\PAD2\\kantin_dtedi\\app\\Providers\\RouteServiceProvider.php(28): Illuminate\\Http\\Request->user()
#9 D:\\File Khan\\Koolyeah\\Sem 4\\PAD2\\kantin_dtedi\\vendor\\laravel\\framework\\src\\Illuminate\\Routing\\Middleware\\ThrottleRequests.php(117): App\\Providers\\RouteServiceProvider->App\\Providers\\{closure}(Object(Illuminate\\Http\\Request))
#10 D:\\File Khan\\Koolyeah\\Sem 4\\PAD2\\kantin_dtedi\\vendor\\laravel\\framework\\src\\Illuminate\\Routing\\Middleware\\ThrottleRequests.php(87): Illuminate\\Routing\\Middleware\\ThrottleRequests->handleRequestUsingNamedLimiter(Object(Illuminate\\Http\\Request), Object(Closure), 'api', Object(Closure))
#11 D:\\File Khan\\Koolyeah\\Sem 4\\PAD2\\kantin_dtedi\\vendor\\laravel\\framework\\src\\Illuminate\\Pipeline\\Pipeline.php(183): Illuminate\\Routing\\Middleware\\ThrottleRequests->handle(Object(Illuminate\\Http\\Request), Object(Closure), 'api')
#12 D:\\File Khan\\Koolyeah\\Sem 4\\PAD2\\kantin_dtedi\\vendor\\laravel\\sanctum\\src\\Http\\Middleware\\EnsureFrontendRequestsAreStateful.php(25): Illuminate\\Pipeline\\Pipeline->Illuminate\\Pipeline\\{closure}(Object(Illuminate\\Http\\Request))
#13 D:\\File Khan\\Koolyeah\\Sem 4\\PAD2\\kantin_dtedi\\vendor\\laravel\\framework\\src\\Illuminate\\Pipeline\\Pipeline.php(144): Laravel\\Sanctum\\Http\\Middleware\\EnsureFrontendRequestsAreStateful->Laravel\\Sanctum\\Http\\Middleware\\{closure}(Object(Illuminate\\Http\\Request))
#14 D:\\File Khan\\Koolyeah\\Sem 4\\PAD2\\kantin_dtedi\\vendor\\laravel\\framework\\src\\Illuminate\\Pipeline\\Pipeline.php(119): Illuminate\\Pipeline\\Pipeline->Illuminate\\Pipeline\\{closure}(Object(Illuminate\\Http\\Request))
#15 D:\\File Khan\\Koolyeah\\Sem 4\\PAD2\\kantin_dtedi\\vendor\\laravel\\sanctum\\src\\Http\\Middleware\\EnsureFrontendRequestsAreStateful.php(26): Illuminate\\Pipeline\\Pipeline->then(Object(Closure))
#16 D:\\File Khan\\Koolyeah\\Sem 4\\PAD2\\kantin_dtedi\\vendor\\laravel\\framework\\src\\Illuminate\\Pipeline\\Pipeline.php(183): Laravel\\Sanctum\\Http\\Middleware\\EnsureFrontendRequestsAreStateful->handle(Object(Illuminate\\Http\\Request), Object(Closure))
#17 D:\\File Khan\\Koolyeah\\Sem 4\\PAD2\\kantin_dtedi\\vendor\\laravel\\framework\\src\\Illuminate\\Pipeline\\Pipeline.php(119): Illuminate\\Pipeline\\Pipeline->Illuminate\\Pipeline\\{closure}(Object(Illuminate\\Http\\Request))
#18 D:\\File Khan\\Koolyeah\\Sem 4\\PAD2\\kantin_dtedi\\vendor\\laravel\\framework\\src\\Illuminate\\Routing\\Router.php(807): Illuminate\\Pipeline\\Pipeline->then(Object(Closure))
#19 D:\\File Khan\\Koolyeah\\Sem 4\\PAD2\\kantin_dtedi\\vendor\\laravel\\framework\\src\\Illuminate\\Routing\\Router.php(784): Illuminate\\Routing\\Router->runRouteWithinStack(Object(Illuminate\\Routing\\Route), Object(Illuminate\\Http\\Request))
#20 D:\\File Khan\\Koolyeah\\Sem 4\\PAD2\\kantin_dtedi\\vendor\\laravel\\framework\\src\\Illuminate\\Routing\\Router.php(748): Illuminate\\Routing\\Router->runRoute(Object(Illuminate\\Http\\Request), Object(Illuminate\\Routing\\Route))
#21 D:\\File Khan\\Koolyeah\\Sem 4\\PAD2\\kantin_dtedi\\vendor\\laravel\\framework\\src\\Illuminate\\Routing\\Router.php(737): Illuminate\\Routing\\Router->dispatchToRoute(Object(Illuminate\\Http\\Request))
#22 D:\\File Khan\\Koolyeah\\Sem 4\\PAD2\\kantin_dtedi\\vendor\\laravel\\framework\\src\\Illuminate\\Foundation\\Http\\Kernel.php(200): Illuminate\\Routing\\Router->dispatch(Object(Illuminate\\Http\\Request))
#23 D:\\File Khan\\Koolyeah\\Sem 4\\PAD2\\kantin_dtedi\\vendor\\laravel\\framework\\src\\Illuminate\\Pipeline\\Pipeline.php(144): Illuminate\\Foundation\\Http\\Kernel->Illuminate\\Foundation\\Http\\{closure}(Object(Illuminate\\Http\\Request))
#24 D:\\File Khan\\Koolyeah\\Sem 4\\PAD2\\kantin_dtedi\\vendor\\laravel\\framework\\src\\Illuminate\\Foundation\\Http\\Middleware\\TransformsRequest.php(21): Illuminate\\Pipeline\\Pipeline->Illuminate\\Pipeline\\{closure}(Object(Illuminate\\Http\\Request))
#25 D:\\File Khan\\Koolyeah\\Sem 4\\PAD2\\kantin_dtedi\\vendor\\laravel\\framework\\src\\Illuminate\\Foundation\\Http\\Middleware\\ConvertEmptyStringsToNull.php(31): Illuminate\\Foundation\\Http\\Middleware\\TransformsRequest->handle(Object(Illuminate\\Http\\Request), Object(Closure))
#26 D:\\File Khan\\Koolyeah\\Sem 4\\PAD2\\kantin_dtedi\\vendor\\laravel\\framework\\src\\Illuminate\\Pipeline\\Pipeline.php(183): Illuminate\\Foundation\\Http\\Middleware\\ConvertEmptyStringsToNull->handle(Object(Illuminate\\Http\\Request), Object(Closure))
#27 D:\\File Khan\\Koolyeah\\Sem 4\\PAD2\\kantin_dtedi\\vendor\\laravel\\framework\\src\\Illuminate\\Foundation\\Http\\Middleware\\TransformsRequest.php(21): Illuminate\\Pipeline\\Pipeline->Illuminate\\Pipeline\\{closure}(Object(Illuminate\\Http\\Request))
#28 D:\\File Khan\\Koolyeah\\Sem 4\\PAD2\\kantin_dtedi\\vendor\\laravel\\framework\\src\\Illuminate\\Foundation\\Http\\Middleware\\TrimStrings.php(40): Illuminate\\Foundation\\Http\\Middleware\\TransformsRequest->handle(Object(Illuminate\\Http\\Request), Object(Closure))
#29 D:\\File Khan\\Koolyeah\\Sem 4\\PAD2\\kantin_dtedi\\vendor\\laravel\\framework\\src\\Illuminate\\Pipeline\\Pipeline.php(183): Illuminate\\Foundation\\Http\\Middleware\\TrimStrings->handle(Object(Illuminate\\Http\\Request), Object(Closure))
#30 D:\\File Khan\\Koolyeah\\Sem 4\\PAD2\\kantin_dtedi\\vendor\\laravel\\framework\\src\\Illuminate\\Foundation\\Http\\Middleware\\ValidatePostSize.php(27): Illuminate\\Pipeline\\Pipeline->Illuminate\\Pipeline\\{closure}(Object(Illuminate\\Http\\Request))
#31 D:\\File Khan\\Koolyeah\\Sem 4\\PAD2\\kantin_dtedi\\vendor\\laravel\\framework\\src\\Illuminate\\Pipeline\\Pipeline.php(183): Illuminate\\Foundation\\Http\\Middleware\\ValidatePostSize->handle(Object(Illuminate\\Http\\Request), Object(Closure))
#32 D:\\File Khan\\Koolyeah\\Sem 4\\PAD2\\kantin_dtedi\\vendor\\laravel\\framework\\src\\Illuminate\\Foundation\\Http\\Middleware\\PreventRequestsDuringMaintenance.php(99): Illuminate\\Pipeline\\Pipeline->Illuminate\\Pipeline\\{closure}(Object(Illuminate\\Http\\Request))
#33 D:\\File Khan\\Koolyeah\\Sem 4\\PAD2\\kantin_dtedi\\vendor\\laravel\\framework\\src\\Illuminate\\Pipeline\\Pipeline.php(183): Illuminate\\Foundation\\Http\\Middleware\\PreventRequestsDuringMaintenance->handle(Object(Illuminate\\Http\\Request), Object(Closure))
#34 D:\\File Khan\\Koolyeah\\Sem 4\\PAD2\\kantin_dtedi\\vendor\\laravel\\framework\\src\\Illuminate\\Http\\Middleware\\HandleCors.php(62): Illuminate\\Pipeline\\Pipeline->Illuminate\\Pipeline\\{closure}(Object(Illuminate\\Http\\Request))
#35 D:\\File Khan\\Koolyeah\\Sem 4\\PAD2\\kantin_dtedi\\vendor\\laravel\\framework\\src\\Illuminate\\Pipeline\\Pipeline.php(183): Illuminate\\Http\\Middleware\\HandleCors->handle(Object(Illuminate\\Http\\Request), Object(Closure))
#36 D:\\File Khan\\Koolyeah\\Sem 4\\PAD2\\kantin_dtedi\\vendor\\laravel\\framework\\src\\Illuminate\\Http\\Middleware\\TrustProxies.php(39): Illuminate\\Pipeline\\Pipeline->Illuminate\\Pipeline\\{closure}(Object(Illuminate\\Http\\Request))
#37 D:\\File Khan\\Koolyeah\\Sem 4\\PAD2\\kantin_dtedi\\vendor\\laravel\\framework\\src\\Illuminate\\Pipeline\\Pipeline.php(183): Illuminate\\Http\\Middleware\\TrustProxies->handle(Object(Illuminate\\Http\\Request), Object(Closure))
#38 D:\\File Khan\\Koolyeah\\Sem 4\\PAD2\\kantin_dtedi\\vendor\\laravel\\framework\\src\\Illuminate\\Pipeline\\Pipeline.php(119): Illuminate\\Pipeline\\Pipeline->Illuminate\\Pipeline\\{closure}(Object(Illuminate\\Http\\Request))
#39 D:\\File Khan\\Koolyeah\\Sem 4\\PAD2\\kantin_dtedi\\vendor\\laravel\\framework\\src\\Illuminate\\Foundation\\Http\\Kernel.php(175): Illuminate\\Pipeline\\Pipeline->then(Object(Closure))
#40 D:\\File Khan\\Koolyeah\\Sem 4\\PAD2\\kantin_dtedi\\vendor\\laravel\\framework\\src\\Illuminate\\Foundation\\Http\\Kernel.php(144): Illuminate\\Foundation\\Http\\Kernel->sendRequestThroughRouter(Object(Illuminate\\Http\\Request))
#41 D:\\File Khan\\Koolyeah\\Sem 4\\PAD2\\kantin_dtedi\\public\\index.php(52): Illuminate\\Foundation\\Http\\Kernel->handle(Object(Illuminate\\Http\\Request))
#42 D:\\File Khan\\Koolyeah\\Sem 4\\PAD2\\kantin_dtedi\\vendor\\laravel\\framework\\src\\Illuminate\\Foundation\\resources\\server.php(16): require_once('D:\\\\File Khan\\\\Ko...')
#43 {main}
"} 
[2025-02-28 05:27:53] local.ERROR: Call to a member function save() on null {"exception":"[object] (Error(code: 0): Call to a member function save() on null at D:\\File Khan\\Koolyeah\\Sem 4\\PAD2\\kantin_dtedi\\app\\Http\\Controllers\\AuthController.php:88)
[stacktrace]
#0 D:\\File Khan\\Koolyeah\\Sem 4\\PAD2\\kantin_dtedi\\vendor\\laravel\\framework\\src\\Illuminate\\Routing\\Controller.php(54): App\\Http\\Controllers\\AuthController->login(Object(Illuminate\\Http\\Request))
#1 D:\\File Khan\\Koolyeah\\Sem 4\\PAD2\\kantin_dtedi\\vendor\\laravel\\framework\\src\\Illuminate\\Routing\\ControllerDispatcher.php(43): Illuminate\\Routing\\Controller->callAction('login', Array)
#2 D:\\File Khan\\Koolyeah\\Sem 4\\PAD2\\kantin_dtedi\\vendor\\laravel\\framework\\src\\Illuminate\\Routing\\Route.php(260): Illuminate\\Routing\\ControllerDispatcher->dispatch(Object(Illuminate\\Routing\\Route), Object(App\\Http\\Controllers\\AuthController), 'login')
#3 D:\\File Khan\\Koolyeah\\Sem 4\\PAD2\\kantin_dtedi\\vendor\\laravel\\framework\\src\\Illuminate\\Routing\\Route.php(205): Illuminate\\Routing\\Route->runController()
#4 D:\\File Khan\\Koolyeah\\Sem 4\\PAD2\\kantin_dtedi\\vendor\\laravel\\framework\\src\\Illuminate\\Routing\\Router.php(806): Illuminate\\Routing\\Route->run()
#5 D:\\File Khan\\Koolyeah\\Sem 4\\PAD2\\kantin_dtedi\\vendor\\laravel\\framework\\src\\Illuminate\\Pipeline\\Pipeline.php(144): Illuminate\\Routing\\Router->Illuminate\\Routing\\{closure}(Object(Illuminate\\Http\\Request))
#6 D:\\File Khan\\Koolyeah\\Sem 4\\PAD2\\kantin_dtedi\\vendor\\laravel\\framework\\src\\Illuminate\\Routing\\Middleware\\SubstituteBindings.php(50): Illuminate\\Pipeline\\Pipeline->Illuminate\\Pipeline\\{closure}(Object(Illuminate\\Http\\Request))
#7 D:\\File Khan\\Koolyeah\\Sem 4\\PAD2\\kantin_dtedi\\vendor\\laravel\\framework\\src\\Illuminate\\Pipeline\\Pipeline.php(183): Illuminate\\Routing\\Middleware\\SubstituteBindings->handle(Object(Illuminate\\Http\\Request), Object(Closure))
#8 D:\\File Khan\\Koolyeah\\Sem 4\\PAD2\\kantin_dtedi\\vendor\\laravel\\framework\\src\\Illuminate\\Routing\\Middleware\\ThrottleRequests.php(159): Illuminate\\Pipeline\\Pipeline->Illuminate\\Pipeline\\{closure}(Object(Illuminate\\Http\\Request))
#9 D:\\File Khan\\Koolyeah\\Sem 4\\PAD2\\kantin_dtedi\\vendor\\laravel\\framework\\src\\Illuminate\\Routing\\Middleware\\ThrottleRequests.php(135): Illuminate\\Routing\\Middleware\\ThrottleRequests->handleRequest(Object(Illuminate\\Http\\Request), Object(Closure), Array)
#10 D:\\File Khan\\Koolyeah\\Sem 4\\PAD2\\kantin_dtedi\\vendor\\laravel\\framework\\src\\Illuminate\\Routing\\Middleware\\ThrottleRequests.php(87): Illuminate\\Routing\\Middleware\\ThrottleRequests->handleRequestUsingNamedLimiter(Object(Illuminate\\Http\\Request), Object(Closure), 'api', Object(Closure))
#11 D:\\File Khan\\Koolyeah\\Sem 4\\PAD2\\kantin_dtedi\\vendor\\laravel\\framework\\src\\Illuminate\\Pipeline\\Pipeline.php(183): Illuminate\\Routing\\Middleware\\ThrottleRequests->handle(Object(Illuminate\\Http\\Request), Object(Closure), 'api')
#12 D:\\File Khan\\Koolyeah\\Sem 4\\PAD2\\kantin_dtedi\\vendor\\laravel\\sanctum\\src\\Http\\Middleware\\EnsureFrontendRequestsAreStateful.php(25): Illuminate\\Pipeline\\Pipeline->Illuminate\\Pipeline\\{closure}(Object(Illuminate\\Http\\Request))
#13 D:\\File Khan\\Koolyeah\\Sem 4\\PAD2\\kantin_dtedi\\vendor\\laravel\\framework\\src\\Illuminate\\Pipeline\\Pipeline.php(144): Laravel\\Sanctum\\Http\\Middleware\\EnsureFrontendRequestsAreStateful->Laravel\\Sanctum\\Http\\Middleware\\{closure}(Object(Illuminate\\Http\\Request))
#14 D:\\File Khan\\Koolyeah\\Sem 4\\PAD2\\kantin_dtedi\\vendor\\laravel\\framework\\src\\Illuminate\\Pipeline\\Pipeline.php(119): Illuminate\\Pipeline\\Pipeline->Illuminate\\Pipeline\\{closure}(Object(Illuminate\\Http\\Request))
#15 D:\\File Khan\\Koolyeah\\Sem 4\\PAD2\\kantin_dtedi\\vendor\\laravel\\sanctum\\src\\Http\\Middleware\\EnsureFrontendRequestsAreStateful.php(26): Illuminate\\Pipeline\\Pipeline->then(Object(Closure))
#16 D:\\File Khan\\Koolyeah\\Sem 4\\PAD2\\kantin_dtedi\\vendor\\laravel\\framework\\src\\Illuminate\\Pipeline\\Pipeline.php(183): Laravel\\Sanctum\\Http\\Middleware\\EnsureFrontendRequestsAreStateful->handle(Object(Illuminate\\Http\\Request), Object(Closure))
#17 D:\\File Khan\\Koolyeah\\Sem 4\\PAD2\\kantin_dtedi\\vendor\\laravel\\framework\\src\\Illuminate\\Pipeline\\Pipeline.php(119): Illuminate\\Pipeline\\Pipeline->Illuminate\\Pipeline\\{closure}(Object(Illuminate\\Http\\Request))
#18 D:\\File Khan\\Koolyeah\\Sem 4\\PAD2\\kantin_dtedi\\vendor\\laravel\\framework\\src\\Illuminate\\Routing\\Router.php(807): Illuminate\\Pipeline\\Pipeline->then(Object(Closure))
#19 D:\\File Khan\\Koolyeah\\Sem 4\\PAD2\\kantin_dtedi\\vendor\\laravel\\framework\\src\\Illuminate\\Routing\\Router.php(784): Illuminate\\Routing\\Router->runRouteWithinStack(Object(Illuminate\\Routing\\Route), Object(Illuminate\\Http\\Request))
#20 D:\\File Khan\\Koolyeah\\Sem 4\\PAD2\\kantin_dtedi\\vendor\\laravel\\framework\\src\\Illuminate\\Routing\\Router.php(748): Illuminate\\Routing\\Router->runRoute(Object(Illuminate\\Http\\Request), Object(Illuminate\\Routing\\Route))
#21 D:\\File Khan\\Koolyeah\\Sem 4\\PAD2\\kantin_dtedi\\vendor\\laravel\\framework\\src\\Illuminate\\Routing\\Router.php(737): Illuminate\\Routing\\Router->dispatchToRoute(Object(Illuminate\\Http\\Request))
#22 D:\\File Khan\\Koolyeah\\Sem 4\\PAD2\\kantin_dtedi\\vendor\\laravel\\framework\\src\\Illuminate\\Foundation\\Http\\Kernel.php(200): Illuminate\\Routing\\Router->dispatch(Object(Illuminate\\Http\\Request))
#23 D:\\File Khan\\Koolyeah\\Sem 4\\PAD2\\kantin_dtedi\\vendor\\laravel\\framework\\src\\Illuminate\\Pipeline\\Pipeline.php(144): Illuminate\\Foundation\\Http\\Kernel->Illuminate\\Foundation\\Http\\{closure}(Object(Illuminate\\Http\\Request))
#24 D:\\File Khan\\Koolyeah\\Sem 4\\PAD2\\kantin_dtedi\\vendor\\laravel\\framework\\src\\Illuminate\\Foundation\\Http\\Middleware\\TransformsRequest.php(21): Illuminate\\Pipeline\\Pipeline->Illuminate\\Pipeline\\{closure}(Object(Illuminate\\Http\\Request))
#25 D:\\File Khan\\Koolyeah\\Sem 4\\PAD2\\kantin_dtedi\\vendor\\laravel\\framework\\src\\Illuminate\\Foundation\\Http\\Middleware\\ConvertEmptyStringsToNull.php(31): Illuminate\\Foundation\\Http\\Middleware\\TransformsRequest->handle(Object(Illuminate\\Http\\Request), Object(Closure))
#26 D:\\File Khan\\Koolyeah\\Sem 4\\PAD2\\kantin_dtedi\\vendor\\laravel\\framework\\src\\Illuminate\\Pipeline\\Pipeline.php(183): Illuminate\\Foundation\\Http\\Middleware\\ConvertEmptyStringsToNull->handle(Object(Illuminate\\Http\\Request), Object(Closure))
#27 D:\\File Khan\\Koolyeah\\Sem 4\\PAD2\\kantin_dtedi\\vendor\\laravel\\framework\\src\\Illuminate\\Foundation\\Http\\Middleware\\TransformsRequest.php(21): Illuminate\\Pipeline\\Pipeline->Illuminate\\Pipeline\\{closure}(Object(Illuminate\\Http\\Request))
#28 D:\\File Khan\\Koolyeah\\Sem 4\\PAD2\\kantin_dtedi\\vendor\\laravel\\framework\\src\\Illuminate\\Foundation\\Http\\Middleware\\TrimStrings.php(40): Illuminate\\Foundation\\Http\\Middleware\\TransformsRequest->handle(Object(Illuminate\\Http\\Request), Object(Closure))
#29 D:\\File Khan\\Koolyeah\\Sem 4\\PAD2\\kantin_dtedi\\vendor\\laravel\\framework\\src\\Illuminate\\Pipeline\\Pipeline.php(183): Illuminate\\Foundation\\Http\\Middleware\\TrimStrings->handle(Object(Illuminate\\Http\\Request), Object(Closure))
#30 D:\\File Khan\\Koolyeah\\Sem 4\\PAD2\\kantin_dtedi\\vendor\\laravel\\framework\\src\\Illuminate\\Foundation\\Http\\Middleware\\ValidatePostSize.php(27): Illuminate\\Pipeline\\Pipeline->Illuminate\\Pipeline\\{closure}(Object(Illuminate\\Http\\Request))
#31 D:\\File Khan\\Koolyeah\\Sem 4\\PAD2\\kantin_dtedi\\vendor\\laravel\\framework\\src\\Illuminate\\Pipeline\\Pipeline.php(183): Illuminate\\Foundation\\Http\\Middleware\\ValidatePostSize->handle(Object(Illuminate\\Http\\Request), Object(Closure))
#32 D:\\File Khan\\Koolyeah\\Sem 4\\PAD2\\kantin_dtedi\\vendor\\laravel\\framework\\src\\Illuminate\\Foundation\\Http\\Middleware\\PreventRequestsDuringMaintenance.php(99): Illuminate\\Pipeline\\Pipeline->Illuminate\\Pipeline\\{closure}(Object(Illuminate\\Http\\Request))
#33 D:\\File Khan\\Koolyeah\\Sem 4\\PAD2\\kantin_dtedi\\vendor\\laravel\\framework\\src\\Illuminate\\Pipeline\\Pipeline.php(183): Illuminate\\Foundation\\Http\\Middleware\\PreventRequestsDuringMaintenance->handle(Object(Illuminate\\Http\\Request), Object(Closure))
#34 D:\\File Khan\\Koolyeah\\Sem 4\\PAD2\\kantin_dtedi\\vendor\\laravel\\framework\\src\\Illuminate\\Http\\Middleware\\HandleCors.php(62): Illuminate\\Pipeline\\Pipeline->Illuminate\\Pipeline\\{closure}(Object(Illuminate\\Http\\Request))
#35 D:\\File Khan\\Koolyeah\\Sem 4\\PAD2\\kantin_dtedi\\vendor\\laravel\\framework\\src\\Illuminate\\Pipeline\\Pipeline.php(183): Illuminate\\Http\\Middleware\\HandleCors->handle(Object(Illuminate\\Http\\Request), Object(Closure))
#36 D:\\File Khan\\Koolyeah\\Sem 4\\PAD2\\kantin_dtedi\\vendor\\laravel\\framework\\src\\Illuminate\\Http\\Middleware\\TrustProxies.php(39): Illuminate\\Pipeline\\Pipeline->Illuminate\\Pipeline\\{closure}(Object(Illuminate\\Http\\Request))
#37 D:\\File Khan\\Koolyeah\\Sem 4\\PAD2\\kantin_dtedi\\vendor\\laravel\\framework\\src\\Illuminate\\Pipeline\\Pipeline.php(183): Illuminate\\Http\\Middleware\\TrustProxies->handle(Object(Illuminate\\Http\\Request), Object(Closure))
#38 D:\\File Khan\\Koolyeah\\Sem 4\\PAD2\\kantin_dtedi\\vendor\\laravel\\framework\\src\\Illuminate\\Pipeline\\Pipeline.php(119): Illuminate\\Pipeline\\Pipeline->Illuminate\\Pipeline\\{closure}(Object(Illuminate\\Http\\Request))
#39 D:\\File Khan\\Koolyeah\\Sem 4\\PAD2\\kantin_dtedi\\vendor\\laravel\\framework\\src\\Illuminate\\Foundation\\Http\\Kernel.php(175): Illuminate\\Pipeline\\Pipeline->then(Object(Closure))
#40 D:\\File Khan\\Koolyeah\\Sem 4\\PAD2\\kantin_dtedi\\vendor\\laravel\\framework\\src\\Illuminate\\Foundation\\Http\\Kernel.php(144): Illuminate\\Foundation\\Http\\Kernel->sendRequestThroughRouter(Object(Illuminate\\Http\\Request))
#41 D:\\File Khan\\Koolyeah\\Sem 4\\PAD2\\kantin_dtedi\\public\\index.php(52): Illuminate\\Foundation\\Http\\Kernel->handle(Object(Illuminate\\Http\\Request))
#42 D:\\File Khan\\Koolyeah\\Sem 4\\PAD2\\kantin_dtedi\\vendor\\laravel\\framework\\src\\Illuminate\\Foundation\\resources\\server.php(16): require_once('D:\\\\File Khan\\\\Ko...')
#43 {main}
"} 
[2025-02-28 06:30:04] local.ERROR: Auth guard [sacntum] is not defined. {"exception":"[object] (InvalidArgumentException(code: 0): Auth guard [sacntum] is not defined. at D:\\File Khan\\Koolyeah\\Sem 4\\PAD2\\kantin_dtedi\\vendor\\laravel\\framework\\src\\Illuminate\\Auth\\AuthManager.php:86)
[stacktrace]
#0 D:\\File Khan\\Koolyeah\\Sem 4\\PAD2\\kantin_dtedi\\vendor\\laravel\\framework\\src\\Illuminate\\Auth\\AuthManager.php(70): Illuminate\\Auth\\AuthManager->resolve('sacntum')
#1 D:\\File Khan\\Koolyeah\\Sem 4\\PAD2\\kantin_dtedi\\vendor\\laravel\\framework\\src\\Illuminate\\Auth\\Middleware\\Authenticate.php(76): Illuminate\\Auth\\AuthManager->guard('sacntum')
#2 D:\\File Khan\\Koolyeah\\Sem 4\\PAD2\\kantin_dtedi\\vendor\\laravel\\framework\\src\\Illuminate\\Auth\\Middleware\\Authenticate.php(55): Illuminate\\Auth\\Middleware\\Authenticate->authenticate(Object(Illuminate\\Http\\Request), Array)
#3 D:\\File Khan\\Koolyeah\\Sem 4\\PAD2\\kantin_dtedi\\vendor\\laravel\\framework\\src\\Illuminate\\Pipeline\\Pipeline.php(183): Illuminate\\Auth\\Middleware\\Authenticate->handle(Object(Illuminate\\Http\\Request), Object(Closure), 'sacntum')
#4 D:\\File Khan\\Koolyeah\\Sem 4\\PAD2\\kantin_dtedi\\vendor\\laravel\\sanctum\\src\\Http\\Middleware\\EnsureFrontendRequestsAreStateful.php(25): Illuminate\\Pipeline\\Pipeline->Illuminate\\Pipeline\\{closure}(Object(Illuminate\\Http\\Request))
#5 D:\\File Khan\\Koolyeah\\Sem 4\\PAD2\\kantin_dtedi\\vendor\\laravel\\framework\\src\\Illuminate\\Pipeline\\Pipeline.php(144): Laravel\\Sanctum\\Http\\Middleware\\EnsureFrontendRequestsAreStateful->Laravel\\Sanctum\\Http\\Middleware\\{closure}(Object(Illuminate\\Http\\Request))
#6 D:\\File Khan\\Koolyeah\\Sem 4\\PAD2\\kantin_dtedi\\vendor\\laravel\\framework\\src\\Illuminate\\Pipeline\\Pipeline.php(119): Illuminate\\Pipeline\\Pipeline->Illuminate\\Pipeline\\{closure}(Object(Illuminate\\Http\\Request))
#7 D:\\File Khan\\Koolyeah\\Sem 4\\PAD2\\kantin_dtedi\\vendor\\laravel\\sanctum\\src\\Http\\Middleware\\EnsureFrontendRequestsAreStateful.php(26): Illuminate\\Pipeline\\Pipeline->then(Object(Closure))
#8 D:\\File Khan\\Koolyeah\\Sem 4\\PAD2\\kantin_dtedi\\vendor\\laravel\\framework\\src\\Illuminate\\Pipeline\\Pipeline.php(183): Laravel\\Sanctum\\Http\\Middleware\\EnsureFrontendRequestsAreStateful->handle(Object(Illuminate\\Http\\Request), Object(Closure))
#9 D:\\File Khan\\Koolyeah\\Sem 4\\PAD2\\kantin_dtedi\\vendor\\laravel\\framework\\src\\Illuminate\\Pipeline\\Pipeline.php(119): Illuminate\\Pipeline\\Pipeline->Illuminate\\Pipeline\\{closure}(Object(Illuminate\\Http\\Request))
#10 D:\\File Khan\\Koolyeah\\Sem 4\\PAD2\\kantin_dtedi\\vendor\\laravel\\framework\\src\\Illuminate\\Routing\\Router.php(807): Illuminate\\Pipeline\\Pipeline->then(Object(Closure))
#11 D:\\File Khan\\Koolyeah\\Sem 4\\PAD2\\kantin_dtedi\\vendor\\laravel\\framework\\src\\Illuminate\\Routing\\Router.php(784): Illuminate\\Routing\\Router->runRouteWithinStack(Object(Illuminate\\Routing\\Route), Object(Illuminate\\Http\\Request))
#12 D:\\File Khan\\Koolyeah\\Sem 4\\PAD2\\kantin_dtedi\\vendor\\laravel\\framework\\src\\Illuminate\\Routing\\Router.php(748): Illuminate\\Routing\\Router->runRoute(Object(Illuminate\\Http\\Request), Object(Illuminate\\Routing\\Route))
#13 D:\\File Khan\\Koolyeah\\Sem 4\\PAD2\\kantin_dtedi\\vendor\\laravel\\framework\\src\\Illuminate\\Routing\\Router.php(737): Illuminate\\Routing\\Router->dispatchToRoute(Object(Illuminate\\Http\\Request))
#14 D:\\File Khan\\Koolyeah\\Sem 4\\PAD2\\kantin_dtedi\\vendor\\laravel\\framework\\src\\Illuminate\\Foundation\\Http\\Kernel.php(200): Illuminate\\Routing\\Router->dispatch(Object(Illuminate\\Http\\Request))
#15 D:\\File Khan\\Koolyeah\\Sem 4\\PAD2\\kantin_dtedi\\vendor\\laravel\\framework\\src\\Illuminate\\Pipeline\\Pipeline.php(144): Illuminate\\Foundation\\Http\\Kernel->Illuminate\\Foundation\\Http\\{closure}(Object(Illuminate\\Http\\Request))
#16 D:\\File Khan\\Koolyeah\\Sem 4\\PAD2\\kantin_dtedi\\vendor\\laravel\\framework\\src\\Illuminate\\Foundation\\Http\\Middleware\\TransformsRequest.php(21): Illuminate\\Pipeline\\Pipeline->Illuminate\\Pipeline\\{closure}(Object(Illuminate\\Http\\Request))
#17 D:\\File Khan\\Koolyeah\\Sem 4\\PAD2\\kantin_dtedi\\vendor\\laravel\\framework\\src\\Illuminate\\Foundation\\Http\\Middleware\\ConvertEmptyStringsToNull.php(31): Illuminate\\Foundation\\Http\\Middleware\\TransformsRequest->handle(Object(Illuminate\\Http\\Request), Object(Closure))
#18 D:\\File Khan\\Koolyeah\\Sem 4\\PAD2\\kantin_dtedi\\vendor\\laravel\\framework\\src\\Illuminate\\Pipeline\\Pipeline.php(183): Illuminate\\Foundation\\Http\\Middleware\\ConvertEmptyStringsToNull->handle(Object(Illuminate\\Http\\Request), Object(Closure))
#19 D:\\File Khan\\Koolyeah\\Sem 4\\PAD2\\kantin_dtedi\\vendor\\laravel\\framework\\src\\Illuminate\\Foundation\\Http\\Middleware\\TransformsRequest.php(21): Illuminate\\Pipeline\\Pipeline->Illuminate\\Pipeline\\{closure}(Object(Illuminate\\Http\\Request))
#20 D:\\File Khan\\Koolyeah\\Sem 4\\PAD2\\kantin_dtedi\\vendor\\laravel\\framework\\src\\Illuminate\\Foundation\\Http\\Middleware\\TrimStrings.php(40): Illuminate\\Foundation\\Http\\Middleware\\TransformsRequest->handle(Object(Illuminate\\Http\\Request), Object(Closure))
#21 D:\\File Khan\\Koolyeah\\Sem 4\\PAD2\\kantin_dtedi\\vendor\\laravel\\framework\\src\\Illuminate\\Pipeline\\Pipeline.php(183): Illuminate\\Foundation\\Http\\Middleware\\TrimStrings->handle(Object(Illuminate\\Http\\Request), Object(Closure))
#22 D:\\File Khan\\Koolyeah\\Sem 4\\PAD2\\kantin_dtedi\\vendor\\laravel\\framework\\src\\Illuminate\\Foundation\\Http\\Middleware\\ValidatePostSize.php(27): Illuminate\\Pipeline\\Pipeline->Illuminate\\Pipeline\\{closure}(Object(Illuminate\\Http\\Request))
#23 D:\\File Khan\\Koolyeah\\Sem 4\\PAD2\\kantin_dtedi\\vendor\\laravel\\framework\\src\\Illuminate\\Pipeline\\Pipeline.php(183): Illuminate\\Foundation\\Http\\Middleware\\ValidatePostSize->handle(Object(Illuminate\\Http\\Request), Object(Closure))
#24 D:\\File Khan\\Koolyeah\\Sem 4\\PAD2\\kantin_dtedi\\vendor\\laravel\\framework\\src\\Illuminate\\Foundation\\Http\\Middleware\\PreventRequestsDuringMaintenance.php(99): Illuminate\\Pipeline\\Pipeline->Illuminate\\Pipeline\\{closure}(Object(Illuminate\\Http\\Request))
#25 D:\\File Khan\\Koolyeah\\Sem 4\\PAD2\\kantin_dtedi\\vendor\\laravel\\framework\\src\\Illuminate\\Pipeline\\Pipeline.php(183): Illuminate\\Foundation\\Http\\Middleware\\PreventRequestsDuringMaintenance->handle(Object(Illuminate\\Http\\Request), Object(Closure))
#26 D:\\File Khan\\Koolyeah\\Sem 4\\PAD2\\kantin_dtedi\\vendor\\laravel\\framework\\src\\Illuminate\\Http\\Middleware\\HandleCors.php(62): Illuminate\\Pipeline\\Pipeline->Illuminate\\Pipeline\\{closure}(Object(Illuminate\\Http\\Request))
#27 D:\\File Khan\\Koolyeah\\Sem 4\\PAD2\\kantin_dtedi\\vendor\\laravel\\framework\\src\\Illuminate\\Pipeline\\Pipeline.php(183): Illuminate\\Http\\Middleware\\HandleCors->handle(Object(Illuminate\\Http\\Request), Object(Closure))
#28 D:\\File Khan\\Koolyeah\\Sem 4\\PAD2\\kantin_dtedi\\vendor\\laravel\\framework\\src\\Illuminate\\Http\\Middleware\\TrustProxies.php(39): Illuminate\\Pipeline\\Pipeline->Illuminate\\Pipeline\\{closure}(Object(Illuminate\\Http\\Request))
#29 D:\\File Khan\\Koolyeah\\Sem 4\\PAD2\\kantin_dtedi\\vendor\\laravel\\framework\\src\\Illuminate\\Pipeline\\Pipeline.php(183): Illuminate\\Http\\Middleware\\TrustProxies->handle(Object(Illuminate\\Http\\Request), Object(Closure))
#30 D:\\File Khan\\Koolyeah\\Sem 4\\PAD2\\kantin_dtedi\\vendor\\laravel\\framework\\src\\Illuminate\\Pipeline\\Pipeline.php(119): Illuminate\\Pipeline\\Pipeline->Illuminate\\Pipeline\\{closure}(Object(Illuminate\\Http\\Request))
#31 D:\\File Khan\\Koolyeah\\Sem 4\\PAD2\\kantin_dtedi\\vendor\\laravel\\framework\\src\\Illuminate\\Foundation\\Http\\Kernel.php(175): Illuminate\\Pipeline\\Pipeline->then(Object(Closure))
#32 D:\\File Khan\\Koolyeah\\Sem 4\\PAD2\\kantin_dtedi\\vendor\\laravel\\framework\\src\\Illuminate\\Foundation\\Http\\Kernel.php(144): Illuminate\\Foundation\\Http\\Kernel->sendRequestThroughRouter(Object(Illuminate\\Http\\Request))
#33 D:\\File Khan\\Koolyeah\\Sem 4\\PAD2\\kantin_dtedi\\public\\index.php(52): Illuminate\\Foundation\\Http\\Kernel->handle(Object(Illuminate\\Http\\Request))
#34 D:\\File Khan\\Koolyeah\\Sem 4\\PAD2\\kantin_dtedi\\vendor\\laravel\\framework\\src\\Illuminate\\Foundation\\resources\\server.php(16): require_once('D:\\\\File Khan\\\\Ko...')
#35 {main}
"} 
[2025-02-28 06:30:24] local.ERROR: Auth guard [sacntum] is not defined. {"exception":"[object] (InvalidArgumentException(code: 0): Auth guard [sacntum] is not defined. at D:\\File Khan\\Koolyeah\\Sem 4\\PAD2\\kantin_dtedi\\vendor\\laravel\\framework\\src\\Illuminate\\Auth\\AuthManager.php:86)
[stacktrace]
#0 D:\\File Khan\\Koolyeah\\Sem 4\\PAD2\\kantin_dtedi\\vendor\\laravel\\framework\\src\\Illuminate\\Auth\\AuthManager.php(70): Illuminate\\Auth\\AuthManager->resolve('sacntum')
#1 D:\\File Khan\\Koolyeah\\Sem 4\\PAD2\\kantin_dtedi\\vendor\\laravel\\framework\\src\\Illuminate\\Auth\\Middleware\\Authenticate.php(76): Illuminate\\Auth\\AuthManager->guard('sacntum')
#2 D:\\File Khan\\Koolyeah\\Sem 4\\PAD2\\kantin_dtedi\\vendor\\laravel\\framework\\src\\Illuminate\\Auth\\Middleware\\Authenticate.php(55): Illuminate\\Auth\\Middleware\\Authenticate->authenticate(Object(Illuminate\\Http\\Request), Array)
#3 D:\\File Khan\\Koolyeah\\Sem 4\\PAD2\\kantin_dtedi\\vendor\\laravel\\framework\\src\\Illuminate\\Pipeline\\Pipeline.php(183): Illuminate\\Auth\\Middleware\\Authenticate->handle(Object(Illuminate\\Http\\Request), Object(Closure), 'sacntum')
#4 D:\\File Khan\\Koolyeah\\Sem 4\\PAD2\\kantin_dtedi\\vendor\\laravel\\sanctum\\src\\Http\\Middleware\\EnsureFrontendRequestsAreStateful.php(25): Illuminate\\Pipeline\\Pipeline->Illuminate\\Pipeline\\{closure}(Object(Illuminate\\Http\\Request))
#5 D:\\File Khan\\Koolyeah\\Sem 4\\PAD2\\kantin_dtedi\\vendor\\laravel\\framework\\src\\Illuminate\\Pipeline\\Pipeline.php(144): Laravel\\Sanctum\\Http\\Middleware\\EnsureFrontendRequestsAreStateful->Laravel\\Sanctum\\Http\\Middleware\\{closure}(Object(Illuminate\\Http\\Request))
#6 D:\\File Khan\\Koolyeah\\Sem 4\\PAD2\\kantin_dtedi\\vendor\\laravel\\framework\\src\\Illuminate\\Pipeline\\Pipeline.php(119): Illuminate\\Pipeline\\Pipeline->Illuminate\\Pipeline\\{closure}(Object(Illuminate\\Http\\Request))
#7 D:\\File Khan\\Koolyeah\\Sem 4\\PAD2\\kantin_dtedi\\vendor\\laravel\\sanctum\\src\\Http\\Middleware\\EnsureFrontendRequestsAreStateful.php(26): Illuminate\\Pipeline\\Pipeline->then(Object(Closure))
#8 D:\\File Khan\\Koolyeah\\Sem 4\\PAD2\\kantin_dtedi\\vendor\\laravel\\framework\\src\\Illuminate\\Pipeline\\Pipeline.php(183): Laravel\\Sanctum\\Http\\Middleware\\EnsureFrontendRequestsAreStateful->handle(Object(Illuminate\\Http\\Request), Object(Closure))
#9 D:\\File Khan\\Koolyeah\\Sem 4\\PAD2\\kantin_dtedi\\vendor\\laravel\\framework\\src\\Illuminate\\Pipeline\\Pipeline.php(119): Illuminate\\Pipeline\\Pipeline->Illuminate\\Pipeline\\{closure}(Object(Illuminate\\Http\\Request))
#10 D:\\File Khan\\Koolyeah\\Sem 4\\PAD2\\kantin_dtedi\\vendor\\laravel\\framework\\src\\Illuminate\\Routing\\Router.php(807): Illuminate\\Pipeline\\Pipeline->then(Object(Closure))
#11 D:\\File Khan\\Koolyeah\\Sem 4\\PAD2\\kantin_dtedi\\vendor\\laravel\\framework\\src\\Illuminate\\Routing\\Router.php(784): Illuminate\\Routing\\Router->runRouteWithinStack(Object(Illuminate\\Routing\\Route), Object(Illuminate\\Http\\Request))
#12 D:\\File Khan\\Koolyeah\\Sem 4\\PAD2\\kantin_dtedi\\vendor\\laravel\\framework\\src\\Illuminate\\Routing\\Router.php(748): Illuminate\\Routing\\Router->runRoute(Object(Illuminate\\Http\\Request), Object(Illuminate\\Routing\\Route))
#13 D:\\File Khan\\Koolyeah\\Sem 4\\PAD2\\kantin_dtedi\\vendor\\laravel\\framework\\src\\Illuminate\\Routing\\Router.php(737): Illuminate\\Routing\\Router->dispatchToRoute(Object(Illuminate\\Http\\Request))
#14 D:\\File Khan\\Koolyeah\\Sem 4\\PAD2\\kantin_dtedi\\vendor\\laravel\\framework\\src\\Illuminate\\Foundation\\Http\\Kernel.php(200): Illuminate\\Routing\\Router->dispatch(Object(Illuminate\\Http\\Request))
#15 D:\\File Khan\\Koolyeah\\Sem 4\\PAD2\\kantin_dtedi\\vendor\\laravel\\framework\\src\\Illuminate\\Pipeline\\Pipeline.php(144): Illuminate\\Foundation\\Http\\Kernel->Illuminate\\Foundation\\Http\\{closure}(Object(Illuminate\\Http\\Request))
#16 D:\\File Khan\\Koolyeah\\Sem 4\\PAD2\\kantin_dtedi\\vendor\\laravel\\framework\\src\\Illuminate\\Foundation\\Http\\Middleware\\TransformsRequest.php(21): Illuminate\\Pipeline\\Pipeline->Illuminate\\Pipeline\\{closure}(Object(Illuminate\\Http\\Request))
#17 D:\\File Khan\\Koolyeah\\Sem 4\\PAD2\\kantin_dtedi\\vendor\\laravel\\framework\\src\\Illuminate\\Foundation\\Http\\Middleware\\ConvertEmptyStringsToNull.php(31): Illuminate\\Foundation\\Http\\Middleware\\TransformsRequest->handle(Object(Illuminate\\Http\\Request), Object(Closure))
#18 D:\\File Khan\\Koolyeah\\Sem 4\\PAD2\\kantin_dtedi\\vendor\\laravel\\framework\\src\\Illuminate\\Pipeline\\Pipeline.php(183): Illuminate\\Foundation\\Http\\Middleware\\ConvertEmptyStringsToNull->handle(Object(Illuminate\\Http\\Request), Object(Closure))
#19 D:\\File Khan\\Koolyeah\\Sem 4\\PAD2\\kantin_dtedi\\vendor\\laravel\\framework\\src\\Illuminate\\Foundation\\Http\\Middleware\\TransformsRequest.php(21): Illuminate\\Pipeline\\Pipeline->Illuminate\\Pipeline\\{closure}(Object(Illuminate\\Http\\Request))
#20 D:\\File Khan\\Koolyeah\\Sem 4\\PAD2\\kantin_dtedi\\vendor\\laravel\\framework\\src\\Illuminate\\Foundation\\Http\\Middleware\\TrimStrings.php(40): Illuminate\\Foundation\\Http\\Middleware\\TransformsRequest->handle(Object(Illuminate\\Http\\Request), Object(Closure))
#21 D:\\File Khan\\Koolyeah\\Sem 4\\PAD2\\kantin_dtedi\\vendor\\laravel\\framework\\src\\Illuminate\\Pipeline\\Pipeline.php(183): Illuminate\\Foundation\\Http\\Middleware\\TrimStrings->handle(Object(Illuminate\\Http\\Request), Object(Closure))
#22 D:\\File Khan\\Koolyeah\\Sem 4\\PAD2\\kantin_dtedi\\vendor\\laravel\\framework\\src\\Illuminate\\Foundation\\Http\\Middleware\\ValidatePostSize.php(27): Illuminate\\Pipeline\\Pipeline->Illuminate\\Pipeline\\{closure}(Object(Illuminate\\Http\\Request))
#23 D:\\File Khan\\Koolyeah\\Sem 4\\PAD2\\kantin_dtedi\\vendor\\laravel\\framework\\src\\Illuminate\\Pipeline\\Pipeline.php(183): Illuminate\\Foundation\\Http\\Middleware\\ValidatePostSize->handle(Object(Illuminate\\Http\\Request), Object(Closure))
#24 D:\\File Khan\\Koolyeah\\Sem 4\\PAD2\\kantin_dtedi\\vendor\\laravel\\framework\\src\\Illuminate\\Foundation\\Http\\Middleware\\PreventRequestsDuringMaintenance.php(99): Illuminate\\Pipeline\\Pipeline->Illuminate\\Pipeline\\{closure}(Object(Illuminate\\Http\\Request))
#25 D:\\File Khan\\Koolyeah\\Sem 4\\PAD2\\kantin_dtedi\\vendor\\laravel\\framework\\src\\Illuminate\\Pipeline\\Pipeline.php(183): Illuminate\\Foundation\\Http\\Middleware\\PreventRequestsDuringMaintenance->handle(Object(Illuminate\\Http\\Request), Object(Closure))
#26 D:\\File Khan\\Koolyeah\\Sem 4\\PAD2\\kantin_dtedi\\vendor\\laravel\\framework\\src\\Illuminate\\Http\\Middleware\\HandleCors.php(62): Illuminate\\Pipeline\\Pipeline->Illuminate\\Pipeline\\{closure}(Object(Illuminate\\Http\\Request))
#27 D:\\File Khan\\Koolyeah\\Sem 4\\PAD2\\kantin_dtedi\\vendor\\laravel\\framework\\src\\Illuminate\\Pipeline\\Pipeline.php(183): Illuminate\\Http\\Middleware\\HandleCors->handle(Object(Illuminate\\Http\\Request), Object(Closure))
#28 D:\\File Khan\\Koolyeah\\Sem 4\\PAD2\\kantin_dtedi\\vendor\\laravel\\framework\\src\\Illuminate\\Http\\Middleware\\TrustProxies.php(39): Illuminate\\Pipeline\\Pipeline->Illuminate\\Pipeline\\{closure}(Object(Illuminate\\Http\\Request))
#29 D:\\File Khan\\Koolyeah\\Sem 4\\PAD2\\kantin_dtedi\\vendor\\laravel\\framework\\src\\Illuminate\\Pipeline\\Pipeline.php(183): Illuminate\\Http\\Middleware\\TrustProxies->handle(Object(Illuminate\\Http\\Request), Object(Closure))
#30 D:\\File Khan\\Koolyeah\\Sem 4\\PAD2\\kantin_dtedi\\vendor\\laravel\\framework\\src\\Illuminate\\Pipeline\\Pipeline.php(119): Illuminate\\Pipeline\\Pipeline->Illuminate\\Pipeline\\{closure}(Object(Illuminate\\Http\\Request))
#31 D:\\File Khan\\Koolyeah\\Sem 4\\PAD2\\kantin_dtedi\\vendor\\laravel\\framework\\src\\Illuminate\\Foundation\\Http\\Kernel.php(175): Illuminate\\Pipeline\\Pipeline->then(Object(Closure))
#32 D:\\File Khan\\Koolyeah\\Sem 4\\PAD2\\kantin_dtedi\\vendor\\laravel\\framework\\src\\Illuminate\\Foundation\\Http\\Kernel.php(144): Illuminate\\Foundation\\Http\\Kernel->sendRequestThroughRouter(Object(Illuminate\\Http\\Request))
#33 D:\\File Khan\\Koolyeah\\Sem 4\\PAD2\\kantin_dtedi\\public\\index.php(52): Illuminate\\Foundation\\Http\\Kernel->handle(Object(Illuminate\\Http\\Request))
#34 D:\\File Khan\\Koolyeah\\Sem 4\\PAD2\\kantin_dtedi\\vendor\\laravel\\framework\\src\\Illuminate\\Foundation\\resources\\server.php(16): require_once('D:\\\\File Khan\\\\Ko...')
#35 {main}
"} 
[2025-02-28 10:20:13] local.ERROR: SQLSTATE[42S02]: Base table or view not found: 1146 Table 'kantintedi.suppliers' doesn't exist (Connection: mysql, SQL: select * from `suppliers` order by `suppliers`.`id` asc limit 500) {"exception":"[object] (Illuminate\\Database\\QueryException(code: 42S02): SQLSTATE[42S02]: Base table or view not found: 1146 Table 'kantintedi.suppliers' doesn't exist (Connection: mysql, SQL: select * from `suppliers` order by `suppliers`.`id` asc limit 500) at D:\\File Khan\\Koolyeah\\Sem 4\\PAD2\\kantin_dtedi\\vendor\\laravel\\framework\\src\\Illuminate\\Database\\Connection.php:829)
[stacktrace]
#0 D:\\File Khan\\Koolyeah\\Sem 4\\PAD2\\kantin_dtedi\\vendor\\laravel\\framework\\src\\Illuminate\\Database\\Connection.php(783): Illuminate\\Database\\Connection->runQueryCallback('select * from `...', Array, Object(Closure))
#1 D:\\File Khan\\Koolyeah\\Sem 4\\PAD2\\kantin_dtedi\\vendor\\laravel\\framework\\src\\Illuminate\\Database\\Connection.php(431): Illuminate\\Database\\Connection->run('select * from `...', Array, Object(Closure))
#2 D:\\File Khan\\Koolyeah\\Sem 4\\PAD2\\kantin_dtedi\\vendor\\laravel\\framework\\src\\Illuminate\\Database\\Query\\Builder.php(2914): Illuminate\\Database\\Connection->select('select * from `...', Array, true)
#3 D:\\File Khan\\Koolyeah\\Sem 4\\PAD2\\kantin_dtedi\\vendor\\laravel\\framework\\src\\Illuminate\\Database\\Query\\Builder.php(2902): Illuminate\\Database\\Query\\Builder->runSelect()
#4 D:\\File Khan\\Koolyeah\\Sem 4\\PAD2\\kantin_dtedi\\vendor\\laravel\\framework\\src\\Illuminate\\Database\\Query\\Builder.php(3456): Illuminate\\Database\\Query\\Builder->Illuminate\\Database\\Query\\{closure}()
#5 D:\\File Khan\\Koolyeah\\Sem 4\\PAD2\\kantin_dtedi\\vendor\\laravel\\framework\\src\\Illuminate\\Database\\Query\\Builder.php(2903): Illuminate\\Database\\Query\\Builder->onceWithColumns(Array, Object(Closure))
#6 D:\\File Khan\\Koolyeah\\Sem 4\\PAD2\\kantin_dtedi\\vendor\\laravel\\framework\\src\\Illuminate\\Database\\Eloquent\\Builder.php(739): Illuminate\\Database\\Query\\Builder->get(Array)
#7 D:\\File Khan\\Koolyeah\\Sem 4\\PAD2\\kantin_dtedi\\vendor\\laravel\\framework\\src\\Illuminate\\Database\\Eloquent\\Builder.php(723): Illuminate\\Database\\Eloquent\\Builder->getModels(Array)
#8 D:\\File Khan\\Koolyeah\\Sem 4\\PAD2\\kantin_dtedi\\vendor\\laravel\\framework\\src\\Illuminate\\Database\\Concerns\\BuildsQueries.php(162): Illuminate\\Database\\Eloquent\\Builder->get()
#9 D:\\File Khan\\Koolyeah\\Sem 4\\PAD2\\kantin_dtedi\\vendor\\laravel\\framework\\src\\Illuminate\\Database\\Concerns\\BuildsQueries.php(116): Illuminate\\Database\\Eloquent\\Builder->orderedChunkById(500, Object(Closure), 'suppliers.id', 'id')
#10 D:\\File Khan\\Koolyeah\\Sem 4\\PAD2\\kantin_dtedi\\vendor\\laravel\\scout\\src\\SearchableScope.php(37): Illuminate\\Database\\Eloquent\\Builder->chunkById(500, Object(Closure), 'suppliers.id', 'id')
#11 D:\\File Khan\\Koolyeah\\Sem 4\\PAD2\\kantin_dtedi\\vendor\\laravel\\framework\\src\\Illuminate\\Database\\Eloquent\\Builder.php(1964): Laravel\\Scout\\SearchableScope->Laravel\\Scout\\{closure}(Object(Illuminate\\Database\\Eloquent\\Builder), NULL)
#12 D:\\File Khan\\Koolyeah\\Sem 4\\PAD2\\kantin_dtedi\\vendor\\laravel\\scout\\src\\Searchable.php(151): Illuminate\\Database\\Eloquent\\Builder->__call('searchable', Array)
#13 D:\\File Khan\\Koolyeah\\Sem 4\\PAD2\\kantin_dtedi\\vendor\\laravel\\scout\\src\\Console\\ImportCommand.php(47): App\\Models\\supplier::makeAllSearchable(NULL)
#14 D:\\File Khan\\Koolyeah\\Sem 4\\PAD2\\kantin_dtedi\\vendor\\laravel\\framework\\src\\Illuminate\\Container\\BoundMethod.php(36): Laravel\\Scout\\Console\\ImportCommand->handle(Object(Illuminate\\Events\\Dispatcher))
#15 D:\\File Khan\\Koolyeah\\Sem 4\\PAD2\\kantin_dtedi\\vendor\\laravel\\framework\\src\\Illuminate\\Container\\Util.php(41): Illuminate\\Container\\BoundMethod::Illuminate\\Container\\{closure}()
#16 D:\\File Khan\\Koolyeah\\Sem 4\\PAD2\\kantin_dtedi\\vendor\\laravel\\framework\\src\\Illuminate\\Container\\BoundMethod.php(93): Illuminate\\Container\\Util::unwrapIfClosure(Object(Closure))
#17 D:\\File Khan\\Koolyeah\\Sem 4\\PAD2\\kantin_dtedi\\vendor\\laravel\\framework\\src\\Illuminate\\Container\\BoundMethod.php(37): Illuminate\\Container\\BoundMethod::callBoundMethod(Object(Illuminate\\Foundation\\Application), Array, Object(Closure))
#18 D:\\File Khan\\Koolyeah\\Sem 4\\PAD2\\kantin_dtedi\\vendor\\laravel\\framework\\src\\Illuminate\\Container\\Container.php(662): Illuminate\\Container\\BoundMethod::call(Object(Illuminate\\Foundation\\Application), Array, Array, NULL)
#19 D:\\File Khan\\Koolyeah\\Sem 4\\PAD2\\kantin_dtedi\\vendor\\laravel\\framework\\src\\Illuminate\\Console\\Command.php(211): Illuminate\\Container\\Container->call(Array)
#20 D:\\File Khan\\Koolyeah\\Sem 4\\PAD2\\kantin_dtedi\\vendor\\symfony\\console\\Command\\Command.php(326): Illuminate\\Console\\Command->execute(Object(Symfony\\Component\\Console\\Input\\ArgvInput), Object(Illuminate\\Console\\OutputStyle))
#21 D:\\File Khan\\Koolyeah\\Sem 4\\PAD2\\kantin_dtedi\\vendor\\laravel\\framework\\src\\Illuminate\\Console\\Command.php(181): Symfony\\Component\\Console\\Command\\Command->run(Object(Symfony\\Component\\Console\\Input\\ArgvInput), Object(Illuminate\\Console\\OutputStyle))
#22 D:\\File Khan\\Koolyeah\\Sem 4\\PAD2\\kantin_dtedi\\vendor\\symfony\\console\\Application.php(1096): Illuminate\\Console\\Command->run(Object(Symfony\\Component\\Console\\Input\\ArgvInput), Object(Symfony\\Component\\Console\\Output\\ConsoleOutput))
#23 D:\\File Khan\\Koolyeah\\Sem 4\\PAD2\\kantin_dtedi\\vendor\\symfony\\console\\Application.php(324): Symfony\\Component\\Console\\Application->doRunCommand(Object(Laravel\\Scout\\Console\\ImportCommand), Object(Symfony\\Component\\Console\\Input\\ArgvInput), Object(Symfony\\Component\\Console\\Output\\ConsoleOutput))
#24 D:\\File Khan\\Koolyeah\\Sem 4\\PAD2\\kantin_dtedi\\vendor\\symfony\\console\\Application.php(175): Symfony\\Component\\Console\\Application->doRun(Object(Symfony\\Component\\Console\\Input\\ArgvInput), Object(Symfony\\Component\\Console\\Output\\ConsoleOutput))
#25 D:\\File Khan\\Koolyeah\\Sem 4\\PAD2\\kantin_dtedi\\vendor\\laravel\\framework\\src\\Illuminate\\Foundation\\Console\\Kernel.php(201): Symfony\\Component\\Console\\Application->run(Object(Symfony\\Component\\Console\\Input\\ArgvInput), Object(Symfony\\Component\\Console\\Output\\ConsoleOutput))
#26 D:\\File Khan\\Koolyeah\\Sem 4\\PAD2\\kantin_dtedi\\artisan(37): Illuminate\\Foundation\\Console\\Kernel->handle(Object(Symfony\\Component\\Console\\Input\\ArgvInput), Object(Symfony\\Component\\Console\\Output\\ConsoleOutput))
#27 {main}

[previous exception] [object] (PDOException(code: 42S02): SQLSTATE[42S02]: Base table or view not found: 1146 Table 'kantintedi.suppliers' doesn't exist at D:\\File Khan\\Koolyeah\\Sem 4\\PAD2\\kantin_dtedi\\vendor\\laravel\\framework\\src\\Illuminate\\Database\\Connection.php:423)
[stacktrace]
#0 D:\\File Khan\\Koolyeah\\Sem 4\\PAD2\\kantin_dtedi\\vendor\\laravel\\framework\\src\\Illuminate\\Database\\Connection.php(423): PDO->prepare('select * from `...')
#1 D:\\File Khan\\Koolyeah\\Sem 4\\PAD2\\kantin_dtedi\\vendor\\laravel\\framework\\src\\Illuminate\\Database\\Connection.php(816): Illuminate\\Database\\Connection->Illuminate\\Database\\{closure}('select * from `...', Array)
#2 D:\\File Khan\\Koolyeah\\Sem 4\\PAD2\\kantin_dtedi\\vendor\\laravel\\framework\\src\\Illuminate\\Database\\Connection.php(783): Illuminate\\Database\\Connection->runQueryCallback('select * from `...', Array, Object(Closure))
#3 D:\\File Khan\\Koolyeah\\Sem 4\\PAD2\\kantin_dtedi\\vendor\\laravel\\framework\\src\\Illuminate\\Database\\Connection.php(431): Illuminate\\Database\\Connection->run('select * from `...', Array, Object(Closure))
#4 D:\\File Khan\\Koolyeah\\Sem 4\\PAD2\\kantin_dtedi\\vendor\\laravel\\framework\\src\\Illuminate\\Database\\Query\\Builder.php(2914): Illuminate\\Database\\Connection->select('select * from `...', Array, true)
#5 D:\\File Khan\\Koolyeah\\Sem 4\\PAD2\\kantin_dtedi\\vendor\\laravel\\framework\\src\\Illuminate\\Database\\Query\\Builder.php(2902): Illuminate\\Database\\Query\\Builder->runSelect()
#6 D:\\File Khan\\Koolyeah\\Sem 4\\PAD2\\kantin_dtedi\\vendor\\laravel\\framework\\src\\Illuminate\\Database\\Query\\Builder.php(3456): Illuminate\\Database\\Query\\Builder->Illuminate\\Database\\Query\\{closure}()
#7 D:\\File Khan\\Koolyeah\\Sem 4\\PAD2\\kantin_dtedi\\vendor\\laravel\\framework\\src\\Illuminate\\Database\\Query\\Builder.php(2903): Illuminate\\Database\\Query\\Builder->onceWithColumns(Array, Object(Closure))
#8 D:\\File Khan\\Koolyeah\\Sem 4\\PAD2\\kantin_dtedi\\vendor\\laravel\\framework\\src\\Illuminate\\Database\\Eloquent\\Builder.php(739): Illuminate\\Database\\Query\\Builder->get(Array)
#9 D:\\File Khan\\Koolyeah\\Sem 4\\PAD2\\kantin_dtedi\\vendor\\laravel\\framework\\src\\Illuminate\\Database\\Eloquent\\Builder.php(723): Illuminate\\Database\\Eloquent\\Builder->getModels(Array)
#10 D:\\File Khan\\Koolyeah\\Sem 4\\PAD2\\kantin_dtedi\\vendor\\laravel\\framework\\src\\Illuminate\\Database\\Concerns\\BuildsQueries.php(162): Illuminate\\Database\\Eloquent\\Builder->get()
#11 D:\\File Khan\\Koolyeah\\Sem 4\\PAD2\\kantin_dtedi\\vendor\\laravel\\framework\\src\\Illuminate\\Database\\Concerns\\BuildsQueries.php(116): Illuminate\\Database\\Eloquent\\Builder->orderedChunkById(500, Object(Closure), 'suppliers.id', 'id')
#12 D:\\File Khan\\Koolyeah\\Sem 4\\PAD2\\kantin_dtedi\\vendor\\laravel\\scout\\src\\SearchableScope.php(37): Illuminate\\Database\\Eloquent\\Builder->chunkById(500, Object(Closure), 'suppliers.id', 'id')
#13 D:\\File Khan\\Koolyeah\\Sem 4\\PAD2\\kantin_dtedi\\vendor\\laravel\\framework\\src\\Illuminate\\Database\\Eloquent\\Builder.php(1964): Laravel\\Scout\\SearchableScope->Laravel\\Scout\\{closure}(Object(Illuminate\\Database\\Eloquent\\Builder), NULL)
#14 D:\\File Khan\\Koolyeah\\Sem 4\\PAD2\\kantin_dtedi\\vendor\\laravel\\scout\\src\\Searchable.php(151): Illuminate\\Database\\Eloquent\\Builder->__call('searchable', Array)
#15 D:\\File Khan\\Koolyeah\\Sem 4\\PAD2\\kantin_dtedi\\vendor\\laravel\\scout\\src\\Console\\ImportCommand.php(47): App\\Models\\supplier::makeAllSearchable(NULL)
#16 D:\\File Khan\\Koolyeah\\Sem 4\\PAD2\\kantin_dtedi\\vendor\\laravel\\framework\\src\\Illuminate\\Container\\BoundMethod.php(36): Laravel\\Scout\\Console\\ImportCommand->handle(Object(Illuminate\\Events\\Dispatcher))
#17 D:\\File Khan\\Koolyeah\\Sem 4\\PAD2\\kantin_dtedi\\vendor\\laravel\\framework\\src\\Illuminate\\Container\\Util.php(41): Illuminate\\Container\\BoundMethod::Illuminate\\Container\\{closure}()
#18 D:\\File Khan\\Koolyeah\\Sem 4\\PAD2\\kantin_dtedi\\vendor\\laravel\\framework\\src\\Illuminate\\Container\\BoundMethod.php(93): Illuminate\\Container\\Util::unwrapIfClosure(Object(Closure))
#19 D:\\File Khan\\Koolyeah\\Sem 4\\PAD2\\kantin_dtedi\\vendor\\laravel\\framework\\src\\Illuminate\\Container\\BoundMethod.php(37): Illuminate\\Container\\BoundMethod::callBoundMethod(Object(Illuminate\\Foundation\\Application), Array, Object(Closure))
#20 D:\\File Khan\\Koolyeah\\Sem 4\\PAD2\\kantin_dtedi\\vendor\\laravel\\framework\\src\\Illuminate\\Container\\Container.php(662): Illuminate\\Container\\BoundMethod::call(Object(Illuminate\\Foundation\\Application), Array, Array, NULL)
#21 D:\\File Khan\\Koolyeah\\Sem 4\\PAD2\\kantin_dtedi\\vendor\\laravel\\framework\\src\\Illuminate\\Console\\Command.php(211): Illuminate\\Container\\Container->call(Array)
#22 D:\\File Khan\\Koolyeah\\Sem 4\\PAD2\\kantin_dtedi\\vendor\\symfony\\console\\Command\\Command.php(326): Illuminate\\Console\\Command->execute(Object(Symfony\\Component\\Console\\Input\\ArgvInput), Object(Illuminate\\Console\\OutputStyle))
#23 D:\\File Khan\\Koolyeah\\Sem 4\\PAD2\\kantin_dtedi\\vendor\\laravel\\framework\\src\\Illuminate\\Console\\Command.php(181): Symfony\\Component\\Console\\Command\\Command->run(Object(Symfony\\Component\\Console\\Input\\ArgvInput), Object(Illuminate\\Console\\OutputStyle))
#24 D:\\File Khan\\Koolyeah\\Sem 4\\PAD2\\kantin_dtedi\\vendor\\symfony\\console\\Application.php(1096): Illuminate\\Console\\Command->run(Object(Symfony\\Component\\Console\\Input\\ArgvInput), Object(Symfony\\Component\\Console\\Output\\ConsoleOutput))
#25 D:\\File Khan\\Koolyeah\\Sem 4\\PAD2\\kantin_dtedi\\vendor\\symfony\\console\\Application.php(324): Symfony\\Component\\Console\\Application->doRunCommand(Object(Laravel\\Scout\\Console\\ImportCommand), Object(Symfony\\Component\\Console\\Input\\ArgvInput), Object(Symfony\\Component\\Console\\Output\\ConsoleOutput))
#26 D:\\File Khan\\Koolyeah\\Sem 4\\PAD2\\kantin_dtedi\\vendor\\symfony\\console\\Application.php(175): Symfony\\Component\\Console\\Application->doRun(Object(Symfony\\Component\\Console\\Input\\ArgvInput), Object(Symfony\\Component\\Console\\Output\\ConsoleOutput))
#27 D:\\File Khan\\Koolyeah\\Sem 4\\PAD2\\kantin_dtedi\\vendor\\laravel\\framework\\src\\Illuminate\\Foundation\\Console\\Kernel.php(201): Symfony\\Component\\Console\\Application->run(Object(Symfony\\Component\\Console\\Input\\ArgvInput), Object(Symfony\\Component\\Console\\Output\\ConsoleOutput))
#28 D:\\File Khan\\Koolyeah\\Sem 4\\PAD2\\kantin_dtedi\\artisan(37): Illuminate\\Foundation\\Console\\Kernel->handle(Object(Symfony\\Component\\Console\\Input\\ArgvInput), Object(Symfony\\Component\\Console\\Output\\ConsoleOutput))
#29 {main}
"} 
[2025-02-28 10:20:36] local.ERROR: SQLSTATE[42S02]: Base table or view not found: 1146 Table 'kantintedi.suppliers' doesn't exist (Connection: mysql, SQL: select * from `suppliers` order by `suppliers`.`id` asc limit 500) {"exception":"[object] (Illuminate\\Database\\QueryException(code: 42S02): SQLSTATE[42S02]: Base table or view not found: 1146 Table 'kantintedi.suppliers' doesn't exist (Connection: mysql, SQL: select * from `suppliers` order by `suppliers`.`id` asc limit 500) at D:\\File Khan\\Koolyeah\\Sem 4\\PAD2\\kantin_dtedi\\vendor\\laravel\\framework\\src\\Illuminate\\Database\\Connection.php:829)
[stacktrace]
#0 D:\\File Khan\\Koolyeah\\Sem 4\\PAD2\\kantin_dtedi\\vendor\\laravel\\framework\\src\\Illuminate\\Database\\Connection.php(783): Illuminate\\Database\\Connection->runQueryCallback('select * from `...', Array, Object(Closure))
#1 D:\\File Khan\\Koolyeah\\Sem 4\\PAD2\\kantin_dtedi\\vendor\\laravel\\framework\\src\\Illuminate\\Database\\Connection.php(431): Illuminate\\Database\\Connection->run('select * from `...', Array, Object(Closure))
#2 D:\\File Khan\\Koolyeah\\Sem 4\\PAD2\\kantin_dtedi\\vendor\\laravel\\framework\\src\\Illuminate\\Database\\Query\\Builder.php(2914): Illuminate\\Database\\Connection->select('select * from `...', Array, true)
#3 D:\\File Khan\\Koolyeah\\Sem 4\\PAD2\\kantin_dtedi\\vendor\\laravel\\framework\\src\\Illuminate\\Database\\Query\\Builder.php(2902): Illuminate\\Database\\Query\\Builder->runSelect()
#4 D:\\File Khan\\Koolyeah\\Sem 4\\PAD2\\kantin_dtedi\\vendor\\laravel\\framework\\src\\Illuminate\\Database\\Query\\Builder.php(3456): Illuminate\\Database\\Query\\Builder->Illuminate\\Database\\Query\\{closure}()
#5 D:\\File Khan\\Koolyeah\\Sem 4\\PAD2\\kantin_dtedi\\vendor\\laravel\\framework\\src\\Illuminate\\Database\\Query\\Builder.php(2903): Illuminate\\Database\\Query\\Builder->onceWithColumns(Array, Object(Closure))
#6 D:\\File Khan\\Koolyeah\\Sem 4\\PAD2\\kantin_dtedi\\vendor\\laravel\\framework\\src\\Illuminate\\Database\\Eloquent\\Builder.php(739): Illuminate\\Database\\Query\\Builder->get(Array)
#7 D:\\File Khan\\Koolyeah\\Sem 4\\PAD2\\kantin_dtedi\\vendor\\laravel\\framework\\src\\Illuminate\\Database\\Eloquent\\Builder.php(723): Illuminate\\Database\\Eloquent\\Builder->getModels(Array)
#8 D:\\File Khan\\Koolyeah\\Sem 4\\PAD2\\kantin_dtedi\\vendor\\laravel\\framework\\src\\Illuminate\\Database\\Concerns\\BuildsQueries.php(162): Illuminate\\Database\\Eloquent\\Builder->get()
#9 D:\\File Khan\\Koolyeah\\Sem 4\\PAD2\\kantin_dtedi\\vendor\\laravel\\framework\\src\\Illuminate\\Database\\Concerns\\BuildsQueries.php(116): Illuminate\\Database\\Eloquent\\Builder->orderedChunkById(500, Object(Closure), 'suppliers.id', 'id')
#10 D:\\File Khan\\Koolyeah\\Sem 4\\PAD2\\kantin_dtedi\\vendor\\laravel\\scout\\src\\SearchableScope.php(37): Illuminate\\Database\\Eloquent\\Builder->chunkById(500, Object(Closure), 'suppliers.id', 'id')
#11 D:\\File Khan\\Koolyeah\\Sem 4\\PAD2\\kantin_dtedi\\vendor\\laravel\\framework\\src\\Illuminate\\Database\\Eloquent\\Builder.php(1964): Laravel\\Scout\\SearchableScope->Laravel\\Scout\\{closure}(Object(Illuminate\\Database\\Eloquent\\Builder), NULL)
#12 D:\\File Khan\\Koolyeah\\Sem 4\\PAD2\\kantin_dtedi\\vendor\\laravel\\scout\\src\\Searchable.php(151): Illuminate\\Database\\Eloquent\\Builder->__call('searchable', Array)
#13 D:\\File Khan\\Koolyeah\\Sem 4\\PAD2\\kantin_dtedi\\vendor\\laravel\\scout\\src\\Console\\ImportCommand.php(47): App\\Models\\supplier::makeAllSearchable(NULL)
#14 D:\\File Khan\\Koolyeah\\Sem 4\\PAD2\\kantin_dtedi\\vendor\\laravel\\framework\\src\\Illuminate\\Container\\BoundMethod.php(36): Laravel\\Scout\\Console\\ImportCommand->handle(Object(Illuminate\\Events\\Dispatcher))
#15 D:\\File Khan\\Koolyeah\\Sem 4\\PAD2\\kantin_dtedi\\vendor\\laravel\\framework\\src\\Illuminate\\Container\\Util.php(41): Illuminate\\Container\\BoundMethod::Illuminate\\Container\\{closure}()
#16 D:\\File Khan\\Koolyeah\\Sem 4\\PAD2\\kantin_dtedi\\vendor\\laravel\\framework\\src\\Illuminate\\Container\\BoundMethod.php(93): Illuminate\\Container\\Util::unwrapIfClosure(Object(Closure))
#17 D:\\File Khan\\Koolyeah\\Sem 4\\PAD2\\kantin_dtedi\\vendor\\laravel\\framework\\src\\Illuminate\\Container\\BoundMethod.php(37): Illuminate\\Container\\BoundMethod::callBoundMethod(Object(Illuminate\\Foundation\\Application), Array, Object(Closure))
#18 D:\\File Khan\\Koolyeah\\Sem 4\\PAD2\\kantin_dtedi\\vendor\\laravel\\framework\\src\\Illuminate\\Container\\Container.php(662): Illuminate\\Container\\BoundMethod::call(Object(Illuminate\\Foundation\\Application), Array, Array, NULL)
#19 D:\\File Khan\\Koolyeah\\Sem 4\\PAD2\\kantin_dtedi\\vendor\\laravel\\framework\\src\\Illuminate\\Console\\Command.php(211): Illuminate\\Container\\Container->call(Array)
#20 D:\\File Khan\\Koolyeah\\Sem 4\\PAD2\\kantin_dtedi\\vendor\\symfony\\console\\Command\\Command.php(326): Illuminate\\Console\\Command->execute(Object(Symfony\\Component\\Console\\Input\\ArgvInput), Object(Illuminate\\Console\\OutputStyle))
#21 D:\\File Khan\\Koolyeah\\Sem 4\\PAD2\\kantin_dtedi\\vendor\\laravel\\framework\\src\\Illuminate\\Console\\Command.php(181): Symfony\\Component\\Console\\Command\\Command->run(Object(Symfony\\Component\\Console\\Input\\ArgvInput), Object(Illuminate\\Console\\OutputStyle))
#22 D:\\File Khan\\Koolyeah\\Sem 4\\PAD2\\kantin_dtedi\\vendor\\symfony\\console\\Application.php(1096): Illuminate\\Console\\Command->run(Object(Symfony\\Component\\Console\\Input\\ArgvInput), Object(Symfony\\Component\\Console\\Output\\ConsoleOutput))
#23 D:\\File Khan\\Koolyeah\\Sem 4\\PAD2\\kantin_dtedi\\vendor\\symfony\\console\\Application.php(324): Symfony\\Component\\Console\\Application->doRunCommand(Object(Laravel\\Scout\\Console\\ImportCommand), Object(Symfony\\Component\\Console\\Input\\ArgvInput), Object(Symfony\\Component\\Console\\Output\\ConsoleOutput))
#24 D:\\File Khan\\Koolyeah\\Sem 4\\PAD2\\kantin_dtedi\\vendor\\symfony\\console\\Application.php(175): Symfony\\Component\\Console\\Application->doRun(Object(Symfony\\Component\\Console\\Input\\ArgvInput), Object(Symfony\\Component\\Console\\Output\\ConsoleOutput))
#25 D:\\File Khan\\Koolyeah\\Sem 4\\PAD2\\kantin_dtedi\\vendor\\laravel\\framework\\src\\Illuminate\\Foundation\\Console\\Kernel.php(201): Symfony\\Component\\Console\\Application->run(Object(Symfony\\Component\\Console\\Input\\ArgvInput), Object(Symfony\\Component\\Console\\Output\\ConsoleOutput))
#26 D:\\File Khan\\Koolyeah\\Sem 4\\PAD2\\kantin_dtedi\\artisan(37): Illuminate\\Foundation\\Console\\Kernel->handle(Object(Symfony\\Component\\Console\\Input\\ArgvInput), Object(Symfony\\Component\\Console\\Output\\ConsoleOutput))
#27 {main}

[previous exception] [object] (PDOException(code: 42S02): SQLSTATE[42S02]: Base table or view not found: 1146 Table 'kantintedi.suppliers' doesn't exist at D:\\File Khan\\Koolyeah\\Sem 4\\PAD2\\kantin_dtedi\\vendor\\laravel\\framework\\src\\Illuminate\\Database\\Connection.php:423)
[stacktrace]
#0 D:\\File Khan\\Koolyeah\\Sem 4\\PAD2\\kantin_dtedi\\vendor\\laravel\\framework\\src\\Illuminate\\Database\\Connection.php(423): PDO->prepare('select * from `...')
#1 D:\\File Khan\\Koolyeah\\Sem 4\\PAD2\\kantin_dtedi\\vendor\\laravel\\framework\\src\\Illuminate\\Database\\Connection.php(816): Illuminate\\Database\\Connection->Illuminate\\Database\\{closure}('select * from `...', Array)
#2 D:\\File Khan\\Koolyeah\\Sem 4\\PAD2\\kantin_dtedi\\vendor\\laravel\\framework\\src\\Illuminate\\Database\\Connection.php(783): Illuminate\\Database\\Connection->runQueryCallback('select * from `...', Array, Object(Closure))
#3 D:\\File Khan\\Koolyeah\\Sem 4\\PAD2\\kantin_dtedi\\vendor\\laravel\\framework\\src\\Illuminate\\Database\\Connection.php(431): Illuminate\\Database\\Connection->run('select * from `...', Array, Object(Closure))
#4 D:\\File Khan\\Koolyeah\\Sem 4\\PAD2\\kantin_dtedi\\vendor\\laravel\\framework\\src\\Illuminate\\Database\\Query\\Builder.php(2914): Illuminate\\Database\\Connection->select('select * from `...', Array, true)
#5 D:\\File Khan\\Koolyeah\\Sem 4\\PAD2\\kantin_dtedi\\vendor\\laravel\\framework\\src\\Illuminate\\Database\\Query\\Builder.php(2902): Illuminate\\Database\\Query\\Builder->runSelect()
#6 D:\\File Khan\\Koolyeah\\Sem 4\\PAD2\\kantin_dtedi\\vendor\\laravel\\framework\\src\\Illuminate\\Database\\Query\\Builder.php(3456): Illuminate\\Database\\Query\\Builder->Illuminate\\Database\\Query\\{closure}()
#7 D:\\File Khan\\Koolyeah\\Sem 4\\PAD2\\kantin_dtedi\\vendor\\laravel\\framework\\src\\Illuminate\\Database\\Query\\Builder.php(2903): Illuminate\\Database\\Query\\Builder->onceWithColumns(Array, Object(Closure))
#8 D:\\File Khan\\Koolyeah\\Sem 4\\PAD2\\kantin_dtedi\\vendor\\laravel\\framework\\src\\Illuminate\\Database\\Eloquent\\Builder.php(739): Illuminate\\Database\\Query\\Builder->get(Array)
#9 D:\\File Khan\\Koolyeah\\Sem 4\\PAD2\\kantin_dtedi\\vendor\\laravel\\framework\\src\\Illuminate\\Database\\Eloquent\\Builder.php(723): Illuminate\\Database\\Eloquent\\Builder->getModels(Array)
#10 D:\\File Khan\\Koolyeah\\Sem 4\\PAD2\\kantin_dtedi\\vendor\\laravel\\framework\\src\\Illuminate\\Database\\Concerns\\BuildsQueries.php(162): Illuminate\\Database\\Eloquent\\Builder->get()
#11 D:\\File Khan\\Koolyeah\\Sem 4\\PAD2\\kantin_dtedi\\vendor\\laravel\\framework\\src\\Illuminate\\Database\\Concerns\\BuildsQueries.php(116): Illuminate\\Database\\Eloquent\\Builder->orderedChunkById(500, Object(Closure), 'suppliers.id', 'id')
#12 D:\\File Khan\\Koolyeah\\Sem 4\\PAD2\\kantin_dtedi\\vendor\\laravel\\scout\\src\\SearchableScope.php(37): Illuminate\\Database\\Eloquent\\Builder->chunkById(500, Object(Closure), 'suppliers.id', 'id')
#13 D:\\File Khan\\Koolyeah\\Sem 4\\PAD2\\kantin_dtedi\\vendor\\laravel\\framework\\src\\Illuminate\\Database\\Eloquent\\Builder.php(1964): Laravel\\Scout\\SearchableScope->Laravel\\Scout\\{closure}(Object(Illuminate\\Database\\Eloquent\\Builder), NULL)
#14 D:\\File Khan\\Koolyeah\\Sem 4\\PAD2\\kantin_dtedi\\vendor\\laravel\\scout\\src\\Searchable.php(151): Illuminate\\Database\\Eloquent\\Builder->__call('searchable', Array)
#15 D:\\File Khan\\Koolyeah\\Sem 4\\PAD2\\kantin_dtedi\\vendor\\laravel\\scout\\src\\Console\\ImportCommand.php(47): App\\Models\\supplier::makeAllSearchable(NULL)
#16 D:\\File Khan\\Koolyeah\\Sem 4\\PAD2\\kantin_dtedi\\vendor\\laravel\\framework\\src\\Illuminate\\Container\\BoundMethod.php(36): Laravel\\Scout\\Console\\ImportCommand->handle(Object(Illuminate\\Events\\Dispatcher))
#17 D:\\File Khan\\Koolyeah\\Sem 4\\PAD2\\kantin_dtedi\\vendor\\laravel\\framework\\src\\Illuminate\\Container\\Util.php(41): Illuminate\\Container\\BoundMethod::Illuminate\\Container\\{closure}()
#18 D:\\File Khan\\Koolyeah\\Sem 4\\PAD2\\kantin_dtedi\\vendor\\laravel\\framework\\src\\Illuminate\\Container\\BoundMethod.php(93): Illuminate\\Container\\Util::unwrapIfClosure(Object(Closure))
#19 D:\\File Khan\\Koolyeah\\Sem 4\\PAD2\\kantin_dtedi\\vendor\\laravel\\framework\\src\\Illuminate\\Container\\BoundMethod.php(37): Illuminate\\Container\\BoundMethod::callBoundMethod(Object(Illuminate\\Foundation\\Application), Array, Object(Closure))
#20 D:\\File Khan\\Koolyeah\\Sem 4\\PAD2\\kantin_dtedi\\vendor\\laravel\\framework\\src\\Illuminate\\Container\\Container.php(662): Illuminate\\Container\\BoundMethod::call(Object(Illuminate\\Foundation\\Application), Array, Array, NULL)
#21 D:\\File Khan\\Koolyeah\\Sem 4\\PAD2\\kantin_dtedi\\vendor\\laravel\\framework\\src\\Illuminate\\Console\\Command.php(211): Illuminate\\Container\\Container->call(Array)
#22 D:\\File Khan\\Koolyeah\\Sem 4\\PAD2\\kantin_dtedi\\vendor\\symfony\\console\\Command\\Command.php(326): Illuminate\\Console\\Command->execute(Object(Symfony\\Component\\Console\\Input\\ArgvInput), Object(Illuminate\\Console\\OutputStyle))
#23 D:\\File Khan\\Koolyeah\\Sem 4\\PAD2\\kantin_dtedi\\vendor\\laravel\\framework\\src\\Illuminate\\Console\\Command.php(181): Symfony\\Component\\Console\\Command\\Command->run(Object(Symfony\\Component\\Console\\Input\\ArgvInput), Object(Illuminate\\Console\\OutputStyle))
#24 D:\\File Khan\\Koolyeah\\Sem 4\\PAD2\\kantin_dtedi\\vendor\\symfony\\console\\Application.php(1096): Illuminate\\Console\\Command->run(Object(Symfony\\Component\\Console\\Input\\ArgvInput), Object(Symfony\\Component\\Console\\Output\\ConsoleOutput))
#25 D:\\File Khan\\Koolyeah\\Sem 4\\PAD2\\kantin_dtedi\\vendor\\symfony\\console\\Application.php(324): Symfony\\Component\\Console\\Application->doRunCommand(Object(Laravel\\Scout\\Console\\ImportCommand), Object(Symfony\\Component\\Console\\Input\\ArgvInput), Object(Symfony\\Component\\Console\\Output\\ConsoleOutput))
#26 D:\\File Khan\\Koolyeah\\Sem 4\\PAD2\\kantin_dtedi\\vendor\\symfony\\console\\Application.php(175): Symfony\\Component\\Console\\Application->doRun(Object(Symfony\\Component\\Console\\Input\\ArgvInput), Object(Symfony\\Component\\Console\\Output\\ConsoleOutput))
#27 D:\\File Khan\\Koolyeah\\Sem 4\\PAD2\\kantin_dtedi\\vendor\\laravel\\framework\\src\\Illuminate\\Foundation\\Console\\Kernel.php(201): Symfony\\Component\\Console\\Application->run(Object(Symfony\\Component\\Console\\Input\\ArgvInput), Object(Symfony\\Component\\Console\\Output\\ConsoleOutput))
#28 D:\\File Khan\\Koolyeah\\Sem 4\\PAD2\\kantin_dtedi\\artisan(37): Illuminate\\Foundation\\Console\\Kernel->handle(Object(Symfony\\Component\\Console\\Input\\ArgvInput), Object(Symfony\\Component\\Console\\Output\\ConsoleOutput))
#29 {main}
"} 
